item_id,src,hypo_A,hypo_B,label
item_0001,"Let us hope, therefore, that the proposals of the Commission will be sufficient to make sure this job will be done effectively.",因此，让我们希望委员会的提案足以确保这项工作得以有效完成。,因此，让我们期待委员会的提案足以确保这项工作能够高效完成。,
item_0002,If you apply for a skilled migrant workers visa and it is accepted do you have to find work in the same sector as your skills on your application or can you take up other work if you can't find something in your own field.,如果你申请技术移民工人签证并获得批准，是否必须在申请中所列技能对应的同一行业找工作，还是在自己的专业领域找不到工作时也可以从事其他工作？,如果您申请的技术移民签证获批，您是必须从事与申请中所填专业技能相关的行业，还是说在找不到对口工作的情况下也可以从事其他工作？,
item_0003,"The term renaissance is in essence a modern one that came into currency in the 19th century, in the work of historians such as Jacob Burckhardt.",“文艺复兴”一词本质上是一个现代术语，它是在19世纪雅各布·布克哈特等历史学家的著作中开始流行起来的。,“文艺复兴”一词本质上是一个现代概念，于19世纪在雅各布·布克哈特等历史学家的著作中才开始流行起来。,
item_0004,"Wires sometimes get crossed. A person tries to call a number, and even though he dials correctly, he gets someone else.",电话线路有时会发生串线。一个人试着拨打某个号码，尽管号码拨得完全正确，却接通了别人。,电话线路有时会串线。有人想拨打某个号码，明明拨对了，却接通了另一个人。,
item_0005,"It mostly has to do with the authorship of the book. Who wrote it, and how it was written.",这主要与这本书的作者身份有关：是谁写的，以及是如何写成的。,这主要与这本书的作者身份有关：是谁写的，以及它是如何写成的。,
item_0006,"For now, analysts are hesitant to write off the service for dead.",目前，分析师们还不愿断定这项服务已经寿终正寝。,眼下，分析人士仍不愿轻易宣告这项服务已寿终正寝。,
item_0007,Should we all get together and make a conference call to Dominion like we did before or should I just call Jeff Davis myself?,我们是应该像以前那样大家聚在一起跟自治领开个电话会议，还是由我直接给杰夫·戴维斯打个电话？,我们要不要像之前那样一起给 Dominion 打电话开个电话会议，还是由我自己直接打给杰夫·戴维斯？,
item_0008,Take a look !!!,快来看看吧！！！,快来看看！！！,
item_0009,We soon get around to contemporary matters.,我们很快就转而谈到当代问题。,我们很快就聊起了当下的事。,
item_0010,"The RSPB’s stance has also brought it into conflict with many leading conservationists, from the author of the petition, Mark Avery, to the TV presenter Chris Packham.",英国皇家鸟类保护协会（RSPB）的这一立场，也使其与从请愿发起人马克·艾弗里到电视主持人克里斯·帕卡姆在内的众多知名自然保护主义者产生了冲突。,英国皇家鸟类保护协会的立场也使其与许多知名自然保护人士产生冲突，从请愿书发起人马克·埃弗里到电视节目主持人克里斯·帕克姆。,
item_0011,The prestigious IAEA (International Atomic Energy Agency) published an early report on Chernobyl which was based on information from Russian sources and stated that there was no significant health effects.,享有盛誉的国际原子能机构（IAEA）曾发布一份关于切尔诺贝利的早期报告，该报告基于俄罗斯方面提供的信息，并称未造成显著的健康影响。,享誉国际的国际原子能机构（IAEA）曾发布过一份关于切尔诺贝利事故的早期报告，该报告基于俄方提供的信息，声称事故并未造成显著的健康影响。,
item_0012,"For example, did you know that George Bush spent considerably more time in uniform than John Kerry?",例如，你知道乔治·布什穿军装服役的时间比约翰·克里长得多吗？,例如，你知道乔治·布什服兵役的时间其实比约翰·克里要长得多吗？,
item_0013,"If you would be so kind, could you possibly let me know of your status over the next couple of days?",如果您方便的话，能否告知我您接下来几天的情况？,如果您方便的话，能否在接下来的几天里告知我您的近况？,
item_0014,"When a chart contains multiple series or category fields, the fields that are closest to the data are referred to as inner fields.",当图表包含多个系列或类别字段时，最接近数据的字段被称为内层字段。,当图表包含多个系列或类别字段时，最接近数据的字段称为内部字段。,
item_0015,A team from the court managed to take his deposition before he died.,法院派出的人员设法在他去世前录取了他的宣誓证言。,法院的一个工作组在他去世前设法获取了他的宣誓证词。,
item_0016,1. I tested it out by making a figure boat,1. 我通过制作一艘模型船测试了它,1. 我做了一艘模型船试了试。,
item_0017,"At times I suspect that the world would be glad to see the last of its Christianity, and that it is the persistency of the Jews that prevents it.",有时我怀疑，这个世界巴不得彻底摆脱它的基督教，而阻止这一点的，正是犹太人的坚韧不息。,有时我怀疑，世人本乐见基督教的消亡，而正是犹太人的执着阻止了这一切。,
item_0018,"Barb does an AMAZING JOB, she is always learning new things on how to use her hands and body, to give every person an AWESOME MASSAGE, CALL TODAY AND SCHEDULE YOU MUST SEE HER, YOU WILL FALL IN LOVE SHE IS THE BEST OF THE BEST !",Barb 的按摩手艺简直太棒了！她一直在不断钻研如何更好地运用双手和肢体力量，只为让每个人都享受到无可挑剔的顶级按摩。今天就打电话预约吧，你一定要亲自来体验一下，绝对会彻底爱上她的服务，她就是业内天花板级别的存在！,Barb 的手法非常出色，她总是在不断学习如何更好地运用双手和身体，为每一位顾客带来极致的按摩体验。今天就打电话预约吧，你一定要亲自体验她的服务，你会爱上她的，她是最棒中的最棒！,
item_0019,"But Cid Hamete, the acknowledged author, never makes an appearance.",然而，公认的作者熙德·哈梅特却始终未曾露面。,但公认的作者西德·哈梅特却从未出场。,
item_0020,"James Eichelberger, a State Department political scientist who had been an account executive for J Walter Thompson, one of the world's largest advertising and public-relations firms, ""was sent to Cairo where he talked with Nasser and his confidants and produced a series of papers identifying the new government's problems and recommending policies to deal with them.""",美国国务院政治学者詹姆斯·艾歇尔伯格曾任全球最大广告与公关公司之一智威汤逊的客户总监，他“被派往开罗，与纳赛尔及其亲信面谈，并撰写了一系列报告，剖析了新政府面临的问题并提出了相应的应对政策”。,詹姆斯·艾克尔伯格是美国国务院的一名政治学专家，曾在全球最大的广告与公共关系公司之一智威汤逊担任客户主管，他“被派往开罗，在那里与纳赛尔及其亲信会谈，并撰写了一系列报告，分析新政府面临的问题，并提出应对这些问题的政策建议。”,
item_0021,"Ever since the first whispers about Google's IPO, most investors have feared that the stock would come public at such a ridiculously high price that, even with a spectacularly profitable business model and some nearly flawless execution, the price would be too high for investors to make a real profit.",自打谷歌首次公开募股（IPO）的传言悄然兴起，大多数投资者就一直心存担忧：其发行价怕是会高得离谱，以至于即便该公司拥有极佳的盈利模式和近乎完美的执行力，股价对投资者而言依然高不可攀，让人难以赚取真正的利润。,自从有关谷歌首次公开募股的消息最初传出以来，多数投资者就一直担心，其股票上市定价会高得离谱，以至于即便拥有极其盈利的商业模式和近乎无懈可击的执行力，股价也会高到让投资者难以获得真正的利润。,
item_0022,So Harry had been brought up by his dead mother's sister and her husband.,因此，哈利是由他已故母亲的姐姐和姨父抚养长大的。,所以哈利是由他已故母亲的姐姐和她丈夫抚养长大的。,
item_0023,"This was the body that Bush proclaimed was bringing ""stability"" to the region in fall of 1999.",这就是布什在1999年秋季声称为该地区带来“稳定”的机构。,这就是布什在1999年秋天宣称正在为该地区带来“稳定”的机构。,
item_0024,"These three little ones don't realize how lucky they are to have such a nice Dad, but I'm sure they'll find out soon.",这三个小家伙还没意识到有这样一位好爸爸是多么幸运，但我相信他们很快就会明白的。,这三个小家伙还没意识到自己有多幸运能有这么一位好爸爸，但我相信他们很快就会明白的。,
item_0025,"Simultaneously, New Delhi would ensure a degree of autonomy for the state that would help cut popular support off from jihadis attempting to convert Kashmir into a second Afghanistan.",与此同时，新德里将确保该邦享有一定程度的自治，从而有助于削弱民众对那些企图把克什米尔变成第二个阿富汗的圣战分子的支持。,与此同时，新德里将确保该邦享有一定程度的自治权，这有助于切断民众对企图将克什米尔变成第二个阿富汗的圣战分子的支持。,
item_0026,"This was generally a grim place, filled with dust and people with nowhere to go, but now, with the rush hour at full force, it had been taken over by men and women with briefcases, books, and newspapers.",这里平时是个阴沉凄凉的地方，尘土弥漫，尽是无处可去的人；但此时正值上下班高峰，这里已被手里拿着公文包、书本和报纸的男女上班族所占领。,这里往常是个阴沉压抑的地方，满是尘土和无处可去的人；但此刻，随着高峰时段汹涌而至，提着公文包、拿着书本和报纸的男男女女已经占据了这里。,
item_0027,Then someone says that it can't be long now before the Russians write Arafat off.,随后有人说道，用不了多久，苏联人就会彻底放弃阿拉法特。,随后有人说，俄国人恐怕用不了多久就会放弃阿拉法特了。,
item_0028,"I was smoking my pipe quietly by my dismantled steamer, and saw them all cutting capers in the light, with their arms lifted high, when the stout man with mustaches came tearing down to the river, a tin pail in his hand, assured me that everybody was 'behaving splendidly, splendidly, dipped about a quart of water and tore back again.",我正守着那艘散了架的汽船，独自静静地抽着烟斗，看着他们一个个在火光中高举双手、手舞足蹈，这时那个留着八字胡的胖子手里拎着个铁皮桶，一路狂奔到河边，向我保证说大家“表现得真是太棒了，太棒了”，接着舀了大约一夸脱的水，又急吼吼地折返了回去。,我正静静地在那艘拆得七零八落的汽船旁抽着烟斗，看见他们一个个在火光中高举双臂、手舞足蹈；这时，那个留着八字胡的胖男人手提一只锡桶，飞也似的奔到河边，向我保证大家都“表现得好极了，好极了”，舀了大约一夸脱水，又飞也似的奔了回去。,
item_0029,The goal is for him to move on with his life and for us to move on as well.,目的是让他继续过自己的生活，也让我们能够继续向前。,我们的目标是让他重新开始自己的生活，而我们也能向前看，过好自己的生活。,
item_0030,"As we have discussed....effective Sep 13th, Anita will make the adjustments to Enron's inventory and pad gas to reflect the February 26th results.",正如我们所讨论的……自9月13日起，Anita将对安然公司的库存和垫底气进行调整，以反映2月26日的结果。,正如我们已讨论的，自9月13日起，Anita将对安然的库存和垫层气进行调整，以反映2月26日的结果。,
item_0031,"Not only did Bush not know who General Pervez Musharraf was, he seems to have confused coup-making with ""taking office,"" and moreover went on to suggest that the overthrow of an elected prime minister and the installation in power of the Pakistan military, then the world's strongest supporter of the Taliban, would bring ""stability!""",布什不仅不知道普尔维兹·穆沙拉夫将军是何许人也，似乎还把政变夺权混同于“执政”，甚至还妄言，推翻民选总理并扶持当时世界上最支持塔利班的巴基斯坦军方上台，竟能带来“稳定”！,布什不仅不知道佩尔韦兹·穆沙拉夫将军是谁，似乎还把发动政变同“上任”混为一谈；更有甚者，他还暗示，推翻一位民选总理，并让当时世界上塔利班最坚定支持者——巴基斯坦军方——掌权，会带来“稳定”！,
item_0032,"But nothing had ever come of it, and he had felt stupid, as though there were a blind spot in the center of his brain.",但一切始终毫无进展，这让他觉得自己愚蠢至极，仿佛大脑正中存在着一片盲区。,可这一切始终毫无结果，他也因此觉得自己愚笨，仿佛大脑正中央有一处盲点。,
item_0033,"Thank you very much, Commissioner.",非常感谢您，专员。,非常感谢您，专员。,
item_0034,But it did not give me the time of day.,但它对我根本不屑一顾。,但它对我根本不屑一顾。,
item_0035,"Well, I've got news for you, boy. I'm locking you up you're never going back to that school. never. and if you try and magic yourself out – they'll expel you!",哼，实话告诉你吧，小子。我要把你锁起来，你休想再回那所学校。门儿都没有。要是你敢用魔法溜出去——他们就会开除你！,哼，告诉你吧，小子。我要把你关起来，你永远也别想再回那所学校，永远别想。要是你敢施魔法逃出去——他们就会开除你！,
item_0036,"An editorial in the church-owned Deseret Morning News in Salt Lake City earlier this year acknowledged that ""the state's history, a conservative belief in free choice, and an unwillingness to stir up a hornet's nest in the national media have likely all contributed to the kid-glove approach lawmakers and law-enforcement officers have taken when dealing with polygamous communities.""",今年早些时候，盐湖城教会旗下的《德撒律晨报》在一篇社论中承认：“该州的历史、保守派对自由选择的信念，以及不愿在全国媒体上捅马蜂窝，可能都促使立法者和执法人员在处理一夫多妻制群体时采取了谨慎温和的做法。”,今年早些时候，盐湖城教会所有的《德瑟雷特晨报》发表社论承认，“该州的历史、对自由选择的保守信念，以及不愿在全国媒体中捅马蜂窝，可能共同导致了立法者和执法人员在对待一夫多妻制社区时所采取的温和态度。”,
item_0037,"She gestured and laughed, but her husband was eager to break in, holding up his hands over the plate balanced on his knees.",她一边比画一边笑着，但她丈夫急着插话，把双手举在搁在膝盖上的盘子上方。,她边比划边笑，而她丈夫急着插话，双手悬空护着平放在膝盖上的盘子。,
item_0038,Read some of the following links and draw your own conclusions.,阅读以下一些链接，并自行得出结论。,阅读以下链接，并得出你自己的结论。,
item_0039,Auster looked the check over carefully and nodded.,奥斯特仔细看了看那张支票，然后点了点头。,奥斯特仔细端详了那张支票，点了点头。,
item_0040,Once we get the word from Lavo we'll let you know.,一旦收到拉沃的消息，我们就会通知你。,一收到 Lavo 的消息，我们就会通知你。,
item_0041,"Then, Ron, you come bounding downstairs going, Mum, look who turned up in the night! and she'll be all pleased to see Harry and no one need ever know we flew the car.",然后，罗恩，你一蹦一跳地跑下楼去，嚷着：“妈妈，瞧瞧谁昨晚来啦！”这样她一见到哈利就会高兴坏了，谁也不会知道我们是开着飞车来的。,然后，罗恩，你就蹦蹦跳跳地跑下楼，说：“妈妈，看谁大半夜来了！”她见到哈利肯定高兴得不得了，也就永远不会有人知道我们是开着车飞来的。,
item_0042,I'm sure this kind of thing goes on all the time.,我敢肯定这种事一直都在发生。,我相信这种事情肯定是屡见不鲜的。,
item_0043,"She gave a small, self-questioning shrug, admitting the glibness of another kind of daily talk in another time.",她微微耸了耸肩，带着几分自我怀疑，承认了昔日另一种日常闲谈的虚浮。,她略带自疑地轻轻耸了耸肩，承认那不过是另一个时代里另一种日常谈吐的轻巧圆滑。,
item_0044,It solaced him to know that he had an alternate plan if things went awry.,想到万一事情出了岔子他还有备用方案，他便感到宽慰。,得知万一事情有失，自己还有备用计划，这让他备感慰藉。,
item_0045,"Mr Weasley took Harry's glasses, gave them a tap of his wand and returned them, good as new.",韦斯莱先生拿过哈利的眼镜，用魔杖轻轻一敲，又还给了他，眼镜已完好如初。,韦斯莱先生拿过哈利的眼镜，用魔杖在上面轻轻一敲，便递还给他，眼镜已经完好如初。,
item_0046,i have a Mature male and female they are together a lot but never laid eggs as far as i know can anyone help me figure out how to make them mate,我有一对已性成熟的公母，它们经常待在一起，但据我所知从未产过卵，有人能帮我想想办法怎么让它们配对繁殖吗？,我有一只成年雄性和一只成年雌性，它们经常待在一起，但据我所知从未产过卵。有人能帮我弄清楚怎样才能让它们交配吗？,
item_0047,"You want to take advantage of the new features not found in ANSI-89 SQL, such as:",如果您希望利用 ANSI-89 SQL 中所没有的新特性，例如：,你希望利用 ANSI-89 SQL 所不具备的新特性，例如：,
item_0048,your male is hurting her to put her in her place - biting her scruff is dominance and biting the belly is a move cats use when hunting - to pull the guts out of their prey.,你的公猫是在通过伤害她来教训她、确立地位——咬后颈是宣示支配地位，而咬肚子则是猫咪在狩猎时用来掏出猎物内脏的招数。,你的公猫是在伤害她，以此让她认清自己的地位——咬她的后颈是一种支配行为，而咬腹部则是猫在捕猎时用来掏出猎物内脏的动作。,
item_0049,The only difference we had was for package V02.,我们唯一的差异在于 V02 包。,我们唯一的不同之处在于V02方案。,
item_0050,http://i.imgur.com/S2MD2.jpg http://i.imgur.com/T2zff.jpg http://i.imgur.com/Xytex.jpg I took some photos of my model girlfriend with my Nikon D7000 (see links above).,http://i.imgur.com/S2MD2.jpg http://i.imgur.com/T2zff.jpg http://i.imgur.com/Xytex.jpg 我用我的尼康 D7000 给身为模特的女友拍了几张照片（见上方链接）。,http://i.imgur.com/S2MD2.jpg http://i.imgur.com/T2zff.jpg http://i.imgur.com/Xytex.jpg 我用我的尼康 D7000 给我的模特女友拍了几张照片（见上方链接）。,
item_0051,"The Herodian relics are all that relics should be columns distorted, well worked over by time, Absalom's tomb with its bulbous roof and odd funnel tapering out of it.",希律王时代的遗迹尽显古迹应有的模样：石柱扭曲变形，饱经岁月磨蚀；押沙龙墓顶浑圆鼓起，还突兀地伸出一个逐渐收尖的奇特漏斗。,希律时期的遗迹尽显遗迹该有的沧桑：圆柱倾斜扭曲，饱经岁月雕琢，押沙龙墓顶着圆鼓鼓的屋顶，上方还伸出一根奇特而渐细的漏斗状尖顶。,
item_0052,"if they bite, and one cries, you must separate them, and you must keep an eye on them.",如果它们互相撕咬且其中一只叫了起来，你必须把它们分开，并且一定要看好它们。,如果它们咬起来，其中一只叫疼了，你就必须把它们分开，并且时刻留意它们。,
item_0053,"Never mind, Mrs. Bray will join you later.",没关系，布雷夫人稍后会和您会合。,没关系，布雷夫人稍后会和你们会合。,
item_0054,I had been telling Shahar when we were walking in the Gai-Hinnom that I hadn't liked it when David Ben-Gurion on his visits to the United States would call upon American Jews to give up their illusions about goyish democracy and emigrate full speed to Israel.,我们走在欣嫩谷时，我曾对沙哈尔说，我一直很反感戴维·本-古里安在访问美国时，号召美国犹太人放弃对非犹太民主的幻想、火速移民以色列。,我们在欣嫩谷散步时，我一直在对沙哈尔说，我不喜欢大卫·本-古里安访美时总是呼吁美国犹太人放弃对外邦人民主的幻想，全速移民以色列。,
item_0055,"There was a vast amount of red – good to see at any time, because one knows that some real work is done in there, a deuce of a lot of blue, a little green, smears of orange, and, on the East Coast, a purple patch, to show where the jolly pioneers of progress drink the jolly lager-beer.",红色大片大片的——无论何时看见都叫人欣慰，因为谁都知道那里头确实有人在干实事；蓝色也多得惊人，绿色只有一点，橙色东一抹西一抹；而在东海岸，还有一块紫斑，标示着那些快活的进步先驱们喝着快活的拉格啤酒的地方。,地图上有着大片的红色——这在任何时候看着都让人赏心悦目，因为人们知道那儿在干着实实在在的工作；还有好大一片蓝色，少许绿色，几抹橙色，以及东海岸上的一块紫色斑块，昭示着那些快活的进步先驱们正在何处畅饮着快活的拉格啤酒。,
item_0056,"If there are 40 salespeople, after the filter is applied, you will see data for 10 people.",如果共有 40 名销售人员，应用筛选器后，您将看到其中 10 人的数据。,如果有 40 名销售人员，应用筛选条件后，您将看到其中 10 人的数据。,
item_0057,"Thank you very much, Commissioner.",非常感谢您，专员。,非常感谢您，专员。,
item_0058,Why not look it up!,何不查一下呢！,何不查一下呢！,
item_0059,The points system acts as a guide to sort out the best candidates.,积分制可作为甄选最佳候选人的参考标准。,积分制起到了导向作用，旨在筛选出最优秀的候选人。,
item_0060,"Based on how CRRA reacts, I would make an ultimate determination if the agreement needs to be attached to the LOI.",视 CRRA 的回应而定，我会最终决定是否需要将该协议作为意向书的附件。,根据CRRA的反应，我将最终决定是否需要将该协议作为意向书（LOI）的附件。,
item_0061,"In general, avoid doing the following to prevent problems caused by mixing queries created under different ANSI SQL query modes:",一般而言，为防止混用在不同 ANSI SQL 查询模式下创建的查询所引发的问题，应避免执行以下操作：,一般情况下，应避免进行以下操作，以防止因混用在不同 ANSI SQL 查询模式下创建的查询而引发问题：,
item_0062,"Failing in Syria, the Americans went to work in Egypt.",在叙利亚受挫后，美国人转而插手埃及事务。,在叙利亚失利后，美国人转而在埃及展开行动。,
item_0063,"Neil Bayley was the one to find this out, because of some domestic mishap or misunderstanding that made his arrival at the visitors' stand very late.",尼尔·贝利是发现这一情况的人，因为家里出了点岔子或闹了点误会，害得他很晚才赶到客队看台。,尼尔·贝利之所以发现这一点，是因为家里出了点小状况或误会，导致他很晚才赶到访客看台。,
item_0064,"Vivien Bayley, queenly at twenty-six, with her beautiful, well-mannered, disciplined face, came to hover beside Bray between responsible permutations about the room to make sure that this young girl was not being bothered too much by the attentions of someone older and rather drunk, or that young man was not being overlooked by the girls who ought to be taking notice of him.",二十六岁的薇薇安·贝利仪态高贵如女王，她那张美丽、得体而内敛的面庞在布雷身旁驻足片刻，随后又尽责地在席间穿梭，以确保没有年轻姑娘因某位年长且醉醺醺的男士的纠缠而局促不安，也没有哪个年轻小伙被本该关注他的姑娘们冷落在一旁。,薇薇安·贝利年方二十六便已雍容如后，生着一张美丽、得体而自持的脸；她在屋里尽责地穿梭周旋、调度往来之余，便会来到布雷身旁稍作停留，好确认这个年轻姑娘没有因某个年长且颇有醉意的人的殷勤而不胜其扰，也确认那个年轻男子没有被那些本该留意他的姑娘们冷落。,
item_0065,"She then blows herself up, killing 20 people, including many children, with heads and arms rolling around in the restaurant.",随后她引爆了身上的炸弹，夺走了包括许多儿童在内的20条生命，餐馆内顿时断肢残头四处滚落。,随后，她引爆身上的炸弹，造成20人死亡，其中包括许多儿童，餐厅里到处是滚落的头颅和断肢。,
item_0066,"But Sharon's iron fist is simply not working as a means of establishing general peace, and the Bush administration will have to finally apply effective pressure on Sharon to stop his outrages in and colonization of the West Bank and Gaza.",然而，沙龙的铁腕政策根本无法实现全面和平，布什政府最终必须向沙龙施加有效压力，迫使其停止在约旦河西岸和加沙地带的暴行及殖民活动。,但沙龙的铁腕政策显然无助于实现全面和平，布什政府终究必须对沙龙施加切实有效的压力，迫使他停止在约旦河西岸和加沙的暴行及殖民扩张。,
item_0067,The fiscal advantages for clean vehicles could then be introduced some two years before the new standards take effect.,这样，清洁车辆的财政优惠措施便可在新标准生效前大约两年出台。,届时，针对清洁车辆的税收优惠政策可在新标准生效前大约两年出台。,
item_0068,"The American firm of Booz, Allen &amp; Hamilton lent one of its specialists, Miles Copeland by name, to the State Department, where he was in 1955 a member of a group called the Middle East Policy Planning Committee, the main purpose of which was, in his own words, ""to work out ways of taking advantage of the friendship which was developing between ourselves and Nasser.""",美国博思艾伦咨询公司将其一位名叫迈尔斯·科普兰的专家借调给美国国务院。1955年，科普兰成为该部“中东政策规划委员会”的成员；用他自己的话来说，该委员会的主要目的就是“想方设法利用我们与纳赛尔之间正在发展的友谊”。,美国博思艾伦·汉密尔顿公司将其一名专家迈尔斯·科普兰借调至国务院；1955年，他在国务院担任一个名为“中东政策规划委员会”的小组成员，该小组的主要目的，用他自己的话说，是“研究如何利用我们与纳赛尔之间正在发展的友谊”。,
item_0069,"The ReportML language is made up of a set of tags that describe a form, report or data access page's properties, events, and attributes.",ReportML 语言由一组描述窗体、报表或数据访问页的属性、事件和特征的标记组成。,ReportML 语言由一组标记构成，用于描述窗体、报表或数据访问页的属性、事件和特性。,
item_0070,They set off together down the street.,他们一起沿着街道走去。,他们一同沿着街道走去。,
item_0071,"""I'm pretty suspicious of making broad generalizations,"" however, he cautioned.",不过，他提醒说：“我对一概而论相当警惕。”,“不过，”他告诫道，“我对笼统的概括持相当怀疑的态度。”,
item_0072,"In 1947 Copeland had been sent to Damascus (""by whom is not stated,"" Kedourie says) ""to make unofficial contact"" with Syrian leaders and ""to probe for means of persuading them, on their own, to liberalize their political system.""",1947年，科普兰被派往大马士革（凯杜里说，“由谁派遣并未说明”），以便与叙利亚领导人“进行非正式接触”，并“探寻劝说他们自行推动政治体制自由化的途径”。,1947年，科普兰被派往大马士革（凯杜里说“未说明是由谁派遣”），以“与叙利亚领导人建立非官方联系”，并“探寻说服他们主动使本国政治体制走向自由化的途径”。,
item_0073,"Also, some serious targets must now finally be set for the car industry.",此外，现在终于必须针对汽车行业制定一些严肃的目标了。,此外，现在终于必须为汽车行业制定一些切实有力的目标了。,
item_0074,"Please, let me know.",请告诉我。,请告诉我。,
item_0075,When are we going to get NetMeeting going ?,我们什么时候才能把 NetMeeting 用起来？,我们什么时候开始用 NetMeeting？,
item_0076,"Roly Dando had promised to drop by, and of course Bray was with him.",罗利·丹多曾答应过会顺路拜访，果不其然，布雷也与他同行。,罗利·丹多先前答应要顺道过来，布雷当然也跟他一起来了。,
item_0077,He had emerged into a dingy alleyway that seemed to be made up entirely of shops devoted to the Dark Arts.,他来到一条昏暗肮脏的小巷，巷子里似乎清一色都是经营黑魔法物品的店铺。,他走入了一条阴暗肮脏的小巷，两旁似乎全都是专门经营黑魔法的店铺。,
item_0078,He let go of the gnome's ankles: it flew twenty feet into the air and landed with a thud in the field over the hedge.,他松开了地精的脚踝：它飞起二十英尺高，越过树篱，砰的一声落在那边的田地里。,他松开那只地精的脚踝：地精嗖地飞上了二十英尺的高空，接着砰的一声，落在了树篱那头的田野里。,
item_0079,"If you carry out the Save As command after making changes to the object's formatting, but before saving your changes, the current formatting – not the saved formatting – will be used to create the page.",如果在更改对象格式后、保存更改之前执行“另存为”命令，则将使用当前格式（而非已保存的格式）来创建页面。,如果您在对对象的格式进行更改之后、但在保存更改之前执行“另存为”命令，则将使用当前的格式（而非已保存的格式）来创建该页面。,
item_0080,"At that moment, there was a diversion in the form of a small, red-headed figure in a long nightdress, who appeared in the kitchen, gave a small squeal, and ran out again.",就在那时，一个穿着长睡衣、红头发的小小身影出现在厨房里，轻轻尖叫了一声，又跑了出去，转移了大家的注意力。,就在那时，出现了一个令人分心的插曲：一个身穿长睡衣、留着红发的小小身影在厨房闪现，发出一声短促的尖叫，随即又跑了出去。,
item_0081,"Warning that the NHS was now under ""enormous pressure,"" he urged the public to take more responsibility for their own health.",他警告称，英国国家医疗服务体系（NHS）如今承受着“巨大压力”，并敦促公众为自身健康承担更多责任。,他警告称英国国家医疗服务体系（NHS）目前正承受着“巨大压力”，并敦促公众对自己的健康承担起更多责任。,
item_0082,Of course law enforcement has dragged it's feet when members are taking part in the activity themselves.,当然，当执法人员自身也参与到这些活动中时，执法部门自然会拖延推诿。,当然，既然执法部门内部人员自己也参与其中，执法部门自然一直拖拖拉拉。,
item_0083,"When you create a Microsoft Access database, you need to decide which query mode you are going to use, because mixing queries created in both query modes could produce runtime errors or unexpected results.",当您创建 Microsoft Access 数据库时，需要决定要使用哪种查询模式，因为混合使用在两种查询模式下创建的查询可能会导致运行时错误或意外结果。,创建 Microsoft Access 数据库时，您需要确定要使用哪种查询模式，因为混用在两种查询模式下创建的查询可能会导致运行时错误或意外结果。,
item_0084,The European Commission maintains that everything depends on supply.,欧盟委员会坚称，一切都取决于供应情况。,欧盟委员会坚持认为，一切都取决于供应。,
item_0085,"It was ok, nice management, they let us check in early, but the place was old.",还算可以，管理服务挺贴心的，还让我们提前办了入住，不过设施确实有些陈旧。,还算可以，管理人员很友善，让我们提前办理了入住，不过房子有些老旧。,
item_0086,I have a concern that the Enron optionality bug could bite us on the backside with that one.,我担心安然的期权性漏洞会在这件事上反噬我们。,我担心安然期权漏洞那个问题可能会让我们在那个项目上搬起石头砸自己的脚。,
item_0087,"The Spanish story will surely end up being extremely costly to other European countries, including France, who is now expelling inciting preachers and forbidding veils and including others who sent troops to Iraq.",西班牙的教训终将让其他欧洲国家付出极其高昂的代价，其中包括正在驱逐煽动性传教士并禁止戴面纱的法国，以及其他曾向伊拉克派遣军队的国家。,西班牙的这场风波最终必将让其他欧洲国家付出极其沉重的代价，其中包括如今正在驱逐煽动性传教士、禁止佩戴面纱的法国，也包括其他曾向伊拉克派兵的国家。,
item_0088,He and his wife took over the Silver Rhino last year.,他和妻子去年接管了“银犀牛”。,他和妻子去年接手了“银犀牛”。,
item_0089,"At last, Auster gave a little shrug, which seemed to acknowledge that they had come to an impasse.",最后，奥斯特轻轻耸了耸肩，仿佛在承认他们已陷入僵局。,最后，奥斯特微微耸了耸肩，似乎承认他们已经陷入了僵局。,
item_0090,"Neil has a meeting in San Antonio (usually it is in Miami, San Francisco, Phoenix - not so great this year).",尼尔要在圣安东尼奥开个会（往年一般是在迈阿密、旧金山或者凤凰城——今年这地方可真不怎么样）。,尼尔要去圣安东尼奥参加一个会议（通常都在迈阿密、旧金山或凤凰城举行——今年的地点不太理想）。,
item_0091,"Do we expect to have ONE EPC contract, or several?",我们预计会签订一份EPC合同，还是多份？,我们预计是采用单一的EPC合同，还是拆分为多个合同？,
item_0092,You should double check with the necessary embassy before you leave though.,不过，出发前您最好还是向相关使领馆再次核实一下。,不过，出发前你还是应该向相关使馆再核实一下。,
item_0093,Fast forward to 2016 and this is increasingly worthy of attention.,时间快进到2016年，这一点愈发值得关注。,时至2016年，这一现象已愈发值得关注。,
item_0094,"We don't have to argue; we can take it that colonialism is indefensible, for us, no?",我们不必争论；我们可以认定，在我们看来，殖民主义是不可辩护的，对吧？,我们无需争论；我们完全可以认为，对我们而言，殖民主义是站不住脚的，难道不是吗？,
item_0095,Otherwise we will find ourselves forced to take more serious decisions as regards our trading relations with Israel.,否则，我们将不得不就与以色列的贸易关系作出更为严肃的决定。,否则，我们将发现自己不得不就与以色列的贸易关系做出更严厉的决定。,
item_0096,"It's the bad parents out there who fuck up their lives and dont seem to understand that once you decide to have kids, it is indeed time to grow up and be a responsible role model for those kids.",那些糟糕的父母把自己的人生搞得一团糟，却似乎不明白，一旦决定要孩子，就真的该成熟起来，成为孩子们负责任的榜样。,世上多的是那些把自己生活搞得一团糟的差劲父母，他们似乎不明白，一旦决定要孩子，就确实该成熟起来，给孩子树立一个负责任的榜样了。,
item_0097,When the healthy treat the sick with scorn and intolerance it brings us all down.,健康者若以轻蔑和不宽容对待病患，受损的是我们所有人。,当健康的人对病患抱以轻蔑与不容，这贬损的是我们所有人的尊严。,
item_0098,"At first, it looked as though Uncle Vernon would manage to gloss the whole thing over (Just our nephew – very disturbed meeting strangers upsets him, so we kept him upstairs)",起初，弗农姨父看上去似乎能设法把整件事掩饰过去（只是我们的外甥——他精神很不稳定，一见陌生人就会受刺激，所以我们才把他留在楼上）,起初，弗农姨父似乎能把整件事掩盖过去（只是我们的侄子——精神有些失常，一见陌生人就烦躁不安，所以我们才把他关在楼上）,
item_0099,"I heard the name of Kurtz pronounced, then the words, 'take advantage of this unfortunate accident.'",我听见有人提到了库尔茨的名字，随后又听到“利用这次不幸的事故”这几个字。,我听到有人提到库尔茨的名字，接着是这几句话：“利用这次不幸的意外。”,
item_0100,"After that, he made a great effort to be calm.",此后，他竭力保持镇定。,在那之后，他极力让自己平静下来。,
item_0101,We are still trying to figure out some of the cash traders.,我们还在设法摸清一些现货交易商的底细。,我们仍在试图摸清一些现货交易员的情况。,
item_0102,"This could well be the day I make the biggest deal of my career, said Uncle Vernon.",“今天很有可能是我职业生涯中做成最大一笔生意的一天，”弗农姨父说。,“今天很可能就是我谈成职业生涯中最大一笔生意的日子，”弗农姨父说。,
item_0103,"You live the moment, without any perspective, but you can not break free of the moment, forget the moment.",你活在当下，没有任何旁观的视角，却无法挣脱当下，忘却当下。,你活在当下，了无期冀，却又无法挣脱当下、忘却当下。,
item_0104,The other three wheeled around.,另外三人转过身来。,其余三人猛地转过身来。,
item_0105,Those worthy fellows who've gone down South to Rhodesia and South Africa where they can feel confident they'll never have a black man on the Bench to give a verdict as biased as a white man's.,那些“正人君子”已经南下去了罗得西亚和南非，在那里他们可以安心相信，法官席上绝不会坐着一个黑人，作出像白人一样偏颇的判决。,那些体面的家伙，大老远跑到南方的罗得西亚和南非，无非是因为在那些地方他们可以确信，绝不会有黑人法官坐在审判席上，做出像白人法官那样充满偏见的判决。,
item_0106,"Unfortunately for them, the general has decided to take seriously Colin Powell's frequent boasts that it was on his nudging that the Indians made conciliatory gestures toward Islamabad.",不幸的是，这位将军决定当真对待科林·鲍威尔经常挂在嘴边的自夸，即正是由于他的敦促，印度方面才向伊斯兰堡做出了和解姿态。,对他们而言不幸的是，这位将军决定当真看待科林·鲍威尔屡次吹嘘的说法：正是在他的敦促下，印度方面才向伊斯兰堡作出了和解姿态。,
item_0107,"Someone said, Watch out for the man from the CIA.",有人说，小心那个来自中情局的人。,有人说，要提防那个来自中央情报局的人。,
item_0108,"Watch out for the bottom stair, it creaks, Harry whispered back, as the twins disappeared onto the dark landing.",“小心最下面那级楼梯，它会吱嘎作响。”哈利低声答道，这时双胞胎已消失在黑暗的楼梯平台上。,“留神最下面那级台阶，会吱呀作响，”哈利压低声音回道，这时双胞胎的身影已消失在黑暗的楼梯平台上。,
item_0109,"While we can't make any promises, we will do our best to bring in at least some of these special guests.",虽然我们无法作出任何承诺，但我们会尽最大努力邀请到其中至少一些特别嘉宾。,虽然我们无法保证，但我们会尽最大努力，争取至少邀请到其中的几位特邀嘉宾。,
item_0110,"lol, last news message came out kinda weird, i was trying to browse the japanese website while i changed the text iwas supposed to put up but i ran out of time so there are no real pictures yet... but i'll add the links soon sry.",哈哈，上一条新闻消息发得有点怪，我当时一边浏览日文网站，一边修改本来要发布的文字，结果时间不够，所以还没放上真正的图片……不过我很快会把链接补上，不好意思。,哈哈，刚才那条新闻发得有点怪，我本来想一边逛着日本官网，一边修改准备上传的文案，结果时间没来得及，所以还没配上实物图……不过我很快就会把链接补上的，不好意思啦。,
item_0111,I give the floor to Mrs Green.,请格林女士发言。,我请格林夫人发言。,
item_0112,"The best option, now, under the present difficult circumstances is for Colombo to do its own dirty work, although New Delhi can always be counted on to render good neighborly help because of the shared belief that religion, ethnicity and language cannot be the basis for secession.",在当前困难形势下，科伦坡眼下的最佳选择是自行处理那些棘手事务；不过，由于双方都认同宗教、族群和语言不能成为分裂独立的依据，新德里始终可以被指望提供睦邻相助。,在当前的艰难处境下，科伦坡最好的选择是自己去解决棘手问题，尽管鉴于双方共同坚信宗教、民族和语言不能成为分裂国家的依据，新德里随时都会提供睦邻友好的协助。,
item_0113,"For some reason, Quinn had not expected this, and it threw him off track.",不知为什么，奎因并没有料到这一点，这让他一下子乱了阵脚。,不知为什么，奎恩完全没有料到这一出，顿时有些乱了方寸。,
item_0114,2 A crosstab query based on the select query,2 基于选择查询的交叉表查询,2 基于选择查询的交叉表查询,
item_0115,"Each time he took a walk, he felt as though he were leaving himself behind, and by giving himself up to the movement of the streets, by reducing himself to a seeing eye, he was able to escape the obligation to think, and this, more than anything else, brought him a measure of peace, a salutatory emptiness within.",每次散步时，他都觉得自己仿佛把自我抛在了身后；他将自己交付给街道的流动，把自己缩减为一只观看的眼睛，从而得以逃避思考的义务，而这一点比任何其他事都更能给他带来几分平静，一种内在的、有益的空寂。,每当他出门散步，都觉得仿佛把自我抛在了身后，而通过将自己交付给街市的流变，将自己简化为一只观察的眼睛，他得以逃避思考的义务，这比其他任何事情都更能带给他一份内心的宁静，一种有益身心的空灵。,
item_0116,"Quinn had his doubts, but this was all he had to go on, his only bridge to the present.",奎因心存疑虑，但这是他唯一能依靠的线索，是他通往当下的唯一桥梁。,奎恩虽有疑虑，但这已是他唯一可依凭的线索，是他通往当下的唯一桥梁。,
item_0117,she will start to calm down and feel safe - you can bet she doesn't now.,她会开始平静下来并感到安全——你可以肯定她现在并没有这种感觉。,她会开始冷静下来并感到安全——你可以肯定，她现在绝没有这种安全感。,
item_0118,"My role with Firefox and the Mozilla project will remain largely unchanged, I will continue doing much the same work as I have described above - with the new goal of successful 1.1, 1.5 and 2.0 releases.",我在 Firefox 和 Mozilla 项目中的职责将基本保持不变，我会继续开展上文所述的大部分工作——新的目标是成功发布 1.1、1.5 和 2.0 版本。,我在Firefox和Mozilla项目中的职责将基本保持不变，我将继续从事上述的大部分工作——而新的目标则是确保1.1、1.5和2.0版本的成功发布。,
item_0119,It is not surprising that Iran is so active in trying to incite a Shiite uprising in Iraq.,伊朗如此积极地试图在伊拉克煽动什叶派起义，这并不令人感到意外。,伊朗如此积极地试图在伊拉克煽动什叶派起义，并不令人意外。,
item_0120,"There was an air of plotting about that station, but nothing came of it, of course.",那座车站里弥漫着一种阴谋酝酿的气氛，不过，当然，最后一切都化为了泡影。,那座车站里透着一股密谋的气息，不过当然，到头来什么也没发生。,
item_0121,"If you have not already made these decisions, Essie's guidance should be helpful.",如果您尚未做出这些决定，埃茜的指导应该会对您有所帮助。,如果你尚未做出这些决定，Essie 的指导应该会有所帮助。,
item_0122,But the harmful psychological effects that abortions have on women are deliberately and constantly concealed.,然而，堕胎对女性造成的有害心理影响却被蓄意且持续地掩盖。,但是，堕胎对女性造成的有害心理影响却被刻意且持续地隐瞒。,
item_0123,Turn up your sound a bit.,请把音量调大一点。,把音量调大一点。,
item_0124,"Celebrities, fans and even CNN reporters are dressing up like ""Stranger Things"" characters this holiday.",在这个假期里，名人、粉丝甚至连CNN记者都纷纷装扮成《怪奇物语》中的角色。,这个假期，名人、粉丝，甚至 CNN 记者都装扮成了《怪奇物语》里的角色。,
item_0125,It is literally monkey see and monkey do with them.,他们简直就是见样学样。,他们简直就是照葫芦画瓢，有样学样。,
item_0126,"Yes, I see what you're getting at.",是的，我明白你的意思了。,是的，我明白你的意思。,
item_0127,"Eventually, a trickle of support appeared for bringing the predator back to its former home range in the northern Rocky Mountains.",最终，支持将这种捕食者重新引回其在落基山脉北部的原有分布区的声音开始零星出现。,最终，对于将这种食肉动物引回其昔日落基山脉北部栖息地的设想，开始出现了一丝支持的声音。,
item_0128,He kept on turning up at my barn and I joked to the guy that clearly he didn't want to be sold.,它老是跑到我的马厩来，我就跟那人开玩笑说，显然它不想被卖掉。,他老是往我的马厩跑，我便跟那人打趣说，这小家伙显然是不想被卖掉。,
item_0129,And this has already drawn protests from the Tamil National Alliance (TNA) which was backed by the LTTE in the April general elections held in Sri Lanka.,而这已经引发了泰米尔全国联盟（TNA）的抗议，该联盟在斯里兰卡4月举行的大选中曾获得泰米尔伊拉姆解放虎组织（LTTE）的支持。,而这已引发泰米尔民族联盟（TNA）的抗议，该联盟在斯里兰卡4月举行的大选中曾获得泰米尔伊拉姆猛虎解放组织（LTTE）的支持。,
item_0130,But I got lucky because I qualified under another category to become a permanent resident.,但我很幸运，因为我符合另一个类别的条件，成功获得了永久居留身份。,但我很幸运，因为我符合另一个类别的资格，得以成为永久居民。,
item_0131,"The urge to protect and gather them all in is almost overwhelming, and makes me more grateful for the blessings I have.",想要庇护并把他们尽数揽入怀中的冲动近乎排山倒海，这也让我愈发感激自己所拥有的恩赐。,想要保护他们、将他们全都揽入怀中的冲动几乎令人难以抗拒，也让我更加感恩自己所拥有的福祉。,
item_0132,"In Iraqi society, PM Allawi is responsible for protecting his clan, including especially his first cousins, so this kidnapping makes him look weak and brings substantial shame on him.",在伊拉克社会中，总理阿拉维有责任保护自己的宗族，尤其是他的堂表亲，因此这次绑架事件让他显得软弱，并给他带来了极大的耻辱。,在伊拉克社会，总理阿拉维有责任保护自己的宗族，尤其是他的堂兄弟和表兄弟，因此这起绑架事件使他显得软弱，并令他蒙受巨大羞辱。,
item_0133,[This killing of a respected cleric will be causing us trouble for years to come.],这位德高望重的神职人员遇害一事，将在未来数年给我们带来麻烦。,杀害这位德高望重的神职人员，将在未来数年里给我们带来无穷的后患。,
item_0134,that deal is making like it wants to close and the traders scheduled a 430 call to wrap it up,那笔交易眼看就要敲定了，交易员们安排了四点半的电话会议来做最后收尾。,那笔交易看起来就快要敲定了，交易员们安排了4点30分的电话会议来收尾。,
item_0135,"Companies may try to set up a firewall between sensitive systems and foreign powers, but it does not always work.",企业可能会试图在敏感系统与境外势力之间筑起防火墙，但这并不总是奏效。,企业或许会试图在敏感系统与外国势力之间筑起一道防火墙，但这并非总能奏效。,
item_0136,"Tracy, Do we have concerns here.",Tracy，我们在这方面有什么顾虑吗？,特蕾西，我们对此有顾虑吗？,
item_0137,"However, if you can wait til 2:00pm to eat, go ahead and grab something and expense it!",不过，如果你能等到下午两点再吃，尽管去随便买点吃的，到时候报销就行！,不过，如果你能等到下午2点再吃饭，就去买点吃的吧，费用可以报销！,
item_0138,I have great sympathy with the view that Community legislation should not be over-prescriptive.,我非常赞同共同体立法不应规定得过于详尽这一观点。,我非常赞同这一观点，即共同体立法不应规定得过细。,
item_0139,"The charter allowed for the creation of a merchants' guild, run by the town's burgesses to tax people passing through the borough.",该特许状准许设立一个商人行会，由镇上的市民管理，负责向途经该自治市的人征税。,该特许状允许设立商人行会，由镇上的自由市民管理，用以对穿行该自治市镇的人员征税。,
item_0140,I won't find out until Monday.,我要到星期一才会知道。,我周一才能知道。,
item_0141,"She was, however, reading a book, a paperback with a lurid cover, and Quinn leaned over ever so slightly to his right to catch a glimpse of the title.",不过，她当时正在读着一本书，那是一本封面设计俗艳的平装书，奎因微微往右侧了侧身，想瞥一眼书名。,不过，她当时正读着一本书，一本封面艳俗刺眼的平装本；奎因便微微向右探过身去，想瞥一眼书名。,
item_0142,Also look up the kingston family.,也查一下金斯顿家族。,顺便也查一下金斯顿家族。,
item_0143,"Finally, we find the third circle of so-called religious, educational and welfare organizations, which actually do some good, feed the hungry and provide some schooling, but brainwash a new generation with hatred, lies and ignorance.",最后，我们发现了第三个圈子，即所谓的宗教、教育和福利机构，它们固然做了一些善事，赈济饥民并提供教育，但实质上却在用仇恨、谎言和愚昧给新一代人洗脑。,最后，我们看到第三个圈层，即所谓的宗教、教育和福利组织；它们确实做了一些善事，救济饥民并提供一定教育，却用仇恨、谎言和愚昧给新一代洗脑。,
item_0144,He made it to Grand Central well in advance.,他提前很久赶到了中央车站。,他提前很久赶到了大中央车站。,
item_0145,The municipality of Jerusalem is planning to build a new road and will tear the Jordanian one up.,耶路撒冷市政府计划修建一条新路，并将拆除约旦方面修建的那条路。,耶路撒冷市政府计划修建一条新路，并将拆毁原有的约旦公路。,
item_0146,"The lighting was not the best, but the pics turned out ok in my opinion.",光线不太理想，但我觉得照片拍出来还不错。,光线虽然不是特别好，但我觉得拍出来的效果还不错。,
item_0147,"also make sure you print this out NOW, so you can get the information off of it, as you will need it.",另外，务必现在就把这份资料打印出来，以便获取其中的信息，因为你之后会用得上。,另外，请务必现在就把这个打印出来，以便获取上面的信息，因为你之后会用到它。,
item_0148,I have a concern that the Enron optionality bug could bite us on the backside with that one.,我担心在那件事上，“安然可选性”漏洞可能会反噬我们。,我担心，安然式的“期权漏洞”可能会在那个项目上让我们自食其果。,
item_0149,"I don't know about this... but the pale Cockney who was teaching him to take over his job said, That's okay, chum, it's our ole friend Mr. Kabata.",这我可说不准……不过，那个脸色苍白、正在教他接手自己差事的伦敦东区人说道：“没事儿，伙计，是咱们的老朋友卡巴塔先生。”,这事我也不好说……但那个正教他接替自己工作的面色苍白的伦敦腔小伙却说：“没事，伙计，这是咱们的老朋友卡巴塔先生。”,
item_0150,I always went my own road and on my own legs where I had a mind to go.,我向来走自己的路，靠自己的双腿，去往我心之所向的地方。,只要想去一个地方，我总是走自己的路，靠自己的双腿前行。,
item_0151,"Nevertheless, as time wore on he found himself doing a good imitation of a man preparing to go out.",然而，随着时间的推移，他发现自己不知不觉中倒真像个正准备出门的人了。,然而，随着时间流逝，他发现自己竟像模像样地做起了出门前的准备。,
item_0152,"I leave it to you as homework to figure out what Spain or France would have done, in such a situation.",至于西班牙或法国在那种情况下会怎么做，我就留作家庭作业，由你们自己去思考了。,至于在这种情况下西班牙或法国会怎么做，就留给你自己当作业去琢磨吧。,
item_0153,"Finally, it is my belief that it is not for us to deal with rate levels.",最后，我认为确定利率水平并不属于我们的职责范围。,最后，我认为，费率水平不是我们应当处理的问题。,
item_0154,"And then, exactly a year ago, Hogwarts had written to Harry, and the whole story had come out.",随后，就在整整一年前，霍格沃茨给哈利寄来了信，整件事的真相也随之水落石出。,接着，就在整整一年前，霍格沃茨给哈利写了信，整个事情的真相这才水落石出。,
item_0155,"So there is no question of closing down, there is a question of the practical discretion of the committee.",因此，不存在关闭的问题，关键在于委员会在实际操作中的酌情决定权。,因此，这根本不是关停的问题，而是委员会在实际操作中如何行使裁量权的问题。,
item_0156,Do you storm a church taken over by terrorists who took the priests hostages?,如果恐怖分子占领了教堂并将神职人员劫持为人质，你会选择强攻吗？,你会强攻一座被恐怖分子占领、且多名神父被劫持为人质的教堂吗？,
item_0157,"How could I work with her to get off her four hand,get balance, and lope smoothly and slowly??",我该如何训练她，让她减轻前肢负重、找到平衡，并平稳且缓慢地慢跑呢？,我该如何训练她摆脱前肢负重、保持平衡，并能平稳而缓慢地慢跑？,
item_0158,"Nevertheless, most European countries still trade with Iran, try to appease it and refuse to read the clear signals.",然而，大多数欧洲国家仍与伊朗保持贸易往来，一味对其绥靖，拒绝看清这些明摆着的信号。,尽管如此，大多数欧洲国家仍与伊朗保持贸易往来，试图安抚它，却拒绝正视那些清晰的信号。,
item_0159,As a child in the 50's I had a lot of glandular problems and they treated it with radiation therapy (primitive at best!) and stopped when a lesion on my neck started enlarging--they said it was not CA but stopped the treatments....,20世纪50年代我还是个孩子时，曾有很多腺体方面的问题，他们用放射治疗来处理（充其量也只是很原始的疗法！）。后来我脖子上的一个病灶开始变大，他们就停止了治疗——他们说那不是癌症，但还是停了治疗……,在上世纪50年代我还是个孩子的时候，我有很多腺体问题，他们用放射疗法（充其量也就是原始水平！）来治疗，直到我颈部的一处病变开始变大时才停下来——他们说那不是癌症，但还是停止了治疗……,
item_0160,"The next morning, Quinn woke up earlier than he had in several weeks.",第二天清晨，奎恩醒得比过去几周都要早。,第二天早上，奎因醒得比过去几周都要早。,
item_0161,"Dando, equally assured, went on talking as if without interruption.",丹多也同样镇定自若，仿佛从未被打断似的继续说了下去。,丹多同样泰然自若，继续往下说，仿佛中间毫无停顿。,
item_0162,The vote will take place tomorrow at 12 noon.,投票将于明天中午12点举行。,投票将于明天中午12点举行。,
item_0163,"Mrs Weasley had shouted herself hoarse before she turned on Harry, who backed away.",韦斯莱夫人喊得声嘶力竭，随后便把矛头指向了哈利，哈利吓得直往后退。,韦斯莱夫人吼得嗓子都哑了，这才转身冲哈利发作，哈利连忙往后退去。,
item_0164,This is one thought-provoking film.,这是一部发人深省的电影。,这是一部发人深省的电影。,
item_0165,The guidelines and exposure proposed by the Commissioner are based on those recently published by the International Convention on Non-Ionising Radiation Protection.,专员提出的指南和暴露限值基于国际非电离辐射防护公约最近发布的相关指南和限值。,专员提出的指南和接触限值是以国际非电离辐射防护委员会最近发布的标准为依据的。,
item_0166,"The interim Governing Council issued a communique saying, ""It is a proof of the emptiness of the Israeli authority and a destruction of the peace endeavors in the region . . .",临时管理委员会发表公报称：“这证明了以色列政权的空洞无物，也是对该地区和平努力的破坏……”,临时执政委员会发表公报称：“这证明以色列当局空洞无物，也是对该地区和平努力的破坏……”,
item_0167,"ever since Harry had come home for the summer holidays, Uncle Vernon had been treating him like a bomb that might go off at any moment, because Harry Potter wasn't a normal boy.",自从哈利回家过暑假以来，弗农姨父就一直把他当成一颗随时可能爆炸的炸弹，因为哈利·波特并不是一个普通的男孩。,自从哈利放暑假回家以来，弗农姨父就一直把他当成随时可能爆炸的炸弹一样对待，因为哈利·波特并不是一个普通的男孩。,
item_0168,Leave me alone. cut it out. I'm trying to sleep.,别烦我。别闹了。我想睡觉。,别烦我，别闹了，我正想睡觉呢。,
item_0169,I specially didn't say anything about the colour because I didn't want to muddle you up.,我特意没提颜色，就是不想把你搞糊涂。,我特意没提颜色，是因为不想把你弄糊涂。,
item_0170,She ruffled her feathers and gave him a look of deep disgust.,她蓬起羽毛，满眼厌恶地瞪了他一眼。,她抖了抖羽毛，嫌恶地白了他一眼。,
item_0171,not to mention the market is going to be flooded with enron folks .,更不用说市场上还会涌入大批安然员工。,更不用说市场上还将充斥着大批来自安然公司的人。,
item_0172,The credit guys are currently assuming that there is no correlation and may consequently be double dipping the credit reserve on this basis too.,信用团队目前假设二者不存在相关性，因此也可能基于这一假设重复计提了信用准备金。,信贷团队目前假设不存在相关性，因此也可能在此基础上重复计提信贷准备金。,
item_0173,Electromagnetic fields and their effect on people are subjects that have come up for debate with increasing frequency in recent years.,近年来，电磁场及其对人体的影响已日益频繁地成为人们争论的话题。,近年来，电磁场及其对人体的影响日益频繁地成为人们争论的话题。,
item_0174,"Actually, I think we are in pretty good shape so I will probably be doing lunch but just don't be too mad if I have to cancel.",其实我觉得我们进展挺顺利的，所以这顿午饭我应该能去，不过万一我临时取消了，你可千万别太生气。,其实我觉得我们目前情况还不错，所以我大概会去吃午饭；不过如果我不得不取消，你可别太生气。,
item_0175,Jared just told me you have a BUNCH of stuff on your plate and I think you are about to get much busier too.,贾里德刚告诉我，你手头已经有一大堆事要忙了，而且我觉得你接下来恐怕会更忙。,杰拉德刚才跟我说你手头的事情已经多得不可开交了，而且我觉得你接下来还会更忙。,
item_0176,But it only came forward after the U.S. Environmental Protection Agency alerted the world to the issue.,但直到美国环境保护署向全球通报这一问题后，它才主动站出来。,但直到美国国家环境保护局向全球发出警示之后，它才站出来承认这一问题。,
item_0177,"As he drank his coffee, buttered his toast, and read through the baseball scores in the paper (the Mets had lost again, two to one, on a ninth inning error), it did not occur to him that he was going to show up for his appointment.",他一边喝着咖啡、给吐司抹黄油，一边翻看报纸上的棒球比分（大都会队又输了，因第九局的一次失误以二比一落败），却压根儿没想到自己会去赴那个约。,他一边喝着咖啡，给吐司抹上黄油，浏览着报纸上的棒球比分（大都会队又输了，二比一，输在第九局的一次失误上），一边压根儿没意识到，自己其实还是会去赴约的。,
item_0178,This simple change has triggered a veritable ecological cascade in Yellowstone.,这一简单的改变在黄石国家公园引发了一场名副其实的生态级联效应。,这一简单的变化在黄石公园引发了一场名副其实的生态级联反应。,
item_0179,"October 19/20, Neil is out of town, so I have to pick Michael up from school (leave at 430)",10月19日和20日，尼尔不在本地，所以我得去学校接迈克尔（下午4:30出发）,10月19日/20日，尼尔出差在外，所以我得去学校接迈克尔（4:30出发）,
item_0180,"He talked to the elderly English princess who sat beside him with her knees peaked neatly together in the Royal position curiously expressive of the suffering of ceremonies, and Bray saw him point out the contingent of Gala women, their faces and breasts whitened for joy, who were lined up among the troops of musicians and dancers from various regions.",他与坐在身旁那位年迈的英国公主交谈，她双膝紧并、微微耸起，摆着端庄的皇室坐姿，奇特地显露出繁文缛节所带来的折磨；布雷看到他指向那一队加拉族妇女，她们为了表达喜悦而将脸庞和胸口涂白，正与来自各地的乐手和舞者队伍一同列队。,他同坐在身旁的那位年迈的英国公主说着话；她双膝端正并拢，微微拱起，摆出王室坐姿，那姿态奇异地流露出繁文缛节所带来的苦楚。布雷看见他指给她看那一队加拉族妇女：她们为庆贺而将脸庞和胸脯涂白，列在来自各地的一队队乐师和舞者之间。,
item_0181,"With an absent smile to Bray across the room, she took up, for a moment, an abandoned beauty.",她隔着房间向布雷心不在焉地微微一笑，转瞬间，又重拾起那份一度被她遗落的优雅美丽。,她心不在焉地向房间那头的布雷微微一笑，有那么一瞬，又拾起了那份早已弃置的美丽。,
item_0182,"See what it is doing now in the Warsaw Pact countries, it is making deals with the Communists.",看看它现在在华约国家的所作所为，它正在与共产党人进行交易。,看看它现在在华约国家干什么，它正在和共产党人做交易。,
item_0183,"My suggestion is to pay close attention to what's going on in the background and if possible, stand on a chair, get on the ground, do whatever you need to do to get rid of distracting elements.",我的建议是密切留意背景中的情况；如有可能，可以站到椅子上、趴到地上，采取一切必要措施，避开那些分散注意力的元素。,我的建议是密切留意背景中发生的一切，如果可能的话，站在椅子上、趴在地上，不惜采取任何手段来排除干扰元素。,
item_0184,"So, one evening, I made a speech in English with gestures, not one of which was lost to the sixty pairs of eyes before me, and the next morning I started the hammock off in front all right.",于是，在一天晚上，我连比带划地用英语作了一番演讲，眼前的六十双眼睛将我的每一个手势都看在眼里；第二天早上，我便顺利地打发吊床队伍先出发了。,于是，有天晚上，我用英语连说带比画地发表了一通演说，每一个手势都没逃过面前那六十双眼睛；第二天早上，我果然顺利地让吊床走在了最前头。,
item_0185,"From this standpoint, the evaluation of the implementation of the budget may take on a dimension that overrides matters of detail.",从这个角度来看，对预算执行情况的评估可能会上升到一个超越具体细节的高度。,从这一角度来看，对预算执行情况的评估可能上升到超越细节问题的层面。,
item_0186,Will we choose to rise about prejudice and intolerance or go down kicking and screaming with holding on to fear and anger?,我们是选择超越偏见与不宽容，还是执意抱守恐惧与愤怒，在挣扎与嘶喊中走向沉沦？,我们是选择超越偏见与不宽容，还是死死抓着恐惧与愤怒不放，在声嘶力竭的挣扎中走向沉沦？,
item_0187,The width of the ruler's unit of measure is based on the regional settings in Microsoft Windows Control Panel.,标尺上度量单位的宽度取决于 Microsoft Windows 控制面板中的区域设置。,标尺的度量单位宽度取决于 Microsoft Windows 控制面板中的区域设置。,
item_0188,"In that case, the matter turns out to be a national problem after all.",如此看来，这件事归根结底还是一个全国性问题。,既然如此，这件事归根结底还是一个全国性的问题。,
item_0189,"It seems clear to me that the manhunt for high Baath officials in the Sunni heartland is being done wrong, or at least in ways that are bad for US standing with local Iraqis.",在我看来，在逊尼派腹地追捕复兴党高层官员的行动显然方式不当，至少其做法不利于美国在当地伊拉克人中的声誉。,在我看来，在逊尼派核心地带搜捕复兴党高官的做法显然不妥，或者至少，其方式损害了美国在当地伊拉克人心目中的形象。,
item_0190,"Not for the first time, an argument had broken out over breakfast at number four, Privet Drive.",女贞路四号的早餐桌上爆发争吵，这已经不是第一次了。,女贞路四号的早餐桌上，已经不是第一次爆发争吵了。,
item_0191,Through you I urge the Commission and the Council to reach decisions and take urgent action following the meeting on 14 October.,我谨通过您敦促委员会和理事会在10月14日会议后作出决定并采取紧急行动。,我谨通过您敦促欧盟委员会和理事会在10月14日的会议后尽快做出决定并采取紧急行动。,
item_0192,"This operation would only consolidate the terrorist acts in the world and would not bring peace to the region,"" the message claimed.",该消息称：“这一行动只会加剧全球的恐怖主义活动，而不会给该地区带来和平。”,该消息声称：“这一行动只会助长全球恐怖主义行径，而不会给该地区带来和平。”,
item_0193,"The overwhelming human and financial impacts of Hurricane Katrina are powerful evidence that political and economic decisions made in the United States and other countries have failed to account for our dependence on a healthy resource base, according to an assessment released today by the Worldwatch Institute.",看守世界研究所今天发布的一份评估报告指出，飓风“卡特里娜”造成的惨重人员伤亡和巨额经济损失是有力证据，表明美国及其他国家所做出的政治和经济决策未能充分考虑到人类对健康资源基础的依赖。,世界观察研究所今天发布的一项评估指出，卡特里娜飓风造成的巨大人员伤亡和经济损失有力地证明，美国和其他国家在制定政治与经济决策时，未能将我们对健康资源基础的依赖纳入考量。,
item_0194,I would be interested in hearing what conclusions you reached and what you found that was most convincing.,我很想听听你们得出了什么结论，以及你们觉得哪些发现最令人信服。,我很想听听你得出了哪些结论，以及你认为哪些论据最有说服力。,
item_0195,Our son Stephen is looking after it tonight.,我们的儿子斯蒂芬今晚在照看它。,今晚由我们的儿子斯蒂芬照看它。,
item_0196,"He was bearing down on Harry like a great bulldog, all his teeth bared.",他像一头巨大的斗牛犬般气势汹汹地逼向哈利，龇着满口牙。,他像一只龇着满嘴利齿的庞大斗牛犬，气势汹汹地直向哈利逼来。,
item_0197,"They'll die off, I suppose.",我想他们会逐渐消亡的。,我想，他们大概都会死光的。,
item_0198,Best to deal with!,最值得打交道的合作伙伴！,合作起来最省心！,
item_0199,"Most of the girls I was meeting had grown up in Mujahedeen schools in Ashraf, where they lived separated from their parents.",我接触到的大多数女孩都是在阿什拉夫的圣战者学校里长大的，她们在那里过着与父母分离的生活。,我遇到的大多数女孩都是在阿什拉夫的穆贾希丁学校长大的，她们在那里与父母分开生活。,
item_0200,So he's got a -- I'm a decision-maker and I can make good decisions.,所以他有一种“我是决策者，我能做出明智决策”的自信。,所以他有一种“我是决策者，而且我能做出明智决定”的心态。,
item_0201,"In Fallujah, hundreds of demonstrators came out against US troops when they briefly arrested a yound newlywed bride.",在费卢杰，美军因短暂拘捕一名年轻的新婚新娘，引发了数百名示威者上街抗议。,在费卢杰，美军短暂拘押一名年轻新娘后，数百名示威者走上街头抗议美军。,
item_0202,And the talk goes on.,而议论仍在继续。,谈话仍在继续。,
item_0203,She started out at the RSC in the mid-Sixties playing an asylum-inmate in Marat/Sade.,她于上世纪六十年代中期在皇家莎士比亚剧团开启职业生涯，在《马拉/萨德》中饰演了一名精神病院患者。,她于20世纪60年代中期在皇家莎士比亚剧团出道，在《马拉/萨德》中饰演一名精神病院病人。,
item_0204,"If Stillman did not show up, Quinn would go straight to 69th Street and confront Virginia Stillman with what he knew.",如果斯蒂尔曼不露面，奎因就径直赶往第69街，拿自己掌握的情况当面质问弗吉尼亚·斯蒂尔曼。,如果斯蒂尔曼没有现身，奎因就会径直前往第69街，用他所掌握的内情去质问弗吉尼亚·斯蒂尔曼。,
item_0205,"Ingenious, really, how many ways Muggles have found of getting along without magic.",说真的，麻瓜们居然能想出这么多不用魔法也能过日子的办法，真是聪明。,真是巧妙啊，麻瓜们竟想出了这么多不靠魔法也能生活下去的办法。,
item_0206,I will take care of it.,我会处理好的。,我会妥善处理的。,
item_0207,So we try it out here.,所以我们在这里试试看。,所以我们在这里试试看。,
item_0208,At the baggage carousel I see my youthful Hasid again and we take a final look at each other.,在行李转盘旁，我又见到了那位年轻的哈西德派犹太人，我们最后对视了一眼。,在行李转盘旁，我又看到了那个年轻的哈西德教徒，我们最后对视了一眼。,
item_0209,That he didn’t show up for duty in Alabama?,他居然没有去阿拉巴马州报到服役？,说他没去阿拉巴马州报到执勤？,
item_0210,"""Further, I find it even more disturbing that he made these comments about a nation that just last year tested nuclear weapons -- shortly after voicing his public opposition to the Comprehensive Test Ban Treaty.",此外，更令我不安的是，他在公开表示反对《全面禁止核试验条约》后不久，竟对一个就在去年进行过核武器试验的国家发表了这些言论。,此外，更让我深感不安的是，他竟然在公开表态反对《全面禁止核试验条约》后不久，就针对一个去年刚刚进行过核试验的国家发表了上述言论。,
item_0211,you should work that out before applying.,你应当在申请前把这个问题弄清楚。,你应该在申请之前弄清楚这一点。,
item_0212,"What if Shinza should make a bit of trouble at the next elections, what if he were to feel himself bloody well discounted as he certainly is, and start up a real opposition with all the tricks that he taught PIP, eh?",要是欣扎在下次选举中惹出点乱子呢？要是他觉得自己被彻底看轻了——事实上也的确如此——于是把当初教给PIP的那套手段全用上，另起炉灶搞出一个真正的反对派呢，嗯？,万一慎座在下次大选中制造点麻烦怎么办？要是他觉得自己被冷落得太特么彻底——而事实也确实如此——进而用他以前教给人民独立党的那套把戏，发起一场真正的对抗，那该如何是好，嗯？,
item_0213,The Coalition decision to provoke a fight with Muqtada al-Sadr's movement only three months before the Coalition Provisional Authority goes out of business has to be seen as a form of gross incompetence in governance.,联军在临时管理当局解散前仅三个月执意挑起与穆克塔达·萨德尔运动的冲突，这无疑是治理上极度无能的表现。,联军在联军临时管理当局结束运作仅三个月前决定挑起与穆克塔达·萨德尔运动的冲突，这必须被视为治理上的严重失职。,
item_0214,Greg Couch will be taking over the responsibility for the estate risk group and will be able to assist you with your requests going forward.,格雷格·考奇（Greg Couch）将接管房地产风险组的职责，并在今后协助处理您的相关需求。,Greg Couch 将接管房地产风险团队的相关职责，并在今后协助您处理各项请求。,
item_0215,For fifteen years the Soviet Union has been supporting the Arabs against Israel in the Middle East and all they have to show for it is the humiliation of their proteges and the capture and destruction of their equipment by Israel.,十五年来，苏联一直在中东支持阿拉伯人对抗以色列，而他们所得到的全部结果，无非是其附庸国蒙受耻辱，以及其装备被以色列缴获和摧毁。,十五年来，苏联一直在中东支持阿拉伯国家对抗以色列，而到头来他们所能拿得出手的，不过是其扶植对象蒙受羞辱，以及其装备被以色列缴获和摧毁。,
item_0216,Each filter you apply is added to the ones you already have in effect.,您应用的每个筛选条件都会叠加到当前已生效的筛选条件上。,您应用的每个筛选条件都会叠加到已生效的筛选条件上。,
item_0217,I don't know where this stands officially (I haven't heard any developments since Amsterdam) but I can find out from Bob Pickle if you want.,我不知道这件事官方目前进展到哪一步了（自阿姆斯特丹之后我就没听说有任何新进展），但如果你想知道，我可以去向鲍勃·皮克尔打听一下。,我不清楚这件事目前在官方层面进展到哪一步了（自阿姆斯特丹之后我还没听说有任何新进展），但如果你愿意，我可以向鲍勃·皮克尔打听一下。,
item_0218,This gives the developer considerable control over the output of the XML data.,这赋予了开发人员对 XML 数据输出的极大控制权。,这使开发人员能够对 XML 数据的输出进行相当程度的控制。,
item_0219,The type of interval you can specify for a field depends on the data type of the field.,可以为字段指定的间隔类型取决于该字段的数据类型。,可为字段指定的间隔类型取决于该字段的数据类型。,
item_0220,That just goes to show the possibilities in our country!,这恰恰证明了我们国家所蕴藏的无限可能！,这恰恰彰显了我们国家的无限可能！,
item_0221,"You see, some snakes for no obvious reason will simply go off their food.",你看，有些蛇不知什么原因，就是会莫名其妙地绝食。,你看，有些蛇就是会无缘无故地突然拒食。,
item_0222,Check out http://www.restaurant.com lots of restaurants you can look at the menu and check out prices.,不妨去 http://www.restaurant.com 看看，那里有许多餐厅，你可以浏览菜单并查询价格。,去 http://www.restaurant.com 看看吧，那里有很多餐厅，你可以查看菜单和价格。,
item_0223,"Have my glass, she said, as there were no spare ones to go round.",“用我的杯子吧，”她说，因为没有多余的杯子可供大家用了。,“用我的杯子吧，”她说道，因为没有多余的杯子可以分给大家了。,
item_0224,go to LA after say 11:00 search the street corners btw keep ur wallet locked up and have $200 on hand have a gun just in case btw,比如晚上11点以后去洛杉矶，到街角找找；顺便说一下，把钱包锁好，身上备着200美元，再带把枪以防万一。,比如11点之后去洛杉矶，搜搜那些街角。顺便说一下，把钱包锁好，身上带上200美元，再带把枪以防万一。,
item_0225,Have a great weekend.,周末愉快！,周末愉快！,
item_0226,I believe that there might be a sign-flipping problem for PUTS that 's causing this whole issue.,我认为 PUTS 可能存在正负号反转的问题，这才导致了整个故障。,我认为 PUTS 可能存在符号反转的问题，而这正是导致整个问题的原因。,
item_0227,"Musharraf held elections in October of 2002, in which center-right parties did well, but in which nearly 20 percent of parliament seats went to the fundamentalist religious party coalition, MMA.",穆沙拉夫于2002年10月举行了选举，中右翼政党表现不俗，但近20%的议会席位落入原教旨主义宗教政党联盟MMA手中。,穆沙拉夫于2002年10月举行了选举，中右翼政党在选举中表现不俗，但也有近20%的议会席位落入了原教旨主义宗教政党联盟“穆塔希达·迈吉利斯·阿迈勒”（MMA）手中。,
item_0228,Will we choose to live in harmony with this planet or crash and burn in a conflagration of arrogance and disregard?,我们是选择与这颗星球和谐共存，还是在傲慢与漠视的滔天烈焰中走向毁灭？,我们会选择与这个星球和谐共生，还是在傲慢与漠视燃起的滔天烈焰中自取灭亡？,
item_0229,"Frustrated, the Americans decided for the best of reasons, as always, to make a heavier move:",受挫之下，美国人一如既往地出于最良善的理由，决定采取更强硬的举措：,在挫败之余，美国人一如既往地出于最冠冕堂皇的理由，决定采取更强硬的行动：,
item_0230,I have not had the patience to get it working-I will callyou some evening and we can walk thru it.,我一直没耐心把它调试好——改天晚上我给你打电话，我们可以一起一步步过一遍。,我实在没耐心去折腾它了——哪天晚上我给你打电话，咱们一起理顺一下。,
item_0231,"Addressing the OAS, Amin had provoked laughter and applause among the delegates by saying that the hostages were as comfortable as they could be in the circumstances surrounded by explosives.",阿明在美洲国家组织发表讲话时说，人质在被爆炸物包围的情况下已经尽可能感到舒适，这番话引得与会代表哄笑并鼓掌。,在向美洲国家组织发表讲话时，阿明称人质在被炸药包围的情况下已经过得尽可能的舒适，这番话引得代表们哄堂大笑并热烈鼓掌。,
item_0232,"He had read Quinn's old work, he had admired it, he had been looking forward to more.",他读过奎因早期的作品，十分钦佩，也一直期待着他能写出更多佳作。,他读过奎因早期的作品，对其赞赏有加，并一直期待能读到更多。,
item_0233,Performance tests will either be performed on a project basis or a unit by unit basis in a given project.,性能测试将以项目为单位进行，或在特定项目中逐单元进行。,性能测试将按项目整体进行，或在特定项目中按单元逐个进行。,
item_0234,"If possible, can you also give an indication of the rank - 1 through 5?",如果可以的话，你也能给出一个1到5的评级吗？,如果方便的话，您能否也标示一下1到5的排名？,
item_0235,I'm still trying to find out what it will take to move gas on and ENA tabs agreement.,我仍在努力了解推进天然气合作并达成ENA框架协议的具体条件。,我还在努力弄清楚，根据 ENA TABS 协议输送天然气需要具备哪些条件。,
item_0236,"We had a great stay, your service was excellent and we will use you again!",我们入住体验非常愉快，你们的服务非常出色，以后还会再次选择你们！,我们住得很愉快，您的服务非常出色，我们一定会再次光顾！,
item_0237,"Many aspects of the transition have already been successfully debated and worked out, for example continuity in Kong's civil service.",过渡安排的许多方面已经过充分讨论并顺利敲定，例如香港公务员队伍的延续性。,这次过渡的许多方面已经成功进行了商讨并得以解决，例如香港公务员队伍的连续性。,
item_0238,"Although some may praise this as an opportunity for the private sector to finally serve the public good, NASA seems hesitant about turning over the reigns to the corporate world.",尽管有些人可能会称赞这是私营部门终于得以服务公共利益的契机，但美国国家航空航天局似乎仍不愿将主导权移交给企业界。,尽管有人或许会赞许这终于给了私营部门一个服务公共利益的契机，但美国国家航空航天局（NASA）似乎对将主导权拱手让给企业界仍显得有些迟疑。,
item_0239,They were set up by the European Union for a specific purpose.,它们是由欧盟为特定目的而设立的。,它们是由欧盟出于特定目的设立的。,
item_0240,"Cheers went up from the people already present who had not been at the ball; they had decided to dress for once, too, and the two groups of women mingled and exclaimed over each other, everyone began to talk about what the ball was like, champagne came in, a Congolese band whipped up their pace, and the absurd and slightly thrilling mood of the State Ball and the cosy gaiety of the party swept together.",那些早已在场、未去参加舞会的人群中爆发出一阵欢呼；他们这次也难得地盛装打扮了一番，两拨女人随即打成一片，互相惊叹赞美，大家纷纷议论起舞会的盛况，香槟鱼贯而入，一支刚果乐队也加快了演奏节奏，国宴舞会那荒诞而又略带刺激的气氛与派对温馨欢快的情调顿时交融在了一起。,那些早已在场、并未去参加舞会的人群中爆发出欢呼；她们也决定难得盛装一回，于是两拨女人混在一起，彼此赞叹惊呼，大家纷纷谈起舞会上的情形；香槟端了上来，一支刚果乐队把节奏越奏越急，国事舞会那荒诞而略带刺激的气氛，便与这场聚会温馨欢快的氛围交融在了一起。,
item_0241,"In any case, since the book is supposed to be real, it follows that the story has to be written by an eyewitness to the events that take place in it.",无论如何，既然这本书被设定为真实存在的，那么书中的故事就理应由亲眼见证其中事件的人来撰写。,无论如何，既然这本书被设定为真实的，那么书中的故事自然必须由事件的亲历者来撰写。,
item_0242,"They are surrounded by a second wider circle of direct supporters, planners, commanders, preachers, all of whom make a living, usually a very comfortable living, by serving as terror infrastructure.",他们周围还有第二层范围更广的直接支持者、策划者、指挥官和宣教者，这些人都通过充当恐怖主义基础设施来谋生，而且通常生活得十分优渥。,在他们外围，环绕着由直接支持者、策划者、指挥官和宣教者构成的更广泛的第二圈群体，这些人皆以充当恐怖活动的基础设施为生，且通常生活得十分优渥。,
item_0243,Heather moving in has been a different story.,希瑟搬进来之后，情况就另当别论了。,海瑟搬进来之后，情况就完全是另一回事了。,
item_0244,He is very knowledgeable and took the time to explain the repairs to me.,他知识非常渊博，还耐心地花时间向我解释了维修的具体情况。,他知识渊博，还特意花时间向我解释了维修情况。,
item_0245,"Drop by my house, I can get you some real cheap.",来我家一趟，我可以给你弄点特别便宜的。,顺道来我家一趟，我能帮你弄到超便宜的。,
item_0246,"However, the filter settings are retained, so that when you turn autofiltering back on, the data that was previously displayed or hidden is again displayed or hidden.",不过，筛选设置会被保留，因此当您重新开启自动筛选时，先前显示或隐藏的数据将再次显示或隐藏。,但是，筛选设置会被保留，因此当您重新启用自动筛选时，之前显示或隐藏的数据会再次显示或隐藏。,
item_0247,"Dark rain in the afternoon in London when the plane took off, at Rome the airport a vast, bleary shopwindow shining blurred colours through rain.",飞机起飞时，伦敦下着午后的阴沉冷雨；抵达罗马时，机场宛如一面巨大而朦胧的橱窗，在雨幕中闪烁着斑驳模糊的色彩。,伦敦午后，飞机起飞时阴雨晦暗；到了罗马，机场宛如一面巨大而迷蒙的橱窗，隔着雨幕透出模糊的色彩。,
item_0248,"Feeling jumpy, Harry set off, trying to hold his glasses on straight and hoping against hope he'd be able to find a way out of there.",心里七上八下的，哈利出发了，他一边努力扶正眼镜，一边抱着一线希望，盼着能找到一条离开那里的出路。,哈利紧张不安地出发了，一边竭力扶正眼镜，一边仍抱着一线渺茫的希望，盼着能找到离开那里的路。,
item_0249,We have never had a problem with the cabins.,我们的舱房从来没有出过问题。,我们的小木屋从来没有出现过任何问题。,
item_0250,Broke out the activities of 1179.,将 1179 的活动单独列出。,细分了第1179号活动的具体内容。,
item_0251,"Hundreds of persons mounted demonstrations against the Fallujah campaign in Tikrit and Huwaijah, as well, according to az-Zaman .",据《扎曼报》报道，数百人也在提克里特和胡韦贾举行示威，抗议费卢杰军事行动。,据《时代报》报道，数百人也在提克里特和胡维杰举行了反对费卢杰战役的示威活动。,
item_0252,We'll hook you guys in by videoconference.,我们会通过视频会议连线你们。,我们会通过视频会议把你们连线进来。,
item_0253,You could tell those fuckers where to get off.,你可以叫那帮混蛋有多远滚多远。,你大可以叫那帮混蛋滚蛋。,
item_0254,I believe that there might be a sign-flipping problem for PUTS that 's causing this whole issue.,我认为看跌期权（PUTS）可能存在正负号反转问题，这正是导致整个问题的根源。,我认为 PUTS 可能存在符号反转问题，而这正是导致整个问题的原因。,
item_0255,"When items in a field are hidden by conditional filtering, a funnel appears to the left of the drop-down arrow Field arrow.",当字段中的项目因条件筛选而被隐藏时，该字段下拉箭头的左侧会出现一个漏斗图标。,当字段中的项因条件筛选而被隐藏时，字段下拉箭头左侧会出现一个漏斗图标。,
item_0256,"He had kept up, since he finally left Africa ten years ago, a close contact with Adamson Mweta and the other leaders of the African independence movement.",自从十年前彻底离开非洲以来，他一直与亚当森·姆韦塔以及非洲独立运动的其他领导人保持着密切联系。,自十年前彻底离开非洲以来，他一直与亚当森·姆韦塔以及非洲独立运动的其他领袖保持着密切的联系。,
item_0257,"Here is a thought: When the appartently cognitively functional take actions that seem senseless and incompetent, it is a most certain sign that they have ulterior or hidden motives.",不妨这样想：当看似心智健全的人做出匪夷所思且笨拙无能的举动时，这无疑是最明确的信号，表明他们另有企图或暗藏动机。,不妨这样想：当那些表面上认知功能正常的人采取看似毫无道理且无能的行动时，这几乎必然表明他们另有目的或隐藏动机。,
item_0258,Set up last month to centralize merchant asset activities.,上月成立，旨在集中管理商户资产活动。,上月设立，旨在集中管理商户资产相关活动。,
item_0259,Using a fairly wide aperture is also helpful in blurring out unwanted background elements.,使用较大的光圈也有助于虚化不需要的背景元素。,使用较宽的光圈也有助于虚化不需要的背景元素。,
item_0260,"As you know, underage wizards are not permitted to perform spells outside school, and further spellwork on your part may lead to expulsion from said school (Decree for the Reasonable Restriction of Underage Sorcery, 1875, Paragraph C).",正如您所知，未成年巫师不得在校外施展魔法，若您再次施法，可能会导致您被该校开除（《对未成年巫术进行合理限制的法令》，1875年，丙款）。,如你所知，未成年巫师不得在校外施展魔法，而你若再施咒，可能会导致被该校开除（《对未成年巫师加以合理限制法令》，1875年，C款）。,
item_0261,"He was about to tell her who he was, but then he realized that it made no difference.",他正想告诉她自己是谁，但随即意识到这已经无关紧要了。,他正要告诉她自己是谁，但随即意识到这已经无关紧要了。,
item_0262,"After you move fields to the drop areas so that the drop area captions are covered up, you can still drag additional fields to the areas.",即使将字段移至拖放区域并覆盖了区域标题，您仍然可以将其他字段拖放到这些区域。,将字段移至拖放区域后，即使拖放区域的标题被遮盖，仍可继续将其他字段拖到这些区域。,
item_0263,"An hour afterwards I came upon the whole concern wrecked in a bush – man, hammock, groans, blankets, horrors.",一个小时后，我撞见那整套家当全毁在了一处灌木丛里——人、吊床、呻吟声、毛毯，惨不忍睹。,一个小时后，我发现那整套家当全栽进了一丛灌木里——人、吊床、呻吟声、毯子，以及种种惨状。,
item_0264,"Arial photos, loose connections to AQ Kahn and Libya make up the evidence that the group presented.",航拍照片以及与阿卜杜勒·卡迪尔·汗和利比亚的松散联系，构成了该组织提供的证据。,该组织提出的证据包括航拍照片，以及与阿卜杜勒·卡迪尔·汗和利比亚之间牵强的联系。,
item_0265,"Pay attention, altough there are automatic storage, you can only pay with coins (they're now installing some where you'll be able to pay with credit card, but it's sporadic now.",请注意，虽然有自动寄存柜，但目前只能用硬币支付（他们正在安装一些可刷信用卡支付的寄存柜，但现在还不普遍）。,请注意，虽然有自动寄存柜，但目前只能用硬币支付（现在正在安装一些支持信用卡支付的柜子，但目前还只是零星分布）。,
item_0266,he tried to keep his eyes open but the whirl of green flames made him feel sick,他竭力睁着眼睛，可绿色火焰的旋涡让他一阵恶心,他竭力睁着双眼，但那旋转不息的绿色火焰却让他阵阵作呕。,
item_0267,I would highly recommend that you read through some reliable bearded guides to make sure you have everything set up correctly:,我强烈建议你通读一些可靠的蓄胡指南，以确保你的各项准备工作都正确无误：,我强烈建议你通读一些可靠的鬃狮蜥饲养指南，以确保各项设置都正确到位：,
item_0268,Thank you for your time and attention.,感谢您的宝贵时间与关注。,感谢您的宝贵时间与关注。,
item_0269,"He's a good chap, if they'll let him alone, he's learnt a lot, and one's done what one could...",他是个挺好的小伙子，只要大家不去打扰他，他也学到了不少东西，而我也算尽了自己的一份力……,他是个好小伙子，只要他们别去烦他；他已经学到了很多，能做的也都尽力做了……,
item_0270,"However, when you apply a filter by selection, the conditional filter already applied on the field is removed before the filter by selection is applied.",然而，当您应用“按选定内容筛选”时，该字段上已应用的条件筛选会在应用“按选定内容筛选”之前被移除。,但是，当您按选择内容应用筛选时，系统会先移除已应用于该字段的条件筛选，然后再应用按选择内容筛选。,
item_0271,Let me know if that doesn't seem possible.,如果觉得不太可行，请随时告诉我。,如果你觉得这不可行，请告诉我。,
item_0272,Can we get together Friday morning July 7 at 800 am at your office?,我们能在7月7日星期五上午8点在您办公室见面吗？,我们能于7月7日星期五早上8:00在您的办公室见个面吗？,
item_0273,"Then he got fever, and had to be carried in a hammock slung under a pole.",随后他发了烧，只得躺在用一根木杆架起的吊床里，由人抬着前行。,后来他发起烧来，只好躺在挂在一根长杆下的吊床里，由人抬着走。,
item_0274,"This is just to let you know that Emma gave birth at week 34 on Friday, 6th July, to our triplets:",只是想告诉你，艾玛已于7月6日星期五在孕34周时生下了我们的三胞胎：,特此告知，艾玛于7月6日星期五（孕第34周）顺利生下了我们的三胞胎：,
item_0275,"If so, you may want to split and cover.",如果是这样，你可能需要分头行动并寻找掩护。,如果是这样，你们最好分头行动，互相掩护。,
item_0276,"Under the mango trees, barbers' mirrors set up a flash in the shade, and live chickens lay in heaps with their legs tied.",芒果树荫下，理发师的镜子反射出点点亮光；成堆的活鸡被绑住双腿，横七竖八地躺在地上。,芒果树下，理发匠支起的镜子在树荫里闪着亮光，活鸡被绑住双腿，一堆堆地躺着。,
item_0277,"It appears this guy is going to bring stability to the country and I think that's good news for the subcontinent.""",看来这家伙将给该国带来稳定，我认为这对整个次大陆来说是个好消息。,看来此人将为这个国家带来稳定，我认为这对整个次大陆来说是个好消息。,
item_0278,i need to hav sm good time spent with my gf..in kerala..in which all places in kerala shal i expect ambience and privacy for making love..pls help .thank you,我想和女朋友在喀拉拉邦共度一段美好时光。请问喀拉拉邦有哪些地方环境舒适、私密性好，适合情侣亲密相处？请帮忙推荐，谢谢。,我想和女朋友在喀拉拉邦度过一段浪漫时光。请问喀拉拉邦有哪些地方既有情调又能保证私密性，适合我们亲密温存？求大家推荐，谢谢。,
item_0279,where did you grow up?,你是在哪里长大的？,你是在哪里长大的？,
item_0280,That I can count on.,这我绝对指望得上。,这一点我可以指望。,
item_0281,"They hit the branches, they thresh the leaves with their sticks, and the fruit rains down.",他们敲击树枝，用棍棒抽打树叶，果实便如雨般纷纷落下。,他们击打树枝，用棍子抽打树叶，果子便如雨点般落下。,
item_0282,"Fill in the subject, this will be the header that everyone sees as they scroll through the list of postings in a particular group, click the post message button.",填写主题，该主题将作为大家在浏览特定群组的帖子列表时看到的标题，然后点击“发布消息”按钮。,填写主题（这将是大家在浏览特定小组的帖子列表时所看到的标题），然后点击“发布帖子”按钮。,
item_0283,The civilians in the Department of Defense only know how to blow things up.,国防部的文职人员只知道怎么把东西炸毁。,国防部的那些文官只知道怎么把东西炸毁。,
item_0284,"A cafeteria lunch in New York actually refers to a meeting in Canada between Churchill and Roosevelt, and a tussle with a drunk in the hallway of a rooming house corresponds to D-Day.",在纽约一家自助餐厅吃午饭，实际上指的是丘吉尔和罗斯福在加拿大的一次会晤；而在寄宿公寓走廊里与醉汉发生的一场扭斗，则对应着诺曼底登陆日。,纽约的一顿食堂午餐实际上指的是丘吉尔与罗斯福在加拿大的会晤，而寄宿公寓走廊里与醉汉的一场扭打则对应着诺曼底登陆日。,
item_0285,I wish it was. But this has nothing to do with literature.,我也希望如此，但这与文学毫无关系。,我倒希望如此。但这与文学无关。,
item_0286,"If you got the chance today, I should be really grateful if one of you could give me a call to discuss this issue; I think we should set out DPC's position clearly on this in correspondence without too much delay.",如果你们今天有空，我将非常感谢你们中的一位能给我打个电话，讨论一下这个问题；我认为我们应尽快在往来函件中明确阐述DPC对此事的立场。,如果大家今天方便的话，若能有人给我打个电话讨论一下这个问题，我将不胜感激；我认为我们应该毫不拖延地在往来信函中明确阐明DPC对此事的立场。,
item_0287,"If you don't want to retain your filter selections, make sure the AutoFilter button is not selected before you start selecting items to filter.",如果您不想保留所选的筛选条件，请在开始选择筛选项之前，确保未选中“自动筛选”按钮。,如果不想保留筛选条件，请在开始选择要筛选的项目之前，确保未选中“自动筛选”按钮。,
item_0288,not sure how much longer ene is going to be around and i'm checking out my options!,不确定 ene 还能撑多久，我正在给自己留退路呢！,不确定 ene 还能撑多久，所以我正在看看还有哪些选择！,
item_0289,"Well, the job is done, one asks nothing more but to fold one's tents.",罢，大功既成，夫复何求，唯有安然退隐。,好了，差事已了，别无他求，只待拔营离去。,
item_0290,"Then, in 1973, as Bush made plans to leave the Guard and go to Harvard Business School, he again started showing up frequently.",随后，1973年，当布什计划离开国民警卫队、前往哈佛商学院就读时，他又开始频繁现身。,随后，在1973年，就在布什计划离开国民警卫队前往哈佛商学院之际，他再次开始频繁露面。,
item_0291,"Its understandable recoil from wars, following the horrors of World War II, may cost thousands of additional innocent lives, before the tide will turn.""",在第二次世界大战的惨痛经历之后，它对战争的畏避情有可原，但这可能会在局势扭转之前，再夺去数千名无辜者的生命。,在历经二战的惨烈之后，它对战争所产生的这种可以理解的畏惧与退缩，恐怕要在局势扭转之前，以成千上万无辜生命的额外消逝为代价。,
item_0292,"Put on a pair of spurs and before she makes that trot step, it's in the feeling when you feel her think trot, tick her with the spur and lift with your body to keep her moving.",戴上一副马刺，在她迈出小跑步之前，凭感觉把握时机；当你察觉她有要小跑的念头时，用马刺轻点她，同时用身体向上带动，保持她继续前进。,戴上马刺，在她还没迈出小跑步伐之前，凭感觉——当你察觉到她有想小跑的念头时，就用马刺轻触她，并用身体向上带，以保持她继续前进。,
item_0293,"It pleased him to watch it leave his mouth in gusts, disperse, and take on new definition as the light caught it.",他看着它一股股从嘴里逸出、散开，又在光线映照下呈现出新的轮廓，心里很是愉悦。,看着它从口中一缕缕呼出、散开，又在光影的折射下显现出清晰而崭新的轮廓，这让他满心欢喜。,
item_0294,If this is the case I would like someone to walk me through June to see if the numbers did really work themselves out as there was a large swing in second order on June 29 that was not adjusted for.,如果情况属实，我希望有人能带我逐项核对6月份的数据，确认这些数字是否确实已经自行平衡，因为6月29日二级订单出现了大幅波动，而该波动并未进行调整。,如果是这样的话，我希望有人能带我过一下六月份的数据，看看这些数字最终是否真的对得上，因为6月29日的二阶订单出现了一次未作调整的大幅波动。,
item_0295,We've moved on.,我们已经翻篇了。,我们已经释怀了。,
item_0296,They have to make a stronger commitment to rail.,他们必须对铁路做出更强有力的承诺。,他们必须加大对铁路的投入力度。,
item_0297,Subforms and subreports on a form or report are not converted when you carry out the Save As command.,执行“另存为”命令时，窗体或报表上的子窗体和子报表不会随之进行转换。,对窗体或报表执行“另存为”命令时，其中的子窗体和子报表不会被转换。,
item_0298,A team of San Diego's best anti-trust and class action attorneys has been assembled to take on the electric generators and marketers in California state court in an effort to return the electricity overcharges that have battered San Diego and the rest of California this year.,一支由圣地亚哥最顶尖的反垄断和集体诉讼律师组成的团队已经集结完毕，将在加州州法院对发电商和电力销售商提起诉讼，旨在追回今年令圣地亚哥及加州其他地区饱受摧残的超收电费。,一支由圣迭戈顶尖反垄断和集体诉讼律师组成的团队已经集结，准备在加利福尼亚州法院起诉发电商和电力营销商，力争追回今年重创圣迭戈及加州其他地区的电费超收款。,
item_0299,The fact that my name has been mixed up in this.,我的名字居然也被牵扯进这件事里。,我的名字竟然被牵扯进了这件事。,
item_0300,"If the button is not selected, selecting new items to filter automatically turns filtering on and removes your former filter settings.",若未选中该按钮，选择新的筛选项将自动启用筛选并清除之前的筛选设置。,如果未选中该按钮，选择新的筛选项会自动开启筛选并清除之前的筛选设置。,
item_0301,"White men with long staves in their hands appeared languidly from amongst the buildings, strolling up to take a look at me, and then retired out of sight somewhere.",几个手持长杖的白人神情懒散地从建筑群中踱步而出，走上前打量了我一番，随后便又退回某处，消失了身影。,几个手持长杖的白人懒洋洋地从建筑群间现身，踱步上前打量了我一番，随后又退到某处不见了踪影。,
item_0302,You can apply a filter to a row or column field to show the top or bottom n items based on a total.,您可以对行字段或列字段应用筛选器，以根据总计值显示前 n 项或后 n 项。,您可以对行或列字段应用筛选，以根据总计显示前 n 个或后 n 个项目。,
item_0303,"It's not quite as freewheeling an environment as you'd imagine: Sergey Brin has actually created a mathematical 'proof' that the company's self-driven research strategy, which gives employees one day a week to do research projects on their own, is a good, respectable idea .",这里的环境其实并不像你想象的那么无拘无束：谢尔盖·布林实际上已经用数学方法“证明”了，公司允许员工每周抽一天时间自主开展研究项目的“自驱式研究策略”，是一个既行之有效又值得推崇的好点子。,这里的环境并不像你想象的那样自由散漫：谢尔盖·布林实际上还提出了一个数学“证明”，用以说明公司这种让员工每周有一天时间自主开展研究项目的自驱式研究策略，是一个良好且值得推崇的理念。,
item_0304,"The President will be expecting me to have come for you with the Mercedes, but, honestly, if I'd have waited to get it I would have turned up I don't know when.",总统本以为我会开着奔驰来接你，但说实话，如果我当时非要等那辆车，真不知道得拖到什么时候才能到。,总统肯定以为我是开那辆奔驰来接你的，可说实话，我要是真等着去把车取来，还不知道什么时候才能赶到呢。,
item_0305,"I went to work the next day, turning, so to speak, my back on that station.",第二天，我去上班了，可以说，彻底把那个车站抛在了脑后。,第二天我去上班了，可以说，从此把那个车站抛在了身后。,
item_0306,"The premise with which the administartion is acting is that if they expeditiously suspend everyone's right to bilateral contracts quickly, it sets up a barrier which the direct access coalition must break through.",该政府采取行动的前提是，如果他们迅速暂停所有人签署双边合同的权利，就会设下一道直接准入联盟必须突破的障碍。,行政当局采取行动的前提是：如果他们迅速暂停所有人签订双边合同的权利，就会设下一道直接准入联盟必须突破的障碍。,
item_0307,"give them time to set up their territories, and once you bring the new kitten out, pay a lot of attention to the male.",先给它们时间建立各自的领地，一旦你把新小猫带出来，就要多给那只公猫一些关注。,给它们一些时间建立各自的地盘，等你把新来的小猫带出来后，要多关注那只公猫。,
item_0308,"In spite of his inane malapropisms, he can talk circles around everyone else in the book.",尽管他经常犯些愚蠢的张冠李戴的用词错误，但他极具雄辩之才，能把书中其他所有人说得甘拜下风。,尽管他总是荒唐地用错词，却能凭三寸不烂之舌把书中其他人都说得团团转。,
item_0309,Each category consists of one point from each data series.,每个类别均由来自每个数据系列的一个数据点组成。,每个类别由每个数据系列中的一个数据点组成。,
item_0310,(Only recently have a few experienced State Department Arabists been allowed in to try to begin mopping up the mess.),（直到最近，几位经验丰富的国务院阿拉伯问题专家才获准进入，试图开始收拾这个烂摊子。）,（直到最近，才有几位经验丰富的国务院阿拉伯事务专家获准介入，试图开始收拾这个烂摊子。）,
item_0311,"But within a few short months, the village people began to notice their wells were running dry, so they complained to the corporation.",然而，短短几个月内，村民们就开始发现自家的水井逐渐干涸，于是向那家公司投诉。,但在短短几个月内，村民们开始注意到自家的水井正在干涸，于是他们向该公司提出了投诉。,
item_0312,"When the Americans swept in with their Search and Destroy operations the Communists quickly leaned they could not stand up to the US firepower, and these regular troops were forced to flee the country and take sanctuary across the borders in Laos and Cambodia.",当美军以“搜索与歼灭”行动席卷而来时，共军很快意识到自己根本无法抵挡美军的强大火力，这些正规军被迫逃出国境，躲入邻国老挝和柬埔寨境内寻求庇护。,当美军以“搜索与歼灭”行动席卷而来时，共产党武装很快明白自己无法抵挡美国的强大火力，这些正规部队被迫逃离本国，越过边境到老挝和柬埔寨寻求庇护。,
item_0313,ok well i have a crush on 2 guys but unforchunitly it is almost valentines day afnd i just broke up with my and i have dated one of theguys i like and one guy lives in my naborhood guy i need your help i am a girl but i need a guys help what shoul i do?,好吧，我同时暗恋两个男生，但倒霉的是，情人节马上就到了，而且我刚分手。我以前和其中一个男生谈过，另一个男生则住在我家附近。大家帮帮我吧，我是个女生，但我现在需要男生的建议，我该怎么办才好？,好吧，我喜欢上了两个男生，可偏偏情人节快到了，而且我刚和男朋友分手。我喜欢的其中一个男生以前和我交往过，另一个住在我家附近。各位男生，我需要你们帮忙——我是女生，但想听听男生的意见，我该怎么办？,
item_0314,"Bush was only able to give a partial response to the query on the leader of Taiwan, referring to Taiwanese President Lee Teng-hui simply as ""Lee.""",布什对有关台湾领导人的问题只能作出部分回答，只是将台湾总统李登辉简单称为“李”。,对于关于台湾领导人的提问，布什只能做出部分回答，仅将台湾总统李登辉简称为“李”。,
item_0315,"Stillman's train was not due to arrive until six-forty-one, but Quinn wanted time to study the geography of the place, to make sure that Stillman would not be able to slip away from him.",斯蒂尔曼的火车要到六点四十一分才到，但昆想留出时间研究一下这里的地形，以确保斯蒂尔曼无法从他眼皮底下溜走。,斯蒂尔曼的火车要到六点四十一分才到站，但奎因想留出时间研究一下那里的地形，以确保斯蒂尔曼无法从他眼皮底下溜走。,
item_0316,Afterwards I took it back when it was borne in upon me startlingly with what extreme nicety he had estimated the time requisite for the 'affair.',后来，当我惊觉他竟把那桩“事情”所需的时间估算得如此精确时，我便收回了原先的看法。,事后，当我惊觉他对那桩“差事”所需时间的估算竟是如此分毫不差时，我便收回了那句话。,
item_0317,"The Kashmir issue generates far more terrorism, and even the threat of nuclear war, than Iraq ever did.",克什米尔问题所引发的恐怖主义，乃至核战争威胁，都远比伊拉克问题曾经引发的要多。,克什米尔问题滋生的恐怖主义远远超过伊拉克曾造成的程度，甚至还带来了核战争的威胁。,
item_0318,"With the demand so high, the question arises on to who should be or has the right to be the Santa of nuclear weapons.",面对如此高涨的需求，一个问题随之而来：究竟谁应该、或是有权扮演核武器的“圣诞老人”。,在需求如此旺盛的情况下，一个问题随之浮现：谁应该成为，或者说谁有权成为核武器的“圣诞老人”？,
item_0319,"Do you return fire, if you are attacked from a hospital?",如果有人从医院向你们开火，你们会还击吗？,如果你遭到来自医院方向的攻击，你会还击吗？,
item_0320,How to avoid problems caused by mixing queries under different ANSI SQL query modes in the same database,如何避免在同一数据库中混用不同 ANSI SQL 查询模式下的查询所导致的问题,如何避免在同一数据库中混用不同 ANSI SQL 查询模式所导致的问题,
item_0321,"The owner/baker, ""Pie Guy"" is a hoot to deal with as well.",老板兼烘焙师“派哥”也特别风趣，跟他打交道很有意思。,店主兼烘焙师“派哥”人也特别逗，跟他打交道太有意思了。,
item_0322,Now Iran wants to turn the tables and is inviting cartoonists to do their best by depicting the Holocaust.,现在，伊朗企图反客为主，正邀请漫画家们各展所长，用画笔来描绘犹太人大屠杀。,如今，伊朗想要反客为主，邀请漫画家们以犹太人大屠杀为题材大显身手。,
item_0323,"Although the announcement was probably made to show progress in identifying and breaking up terror cells, I don't find the news that the Baathists continue to penetrate the Iraqi government very hopeful.",尽管发布这一公告很可能是为了展示在识别和瓦解恐怖分子网络方面取得的进展，但听到复兴党人持续渗透伊拉克政府的消息，我依然感到难言乐观。,尽管这项公告很可能是为了展示在识别并瓦解恐怖组织方面取得的进展，但复兴党人仍在持续渗透伊拉克政府的消息并不令人乐观。,
item_0324,Someone in the CPA sat down and thought up ways to stir them up by closing their newspaper and issuing 28 arrest warrants and taking in people like Yaqubi.,临时管理当局里有人坐下来琢磨出各种办法来激怒他们，比如关闭他们的报纸、签发28份逮捕令，以及抓捕像雅库比这样的人。,联盟临时管理当局里有人坐下来一琢磨，想出了些点子来激怒他们，比如关闭他们的报纸、签发28张逮捕令，以及抓捕雅库比这样的人。,
item_0325,"During this search, Michele Tollis became convinced that satanism had something to do with his son's disappearance.",在这次搜寻过程中，米歇尔·托利斯开始深信，撒旦教与他儿子的失踪有关。,在这次搜寻过程中，米凯莱·托利斯逐渐确信，儿子的失踪与撒旦教有关。,
item_0326,Just so you could carry on tinkering with all that Muggle rubbish in your shed!,就为了你能继续在你的棚子里瞎捣鼓那些麻瓜破烂！,还不就是为了让你能继续在你那间棚屋里捣鼓那些麻瓜破烂！,
item_0327,"Reading The Sound and the Fury last night, I came upon words in Compson's thought that belonged to E E Cummings and the thirties, not to the year 1910.",昨晚读《喧哗与骚动》时，我在康普森的思绪中发现了一些词语，它们属于E.E.卡明斯和三十年代，而不属于1910年。,昨晚读《喧哗与骚动》时，我偶然读到康普森心头闪过的几句话，它们属于E·E·肯明斯和三十年代，而非1910年。,
item_0328,The vote will be taken at 12.00 noon tomorrow.,表决将于明天中午12点进行。,表决将于明天中午12点进行。,
item_0329,"I hope she will take note of this, because it is an important point.",我希望她能注意到这一点，因为这是很重要的一点。,我希望她能注意到这一点，因为这是一个关键点。,
item_0330,"A bird cried out on the roof, and he woke up.",屋顶上传来一声鸟啼，将他唤醒。,屋顶上有只鸟叫了一声，把他吵醒了。,
item_0331,"changing its surroundings too often will stress it out and it will get depressed, mean, sick, or will not want to be around you.",频繁改变生活环境会给它带来压力，导致它变得抑郁、脾气暴躁、生病，甚至不再愿意亲近你。,过于频繁地改变它的生活环境会让它感到压力，进而变得抑郁、暴躁、生病，或不愿意亲近你。,
item_0332,It is trying to play ice hockey by sending a ballerina ice-skater into the ring or to knock out a heavyweight boxer by a chess player.,这无异于派一名芭蕾花样滑冰运动员去打冰球，或者让一名棋手去击倒重量级拳击手。,这无异于派芭蕾舞花样滑冰手去打冰球，或是指望国际象棋选手去击倒重量级拳击手。,
item_0333,We should be expecting a deposition notice soon if they are going to follow through on their threat.,如果他们打算兑现威胁，我们应该很快就会收到庭外取证通知。,如果他们真的要兑现威胁，我们应该很快就会收到取证通知书。,
item_0334,"I have a friend that has to get rid of one of her cats because of allergies, he is the youngest at 3 years old black, long hair, incredibly friendly.",我有个朋友因为过敏不得不送走她养的一只猫，它是最年轻的一只，才3岁，黑色长毛，性格特别亲人。,我有个朋友因为过敏不得不把她的一只猫送走，这只猫是家里最小的，3岁，黑色长毛，特别亲人。,
item_0335,Can a policeman open fire on someone trying to kill him?,警察在面对企图杀害自己的人时，可以开枪自卫吗？,警察能否向企图杀害他的人开枪？,
item_0336,"Compositionally, this one is not my favorite, I would suggest trying a different crop because I dont think cutting her off at the calf looks great.",从构图上来说，这一张并不是我的最爱，我建议尝试一下不同的裁剪，因为我觉得从小腿处把她截断看起来不太好看。,从构图上看，这张并不是我最喜欢的；我建议尝试另一种裁切方式，因为我觉得在小腿处截断人物不太好看。,
item_0337,"Harry told them all about Dobby, the warning he'd given Harry and the fiasco of the violet pudding.",哈利把关于多比的事、多比给他的警告，以及那场紫罗兰布丁带来的大乱子，一五一十地都告诉了他们。,哈利把多比的事、他给哈利的警告，以及那场紫罗兰布丁闹剧，全都告诉了他们。,
item_0338,"That is, a user with an appropriate license can make changes to data in a spreadsheet, change formatting, drag fields in a chart or PivotTable List, and so on, as long as you didn't protect these options at design time.",也就是说，只要您在设计时没有保护这些选项，拥有相应许可证的用户就可以修改电子表格中的数据、更改格式、在图表或数据透视表列表中拖动字段，等等。,也就是说，只要您在设计时未对这些选项进行保护，拥有相应许可的用户就可以修改电子表格中的数据、更改格式、在图表或数据透视表列表中拖动字段等。,
item_0339,The default view – the view in which the object is open when you carry out the Save As command – determines the design of the data access page.,默认视图（即执行“另存为”命令时对象处于打开状态的视图）决定了数据访问页的设计。,默认视图（即执行“另存为”命令时该对象所处的视图）决定了数据访问页的设计。,
item_0340,"I just got of the phone with Hai and he told me how to make an adjustment on a day to day basis in regards to incorrect liquidations but he also explained this is just to make the daily P&L #'s right, if nothing were done the month end P&L would still somehow work out because adjustments would be made.",我刚和阿海通完电话，他告诉我如何针对清算错误进行日常调整，但他同时也解释说，这只是为了确保每日损益数据的准确，即使不作处理，由于后续会进行调整，月底的损益最终也还是能对得上。,我刚和 Hai 通完电话，他告诉我如何针对错误的清算逐日进行调整，但他也解释说，这样做只是为了确保每日损益数据正确；即使什么都不做，月末损益最终也会因为会进行相应调整而对得上。,
item_0341,Here's a tip: Don't get married in countries that house illegal militias that attack other countries and hence are likely to come under counter-attack!,给你个忠告：千万别在那些庇护非法民兵袭击他国、从而极易招致反击的国家结婚！,给你提个醒：不要在那些窝藏会袭击他国的非法民兵武装、因此很可能遭到反击的国家结婚！,
item_0342,"KSM explained that Moussaoui's inquiries about crop dusters may have been related to the anthrax work being done by US-trained biochemist and Al Qaeda operative, Malaysian Yazid Sufaat.",哈立德·谢赫·穆罕默德（KSM）解释说，穆萨维对农用喷洒飞机的咨询，可能与曾在美接受培训的生物化学家兼“基地”组织成员、马来西亚人亚兹德·苏法特所从事的炭疽研究工作有关。,KSM解释说，穆萨维对农用喷洒飞机的询问，可能与受过美国培训的生物化学家兼“基地”组织特工、马来西亚人亚齐德·苏法特正在进行的炭疽研究有关。,
item_0343,My life is too complicated right now trying to do my job.,光是应付工作，我目前的生活就已经够手忙脚乱的了。,我现在光是努力把工作做好，生活就已经够复杂了。,
item_0344,What matters is that the terrorists believe that they caused the result and that they won by driving Spain out of Iraq.,关键在于，恐怖分子坚信是他们制造了这一结果，并因将西班牙驱逐出伊拉克而赢得了胜利。,关键在于，恐怖分子相信是他们造成了这一结果，并认为他们通过迫使西班牙撤出伊拉克赢得了胜利。,
item_0345,The problems caused by the absence of transparency are particularly severe.,缺乏透明度所带来的问题尤为严重。,缺乏透明度所导致的问题尤为严重。,
item_0346,He made a resigned grimace assuming understanding... My wife and I decided we couldn't stick it any longer.,他无奈地撇了撇嘴，表示心领神会……我和妻子决定，我们再也无法忍受下去了。,他露出一副无奈认命的苦笑，像是表示理解……我和妻子决定再也撑不下去了。,
item_0347,"However, Johnson would not let the military cross the borders and clean out the Communist bases.",然而，约翰逊不允许军队越过边境，清剿共产党基地。,然而，约翰逊不允许军队越境去清除共产主义基地。,
item_0348,"Ok, I know that Mcdonald's has Monopoly going on right now.",好吧，我知道麦当劳现在正在进行大富翁促销活动。,好的，我知道麦当劳现在正在举办大富翁活动。,
item_0349,[Am at a conference and can't blog much right now but will try to catch up the next couple of days.],我正在参加会议，现在没法多写博客，但接下来几天会尽量补上。,[目前正在参加会议，暂时无法更新太多博客，这几天我会争取补上。],
item_0350,"""paulhastings.com"" made the following annotations on 04/25/01 12:42:55",“paulhastings.com”于 2001年4月25日 12:42:55 进行了以下注释,“paulhastings.com”于2001年4月25日12:42:55作出以下注释,
item_0351,Accurate check-out.,准确结账。,结账准确无误。,
item_0352,"In ’72 or ’73, if you were a pilot, active or Guard, and you had an obligation and wanted to get out, no problem.",在1972或1973年，如果你是一名飞行员，不论是现役还是国民警卫队，只要想退役，即使身上有服役义务，也完全没问题。,在1972年或1973年，如果你是飞行员，无论是现役还是国民警卫队的，就算还有服役义务，只要想退役，也没问题。,
item_0353,"If you want to make changes to the design of the resulting page, you can open the page in Design view and make any changes you want.",如果您想修改生成页面的设计，可以在“设计”视图中打开该页面并进行所需的任何更改。,如果想修改生成页面的设计，可以在“设计”视图中打开该页面，并根据需要进行任意更改。,
item_0354,Will you pass along to the appropriate person?,您能转交给相关负责人吗？,能否请您将此转交给相关负责人？,
item_0355,And then another call with all folks or a meeting at the jobsite to lay out the plan.,然后再与所有相关人员通一次电话，或者在施工现场召开会议，明确计划安排。,然后再和大家通个电话，或者在施工现场开会部署方案。,
item_0356,Broke out the activities of 1307.,将 1307 的活动单独列出。,揭露了1307号活动的内幕。,
item_0357,YesShe is having physical theraphy 3 times a week.,是的，她每周接受三次物理治疗。,是的，她每周接受三次物理治疗。,
item_0358,"No matter what progress we make as individuals in becoming healthier, we will never achieve real health until we collectively decide to create a healthier reality.",无论我们个人在变得更健康的道路上取得怎样的进步，除非我们共同决定去创造一个更健康的现实，否则我们永远无法实现真正的健康。,无论我们作为个体在变得更健康方面取得多大进展，只有当我们共同决定创造一个更健康的现实，才能实现真正的健康。,
item_0359,"Stop trying to pawn your brats off on others to ""get a break"" .",别再为了让自己“喘口气”，就把你家的熊孩子甩给别人了。,别再总想着把你的熊孩子推给别人，好让自己“清静清静”了。,
item_0360,"America cried wolf in Iraq, and what’s scary is that sooner or later, that wolf will probably get us.",美国在伊拉克问题上大喊“狼来了”，而可怕的是，那只狼迟早会把我们吞噬。,美国在伊拉克问题上喊了“狼来了”，可怕的是，迟早那匹狼很可能真会扑向我们。,
item_0361,An F1 ticket grants access to the concert on the same day.,持 F1 门票可入场观看当日音乐会。,凭F1门票可观看同日的演唱会。,
item_0362,Come in and have some breakfast.,进来吃点早餐吧。,进来吃点早饭吧。,
item_0363,I ended up getting a pair of zebra finches for christmas.,我最终收到了一对斑胸草雀作为圣诞礼物。,我最后在圣诞节收到了一对斑胸草雀。,
item_0364,"And yet he goes on to say, Quinn added, that Cid Hamete Benengali's is the only true version of Don Quixote's story.",然而，奎恩补充道，他接着又说，西德·哈麦德·贝嫩赫利的版本才是堂吉诃德故事唯一真实的版本。,奎因补充道，然而他接着又说，熙德·哈梅特·贝嫩赫利所述才是堂吉诃德故事的唯一真实版本。,
item_0365,"If you have any contacts who could help us get in touch with these guest speakers, please let us know at ethink@enron.com.",如果您有任何联系人可以帮我们与这些客座演讲嘉宾取得联系，请通过 ethink@enron.com 告知我们。,如果您有任何联系人可以帮助我们与这些特邀演讲嘉宾取得联系，请通过 ethink@enron.com 告知我们。,
item_0366,cut of all contact and tighten up your PC security.,切断一切联系并加强您的电脑安全防护。,切断所有联系，并加强电脑安全防护。,
item_0367,"When the FLDS under Mr. Jeffs (and his father before him) grew to some 10,000 followers in several southwestern communities with estimated assets of $110 million; when it became clear that government officials, school authorities, and police in those communities had become intertwined with the sect; when ex-members increasingly reported child and sexual abuse charges (mainly involving underage girls forced to marry older men); and when the sect began to use secluded compounds, state and federal authorities started to crack down more vigorously.",当杰夫斯先生（以及此前其父）领导下的FLDS在西南部几个社区发展到约1万名信徒、估计资产达1.1亿美元时；当这些社区的政府官员、学校当局和警察显然已与该教派盘根错节地交织在一起时；当脱离该教派的成员越来越多地举报儿童虐待和性虐待指控（主要涉及未成年女孩被迫嫁给年长男子）时；以及当该教派开始使用偏僻隐蔽的聚居区时，州和联邦当局开始更加强力地予以打击。,当杰夫斯先生（及此前其父）领导下的FLDS（基本教义派耶稣基督后期圣徒教会）在西南部几个社区发展到约1万名信徒、估计资产达1.1亿美元时；当显而易见这些社区的政府官员、学校当局和警察已与该教派利益纠缠、密不可分时；当越来越多前成员指控其涉嫌虐待儿童和性侵（主要涉及被迫嫁给年长男性的未成年少女）时；以及当该教派开始启用隐秘的封闭园区时，州和联邦当局开始采取更严厉的打击行动。,
item_0368,Barbara Walters did a story on gender roles in Kuwait several years before the Gulf War.,在海湾战争爆发的前几年，芭芭拉·沃特斯曾对科威特的性别角色进行过专题报道。,海湾战争爆发前几年，芭芭拉·沃尔特斯曾做过一期关于科威特性别角色的报道。,
item_0369,"You can not cut yourself off and not read newspapers or stop hearing the news over the radio for weeks on end, as you could six or seven years ago. """,你无法再像六七年前那样把自己与外界隔绝，连续数周不看报纸、不听广播新闻。,你无法再像六七年前那样，一连几个星期将自己与世隔绝，不读报纸也不听收音机里的新闻。,
item_0370,This is one example of what happens when Bush gets a question that he hasn't anticipated.,这就是布什被问到一个未曾预料的问题时会出现的情况之一。,这就是布什在面对意料之外的问题时反应的一个典型例子。,
item_0371,****sigh**** not trying to sound snooty or stuck up but I mean really!,*唉*……倒不是我想装清高或摆架子，但说真的，至于吗！,****唉**** 我不是想显得势利或高高在上，但说真的，至于吗！,
item_0372,"They intrigued and slandered and hated each other only on that account, – but as to effectually lifting a little finger – oh, no. By heavens!",仅仅为了那个缘故，他们就互相勾心斗角、诽谤中伤、彼此仇恨，——但要是说真正动一下小指头去帮个忙——哦，绝不。天哪！,他们仅仅为此便相互倾轧、彼此诽谤、互相仇恨——可要说真正动一动手指头去做点什么——哦，不，绝不会。老天在上！,
item_0373,"All the carriers were speaking together, and in the midst of the uproar the lamentable voice of the chief agent was heard 'giving it up' tearfully for the twentieth time that day...",所有挑夫都七嘴八舌地嚷成一片；在这阵喧嚣中，可以听见首席代理人那哀戚的声音，含着泪当天第二十次说要“放弃”……,所有的车夫都在七嘴八舌地吵嚷着，在这一片喧嚣声中，只听见总代理人那哀戚的声音，正带着哭腔、在当天第二十次绝望地宣告“不干了”……,
item_0374,"He did once make an unforgivable error when he mentioned that Fallujan militants were shooting at the Marines from the roofs of mosques and houses in Hay Al-Golan, but of course that is okay for Al-Jazeera.",他也确实犯过一次不可原谅的错误，当时他提到费卢杰武装分子在海伊·阿尔-乔兰区从清真寺和民房的屋顶上向海军陆战队开枪，但当然，这在半岛电视台看来是没问题的。,他确实曾犯过一个不可原谅的错误，当时他提到费卢杰武装分子正从海伊·戈兰区清真寺和民宅的屋顶向海军陆战队开火，但当然，对半岛电视台来说这没什么问题。,
item_0375,i am not going unless lisa promises to get all wasted and boob out.,除非莉萨承诺会喝个酩酊大醉并露乳，否则我是不会去的。,除非丽莎答应喝得烂醉，还把胸露出来，否则我不去。,
item_0376,"'When you see Mr. Kurtz, he went on, tell him from me that everything here – he glanced at the desk – is very satisfactory.",“当你见到库尔兹先生时，”他继续说道，“请代我转告他，这里的一切——他扫了一眼写字台——都令人十分满意。”,“等你见到库尔茨先生时，”他继续说道，“请代我告诉他，这里的一切——”他朝书桌瞥了一眼，“都非常令人满意。”,
item_0377,"For example, you can filter for the top or bottom 25 % of salespeople based on the number of orders handled.",例如，您可以根据处理的订单数量，筛选出业绩排名前 25% 或后 25% 的销售人员。,例如，您可以根据处理的订单数量，筛选出业绩排名前25%或后25%的销售人员。,
item_0378,"Stephanie, I my preference is to kick their Password Application back and get them to change it to read something like ""Cargill Ferrous International, a division of Cargill, Inc."" or ""Cargill, Inc. acting through its Cargill Ferrous International Division"".",斯蒂芬妮，我倾向于退回他们的密码申请，并要求他们将其改成类似“嘉吉黑色金属国际，嘉吉公司旗下的一个部门”或“嘉吉公司通过其嘉吉黑色金属国际事业部行事”这样的表述。,Stephanie，我个人更倾向于退回他们的密码申请，让他们将其修改为类似于“嘉吉金属国际，嘉吉公司旗下分部”或“嘉吉公司（通过其嘉吉金属国际分部行事）”的表述。,
item_0379,Thank you very much and we hope to hear from you soon!,非常感谢，期待早日收到您的回复！,非常感谢，期待早日收到您的回复！,
item_0380,paying special attention to the eyes.,尤其要注意眼部。,特别注意眼部。,
item_0381,"Usually, these are just a chance for the suckups to suck up, but this time people are actually concerned about the company's plans.",通常，这不过是马屁精们溜须拍马的机会，但这一次，大家是真的对公司的计划感到担忧。,通常，这类场合不过是让马屁精们献殷勤的机会，但这一次，大家确实对公司的计划感到担忧。,
item_0382,"Before that, we are turned loose to get dinner.",在那之前，我们可以自由活动，去吃晚饭。,在此之前，我们被放行各自去吃晚饭。,
item_0383,Let’s get this over with now…,我们现在就把这事了结吧……,我们现在就把这事了结了吧……,
item_0384,"An autofilter is always applied before a conditional filter, regardless of the order in which you applied them.",无论应用顺序如何，自动筛选始终先于条件筛选生效。,无论您应用它们的顺序如何，自动筛选总是会在条件筛选之前生效。,
item_0385,"She did not know whether he felt it too; and she could not try to find out because if it turned out that he didn't – she had a premonition, sometimes, that in middle age you could find you had lost everything in a moment: husband – lover, friend, children, it was as if they had never happened, or you had wandered off from them without knowing, and now stood stock-still with the discovery.",她不知道他是否也有同感；而她不敢去试探，因为万一他并非如此——她有时会有一种预感，人到中年，你可能会发现自己在转瞬之间便失去了一切：丈夫——情人、朋友、孩子，一切仿佛从未发生过，又仿佛你在不知不觉中与他们走散，而此时只能呆立原地，蓦然惊醒于这个发现。,她不知道他是否也有同样的感觉；她也不能去试探，因为倘若结果证明他没有——她有时会有一种预感：人到中年，或许会在某一瞬间发现自己已经失去了一切：丈夫——情人、朋友、孩子，仿佛他们从未存在过，或者仿佛你在不知不觉中离他们而去，而此刻因这一发现僵立不动。,
item_0386,"The second-class trading area had been laid out long ago and haphazardly; shops cropped up suddenly, streets met, the car plunged and rolled.",这片二等商业区很久以前便已杂乱无章地规划建起；店铺突兀林立，街道交错，汽车在其中颠簸起伏、左右摇晃。,这片二等商业区早已杂乱无章地铺展开来；店铺突兀地冒出，街巷交错相接，汽车一路颠簸摇晃。,
item_0387,I took some photos of my model girlfriend with my Nikon D7000.,我用尼康D7000给我的模特女友拍了几张照片。,我用我的尼康D7000为我的模特女友拍了几张照片。,
item_0388,This is a thought that sometimes crosses Jewish minds.,这是有时会浮现在犹太人脑海中的一个念头。,这是一个有时会掠过犹太人心头的念头。,
item_0389,"The executive branch consists of a Minister of State as the head of government, who presides over a five-member Council of Government.",行政机关由作为政府首脑的国务大臣以及由其主持的五人政府委员会组成。,行政机关由担任政府首脑的国务大臣及其主持的五人政府委员会组成。,
item_0390,"The village soil and water are now too heavily contaminated to safely occupy human life, so the plant was shut down last week.",该村庄的土壤和水源如今污染过于严重，已不适合人类安全居住，因此该工厂已于上周关闭。,该村的土壤和水源现已受到严重污染，不再适宜人类安全居住，因此该工厂已于上周关闭。,
item_0391,Please let us know if you need a change so that the deals will bridge with the correct books.,若需调整，请随时告知我们，以便交易能正确对接至相应的账簿。,请告知我们是否需要做出更改，以确保交易能够与正确的账簿对接。,
item_0392,I copy this out for my own entertainment a specimen of illusionless American political analysis.,我把这段不抱幻想的美国政治分析样本抄录下来，聊以自娱。,我抄录下这段文字以自娱，它堪称冷峻清醒的美国政治分析之范例。,
item_0393,"Whether it might have turned out differently, or whether it was all predetermined with the first word that came from the stranger's mouth, is not the question.",事情是否本可有另一种结局，抑或从那陌生人开口吐出第一个字起一切便已注定，都不是问题的关键。,结局是否本可能有所不同，抑或从那陌生人开口吐露第一个字起一切便已注定，这并非问题所在。,
item_0394,There is something wrong or maybe the individual made a mistake but to me that is not integrity.,也许是哪里出了问题，又或者是个人犯了错，但对我而言，这都称不上是诚信。,这里面有些不对劲，也许是当事人犯了错，但在我看来，这并不体现诚信。,
item_0395,Irony is dead...Long live Irony!,反讽已死……反讽万岁！,反讽已死……反讽万岁！,
item_0396,"Once the Manmohan Singh government shows that it has little appetite for suicide, Musharraf will face the moment of truth: accept the inevitable, or once again ramp up the insurgency and spawn a fresh lot of killers that can hit not merely Mumbai and New Delhi but London and Chicago as well.",一旦曼莫汉·辛格政府表明自己无意自寻死路，穆沙拉夫就将面临真相时刻：要么接受无可避免的现实，要么再次煽动叛乱并培植一批新的杀手，而这些人不仅能袭击孟买和新德里，还能对伦敦和芝加哥下手。,一旦曼莫汉·辛格政府表明自己并不愿自取灭亡，穆沙拉夫就将迎来摊牌时刻：要么接受不可避免的现实，要么再次加剧叛乱，催生新一批杀手——他们打击的目标将不仅是孟买和新德里，也包括伦敦和芝加哥。,
item_0397,Sounds like your cat is stressed out .,听起来你的猫咪压力挺大的。,听起来你的猫压力很大。,
item_0398,"Gazing out across the valley and then calmly at him, she had her look of wanting to find out exactly what they were talking about.",她眺望着山谷，随后平静地看着他，眼神里流露出想要彻底弄懂他们究竟在谈些什么的神情。,她先眺望山谷那头，随后平静地看向他，脸上露出一副想弄清楚他们究竟在谈什么的神情。,
item_0399,I have called Mark Lay and left a message on his voice mail.,我给马克·莱打了电话，并在他的语音信箱里留了言。,我已经给马克·莱打过电话，并在他的语音信箱里留言了。,
item_0400,"Dudley put on a foul, simpering smile.",达力脸上堆起一抹令人作呕的谄媚假笑。,达力装出一副令人作呕的谄媚傻笑。,
item_0401,"By moving quickly to Iraqi sovereignty and improvement of Iraqi lives, the US may be able to get Iraqis on its side, so that they turn in the foreigners.",通过迅速恢复伊拉克主权并改善伊拉克人民的生活，美国或许能够争取到伊拉克人的支持，促使他们交出境内的外国人。,通过迅速推动伊拉克恢复主权并改善伊拉克民生，美国或许能够赢得伊拉克人的支持，从而促使他们举报外来人员。,
item_0402,"Bill Clinton understood this at the end of his term in office yet, under Colin Powell (who appears to have an affinity for generals active in politics), the pendulum of U.S. policy has once again swung toward a quixotic effort to prize at least the Valley of Kashmir loose from India.",比尔·克林顿在执政末期已深明此理，然而，在科林·鲍威尔（他似乎天然偏爱活跃于政坛的军中将领）的掌舵下，美国政策的钟摆再次摆向了一项不切实际的努力——企图至少将克什米尔谷地从印度强行剥离出去。,比尔·克林顿在任期结束时已经认识到这一点；然而，在科林·鲍威尔主导下（他似乎对活跃于政坛的将军颇有好感），美国政策的钟摆再次摆向一种不切实际的努力，试图至少将克什米尔谷地从印度手中撬离。,
item_0403,"If your cat is not trained to use the litter pan, you may have a problem taking her.",如果你的猫咪没养成用猫砂盆的习惯，带它出行可能会让你很头疼。,如果你的猫没有接受过使用猫砂盆的训练，带它出门时可能会遇到麻烦。,
item_0404,"One of the most widespread myths of recent times is that the Chernobyl nuclear reactor accident in 1986 caused many thousands of extra cancer deaths in neighbouring regions, and that public health has been severely affected by exposure to radiation.",近年来最广为流传的误解之一是，1986年切尔诺贝利核反应堆事故导致邻近地区新增了数千例癌症死亡，并且公众健康因辐射暴露而受到严重影响。,近年流传最广的谣言之一，是认为1986年的切尔诺贝利核反应堆事故导致周边地区额外增加了成千上万例癌症死亡病例，且公众健康因遭受辐射照射而受到严重影响。,
item_0405,"It has also opened VW up to huge compensation claims, legal action and has seen it take more than €16bn of provisions.",这也使大众汽车面临巨额赔偿索赔和法律诉讼，并导致其计提了超过160亿欧元的准备金。,这也使大众汽车面临巨额赔偿索赔和法律诉讼，并迫使其计提了逾160亿欧元的准备金。,
item_0406,"On the one hand, it should pressure Musharraf to take off his uniform and run for president in a fair election, and to repeal the contentious ""Legal Framework Order"" that essentially perpetuates his dictatorship.",一方面，它应该施压穆沙拉夫脱下军装、在公平选举中竞选总统，并废除旨在延续其独裁统治且备受争议的《法律框架令》。,一方面，它应向穆沙拉夫施压，要求他脱下军装，在公平选举中竞选总统，并废除备受争议、实质上延续其独裁统治的《法律框架令》。,
item_0407,"But during the twilight zone, a lot of harm can be done.",但在这段混沌不明的过渡期里，可能会造成很大伤害。,但在这种模糊过渡期，可能会造成极大的伤害。,
item_0408,The apostrophe has a special purpose in an XML document and can be misinterpreted if used directly in the text.,撇号在 XML 文档中具有特殊用途，如果直接在文本中使用，可能会被误解析。,撇号在 XML 文档中具有特殊用途，如果直接在文本中使用，可能会被误解析。,
item_0409,Did you have a chance to take a look at the resume I sent you?,你有空看一下我发给你的简历了吗？,请问您抽空看我发给您的简历了吗？,
item_0410,Richard - please let me know what we need to do next to file suit.,理查德，请告诉我下一步该怎么做才能提起诉讼。,理查德，请告知我们下一步需要做些什么才能提起诉讼。,
item_0411,There are deals in the Aruba book so I'm not sure why you aren't picking those up.,阿鲁巴的账簿里明明有交易，我不清楚你为什么没有获取到。,Aruba 账簿里有交易，所以我不确定你为什么没有识别到这些交易。,
item_0412,"You had to hand it to them, thought Harry, as George took an ordinary hairpin from his pocket and started to pick the lock.",哈利心想，还真不能不佩服他们，只见乔治从口袋里掏出一根普通的发卡，开始撬起锁来。,哈利心想，不得不承认他们真有一套；这时乔治从口袋里掏出一枚普通发卡，开始撬锁。,
item_0413,I should think the bar of the Silver Rhino's as good a place as any to learn what's really going on.,我觉得要想打听清楚到底发生了什么事，“银犀牛”酒吧是再合适不过的地方了。,我想，要打听清楚到底是怎么回事，银犀牛酒馆的吧台再合适不过了。,
item_0414,A reminder that the HR Associate Points Meeting will take place as below:,温馨提示：人力资源专员积分会议安排如下：,提醒您，人力资源专员积分会议将按以下安排举行：,
item_0415,This broke everybody up.,这话把大家都逗乐了。,这让大家都笑得前仰后合。,
item_0416,"At the Ask the President event on Friday, one of the questions was about whether Bush has any thoughts about his memoirs.",在周五举行的“向总统提问”活动中，其中一个问题是关于布什是否对撰写个人回忆录有什么想法。,在周五举行的“向总统提问”活动中，有人问布什是否对撰写自己的回忆录有什么想法。,
item_0417,"However, the bound field will show the custom group hierarchy in the drop-down list, so you can filter data by selecting custom groups or individual values.",但是，绑定字段将在下拉列表中显示自定义组层次结构，因此你可以通过选择自定义组或单个值来筛选数据。,不过，绑定字段将在下拉列表中显示自定义组层级，以便您可以通过选择自定义组或单个值来筛选数据。,
item_0418,The real focus of the meeting will be on how we should build these services to meet the needs of businesses operating in B2B marketplaces.?,会议的真正重点将放在我们应如何构建这些服务，以满足在B2B市场中运营的企业的需求。,这次会议的真正焦点将在于，我们应该如何构建这些服务，以满足在B2B市场中运营的企业的需求。,
item_0419,I also wonder whether the Davis Cup played a part.,我也想知道戴维斯杯是否也起到了一定作用。,我也在想戴维斯杯是否起了一定的作用。,
item_0420,"I just want to extend a big ""Welcome!"" to Darin Darin Fisher who joined me at Google this week.",我只想热烈欢迎本周加入 Google、与我共事的 Darin Fisher！,我只想对本周加入谷歌与我共事的达林·费希尔（Darin Fisher）致以热烈的“欢迎！”,
item_0421,"But yes, thank you. A little food can't do any harm.",不过好吧，谢谢。吃点东西总不会有什么坏处。,不过，还是谢谢你。吃点东西没什么坏处。,
item_0422,"I just got of the phone with Hai and he told me how to make an adjustment on a day to day basis in regards to incorrect liquidations but he also explained this is just to make the daily P&L #'s right, if nothing were done the month end P&L would still somehow work out because adjustments would be made.",我刚和阿海通完电话，他教了我如何针对清算错误进行日常调整，但他也解释说这只是为了让每日的损益数据准确，即使什么都不做，月末的损益最终也还是能对得上，因为届时会进行调整。,我刚和 Hai 通完电话，他告诉我如何针对错误清算逐日进行调整；但他也解释说，这样做只是为了确保每日盈亏数据正确。即使什么都不做，月底盈亏最终也会以某种方式对上，因为届时会进行相应调整。,
item_0423,"Petersen held discussions with both Kumaratunga and the reclusive LTTE leader Velupillai Prabhakaran in the rebel stronghold of Kilinochchi without success, and chief Tamil rebel negotiator Anton Balasingham and Norwegian envoy Erik Solheim held closed-door talks at the international airport late Saturday in an effort to keep the salvage effort on track, diplomatic sources said.",外交消息人士表示，彼得森曾与库马拉通加以及身处叛军大本营基里诺奇的泰米尔猛虎组织隐秘首领维卢皮莱·普拉巴卡兰举行会谈，但未能取得成效；为此，泰米尔叛军首席谈判代表安东·巴拉辛汉姆与挪威特使埃里克·索尔海姆于周六晚些时候在国际机场举行了闭门会谈，试图让这一挽救局势的努力重回正轨。,外交消息人士称，彼得森分别与库马拉通加以及在叛军据点基利诺奇深居简出的猛虎组织领导人韦卢皮莱·普拉巴卡兰举行了会谈，但均未取得成果；为使挽救努力继续推进，泰米尔叛军首席谈判代表安东·巴拉辛厄姆和挪威特使埃里克·索尔海姆于周六深夜在国际机场举行了闭门会谈。,
item_0424,"'Well, let us say three months before we can make a start.",“好吧，就说我们要过三个月才能开始吧。,“嗯，就算还要三个月我们才能开始吧。”,
item_0425,"I also deleted ""subject to recall"" based on our discussion, assuming you get approval for that revision.",根据我们的讨论，我也删除了“视召回情况而定”这一表述，前提是该修改能获得您的批准。,根据我们的讨论，我还删除了“可被召回”这一表述，前提是你能获得对该修订的批准。,
item_0426,"Ben made another announcement on March 28, 2005:",Ben 于 2005 年 3 月 28 日再次发布了一则公告：,本于2005年3月28日发布了另一项声明：,
item_0427,A query that uses wildcard characters in a criteria expression can produce different results under each query mode.,在条件表达式中使用通配符的查询可能会在不同查询模式下产生不同的结果。,在准则表达式中使用通配符的查询在每种查询模式下可能会产生不同的结果。,
item_0428,Gore released a statement Friday taking Bush to task for his comments on Pakistan's recent coup.,戈尔于周五发表声明，严厉指责布什针对巴基斯坦近期政变所发表的言论。,戈尔周五发表声明，严厉批评布什就巴基斯坦近期政变发表的言论。,
item_0429,This is unlike the situation last year in Asia when we evacuated U.S. citizens from areas that were hit by the tsunami - a phenomenon that is much less predictable than the Hezbollah-provoked destruction that rained down on Lebanon.,这不同于去年在亚洲的情形，当时我们从遭受海啸袭击的地区撤离了美国公民——海啸这种现象远比真主党挑起并降临在黎巴嫩的破坏更难预测。,这与去年我们在亚洲从遭受海啸袭击的地区撤离美国公民的情况不同——相比于真主党挑起并倾泻在黎巴嫩的毁灭性破坏，海啸这种现象的不可预测性要高得多。,
item_0430,"As the American public gradually wearies of the Iraq crisis, some have begun worrying that the war could blow back on the US by creating the conditions for anti-American terrorism.",随着美国公众对伊拉克危机日渐疲惫，一些人开始担忧，这场战争恐将因滋生反美恐怖主义而反噬美国自身。,随着美国公众逐渐对伊拉克危机感到厌倦，一些人开始担心，这场战争可能会为反美恐怖主义创造滋生土壤，从而反噬美国。,
item_0431,"Shrugging, he gives up and I turn to the twice disagreeable chicken and eat guiltily, my appetite spoiled.",他耸了耸肩，不再坚持，我则转而对付那盘令人加倍生厌的鸡肉，心怀愧疚地吃着，顿时胃口全无。,他耸耸肩，作罢了；我转而面对那份加倍令人倒胃口的鸡肉，满怀愧疚地吃起来，胃口早已全无。,
item_0432,"When you blame it all on society, there's noone to to take responsibility and all of a sudden you have generation of fucked up kids who are likley smoking, drinking, doing drugs, fucking the neighbor or some internet perv just because you are too lazy to see waht they're doing.",当你把一切都归咎于社会时，就没人会承担责任；突然之间，你就养出了一代烂透了的孩子，他们很可能抽烟、喝酒、吸毒，跟邻居或网上的变态鬼混，只因为你懒得去看看他们到底在干什么。,当你把一切责任都推给社会时，就没人来承担责任了，突然之间你就培养出了一代垮掉的孩子，他们极可能去抽烟、喝酒、吸毒，甚至和邻居或网络变态乱搞，而这仅仅是因为你懒得去关注他们到底在干什么。,
item_0433,Please let me know what shape you all think the offer ought to take and we can revise accordingly.,请告知你们认为这份要约应以何种形式提出，我们可以据此进行相应修改。,请大家告诉我你们认为这份报价方案应该以何种形式呈现，以便我们进行相应的调整。,
item_0434,"It was only months and months afterwards, when I made the attempt to recover what was left of the body, that I heard the original quarrel arose from a misunderstanding about some hens.",直到过了好几个月，在我试图去收敛他的遗骸时，才听说最初的那场争吵竟然是因几只母鸡的误会而起。,直到许多个月之后，当我试图找回遗体残骸时，我才听说最初的争吵竟是源于一场关于几只母鸡的误会。,
item_0435,Does this mean that for June and for a certain portion of July we should not do anything and just make adjustments on a going forward basis (and assume everything will work out at month end)?,这是否意味着，对于6月以及7月的某一段时间，我们无需采取任何行动，而只需在后续期间进行调整（并假设到月末一切都会处理妥当）？,这是否意味着，对于六月份和七月份的某一部分时间，我们什么都不用做，只需在后续进行调整（并假设到月底一切都会顺利解决）？,
item_0436,Citizens take their right to petition seriously.,公民高度重视自己的请愿权。,公民十分重视自身的请愿权。,
item_0437,He picked one up and saw that the pages had the narrow lines he preferred.,他拿起一本，发现书页上印着他偏爱的窄行线。,他拿起一本，发现纸页上印着他偏爱的窄行距横线。,
item_0438,I'll try and send one of Peter Cox' as well but may have some problems due to file size.,我也争取把彼得·考克斯的一份作品发过去，但由于文件较大，可能会遇到一些问题。,我也会尽量把彼得·考克斯的一份发过去，但可能会因为文件太大而遇到一些问题。,
item_0439,"Unfortunately for those eager to indefinitely carry on with the lucrative business of conflict resolution in South Asia, Pervez Musharraf has now called Colin Powell's bluff, challenging him to deliver on his frequent statements implying that the Indians jump to his commands.",对于那些热衷于无限期经营南亚冲突调解这门有利可图的生意的人来说，不幸的是，佩尔韦兹·穆沙拉夫如今已经戳破了科林·鲍威尔的虚张声势，迫使他兑现其一再表态中所暗示的说法——印度人会对他的号令言听计从。,不幸的是，对于那些渴望在南亚无限期经营“冲突调停”这桩暴利生意的人来说，佩尔韦兹·穆沙拉夫如今戳穿了科林·鲍威尔的虚张声势，挑战他去兑现其屡次暗示的言论——即印度人对他的命令唯命是从。,
item_0440,At some stage in their development all SMEs experience problems arising from their weak capital resources.,在发展的某个阶段，所有中小企业都会因资金实力薄弱而遇到问题。,所有中小企业在发展过程中的某个阶段都会遇到因资本实力薄弱而引发的问题。,
item_0441,"These are 1) Assassinate or overthrow Gen. Pervez Musharraf, the Pakistani military ""president"" who had made a coup in 1999 and has thrown in his lot with the United States against the Taliban and al-Qaeda.",这些目标包括：1）刺杀或推翻巴基斯坦军方“总统”佩尔韦兹·穆沙拉夫将军；他于1999年发动政变上台，并已与美国结盟，共同对抗塔利班和基地组织。,这些是：1) 暗杀或推翻巴基斯坦军方“总统”佩尔韦兹·穆沙拉夫将军，他于1999年发动政变，并选择与美国站在同一阵线，共同对抗塔利班和“基地”组织。,
item_0442,The people who carry out these underground arms/drugs/sex trafficking deals are trauma based mind controlled slaves.,进行这些地下军火、毒品和人口贩卖交易的人，都是基于创伤而遭受精神控制的奴隶。,那些从事地下军火、毒品和性贩卖交易的人，都是遭受创伤式精神控制的奴隶。,
item_0443,I'll get back to you as soon as I have more info (hopefully later today),一旦有了更多信息，我会尽快回复你（希望是今天晚些时候）。,我一有更多消息就会尽快回复你（希望今天晚些时候）,
item_0444,The vote will take place tomorrow at 12 noon.,投票将于明天中午12点举行。,投票将于明日中午12点举行。,
item_0445,And this has already drawn protests from the Tamil National Alliance (TNA) which was backed by the LTTE in the April general elections held in Sri Lanka.,而这已经引发了泰米尔全国联盟（TNA）的抗议，在斯里兰卡4月举行的大选中，该联盟曾获得泰米尔猛虎组织（LTTE）的支持。,这已引发泰米尔民族联盟（TNA）的抗议，该联盟在斯里兰卡4月举行的大选中曾获得泰米尔伊拉姆猛虎解放组织（LTTE）的支持。,
item_0446,"For some black satire on Fallujah, see Unconfirmed Sources which has some fun with my Weblog.",若想看一些关于费卢杰的黑色幽默，不妨看看“未证实消息”（Unconfirmed Sources），它对我的博客做了一番有趣的调侃。,若想看一些关于费卢杰的黑色讽刺作品，可以去看看 Unconfirmed Sources，那里还拿我的博客调侃了一番。,
item_0447,Most of the dinner guests agree that Russia's internal difficulties are so grave it may have to draw away from Syria.,大多数晚宴宾客都认为，俄罗斯内部面临的困难如此严峻，以至于它可能不得不从叙利亚抽身。,大多数出席晚宴的宾客都认为，俄罗斯的内部困境已如此严峻，以至于它可能不得不从叙利亚抽身。,
item_0448,"Winter and darkness here but in Cambridge, perhaps, there's already spring yelling its head off?",此地冬意正浓、夜色沉沉，而在剑桥，或许春天早已在纵情喧闹？,这里仍是寒冬与黑暗，而在剑桥，也许春天已经在声嘶力竭地呐喊了吧？,
item_0449,"Do you shoot back at someone trying to kill you, standing deliberately behind a group of children?",如果有人故意站在一群孩子身后企图杀你，你会开枪还击吗？,面对一个企图杀死你、却刻意躲在一群孩子身后的人，你会开枪还击吗？,
item_0450,"Nervous people make mistakes, so I suppose there will be a wave of succesfull arab attacks.",人在紧张时会犯错，所以我猜接下来会有一波阿拉伯人的袭击得手。,人紧张就容易犯错，所以我估计接下来会有一波得逞的阿拉伯袭击。,
item_0451,"Suppose, for the sake of discussion, that someone would openly stay in a well-known address in Teheran, hosted by the Iranian Government and financed by it, executing one atrocity after another in Spain or in France, killing hundreds of innocent people, accepting responsibility for the crimes, promising in public TV interviews to do more of the same, while the Government of Iran issues public condemnations of his acts but continues to host him, invite him to official functions and treat him as a great dignitary.",假设为了便于讨论，有个人公开居住在德黑兰一处众所周知的地址，由伊朗政府提供庇护和资助；他在西班牙或法国接连制造暴行，杀害数百名无辜百姓，并对这些罪行宣告负责，甚至在电视公开采访中扬言要变本加厉；而与此同时，伊朗政府虽然在公开场合谴责其行径，却继续收留他，邀请他出席官方活动，并将其奉为上宾。,为便于讨论，不妨设想有这样一个人：他公开住在德黑兰一处众所周知的住所，受伊朗政府接待并由其资助，在西班牙或法国接连制造暴行，杀害数百名无辜者，承认对这些罪行负责，并在电视公开采访中扬言还要继续这样做；与此同时，伊朗政府虽公开谴责他的行径，却仍继续收留他，邀请他出席官方活动，并将他奉为显要人物。,
item_0452,"For example, if you move the Salesperson field to the MultiChart area, a chart is created based on data for each salesperson in that field.",例如，如果您将“销售员”字段移动到“多图表”区域，系统将根据该字段中每位销售员的数据分别创建一个图表。,例如，如果将“销售人员”字段移动到“多图表”区域，系统会根据该字段中每位销售人员的数据分别创建图表。,
item_0453,"I like Hayes Street Grill....another plus, it's right by Civic Center, so you can take a romantic walk around the Opera House, City Hall, Symphony Auditorium...all very beautiful.",我喜欢海斯街烧烤餐厅……另一个优点是，它就在市政中心旁边，所以你们可以在歌剧院、市政厅和交响乐厅周围浪漫地散步……这些地方都非常美。,我喜欢海斯街扒房……另一个加分项是，它就在市政中心附近，所以你可以去歌剧院、市政厅、交响乐大厅周围浪漫地散散步……那里美极了。,
item_0454,"Speaking of Fallujah, we have only Al-Jazeera to rely on for our news from there.",说到费卢杰，我们只能依靠半岛电视台获取那里的新闻。,说到费卢杰，我们只能依靠半岛电视台来获取那里的消息。,
item_0455,The only difference we had was for package V02.,我们唯一的差异在于 V02 包。,我们唯一的区别在于 V02 软件包。,
item_0456,"The pressure had been building up in him since Stillman's disappearance that morning, and it came out of him now as a torrent of words.",自从那天早上斯蒂尔曼失踪以来，他心中积压的压力此刻终于化作滔滔不绝的话语倾泻而出。,自从那天早晨斯蒂尔曼失踪以来，他心中的压力便不断积聚，此刻终于化作一股话语的洪流倾泻而出。,
item_0457,Fortunately circumstances will force our hand soon since our collective bad behaviour cannot continue indefinitely.,幸运的是，形势很快就会迫使我们采取行动，因为我们的集体不当行为不可能无限期地持续下去。,万幸的是，形势很快就会迫使我们采取行动，因为我们集体的恶劣行径绝不可能无休止地持续下去。,
item_0458,The Commission's estimates of what would be health-endangering values reflect the outcome of the research carried out.,委员会对危害健康值的估算反映了已开展研究的成果。,委员会对可能危害健康的数值所作的估计反映了所开展研究的结果。,
item_0459,"Dekalb County Police Chief Louis Graham...the man who reopened the investigations last year, is mysteriously stepping down.",迪卡尔布县警察局长路易斯·格雷厄姆——正是他去年重启了相关调查——如今却神秘地辞职了。,迪卡尔布县警察局长路易斯·格雷厄姆——去年重启这些调查的人——如今正神秘地卸任。,
item_0460,"(Kut is in southeastern Iraq and has an overwhelmingly Shiite population, who are on the lookout for Baathist saboteurs and willingly turn them in.",（库特位于伊拉克东南部，当地绝大多数居民为什叶派，他们时刻警惕着复兴党破坏分子，并乐意将他们扭送法办。,（库特位于伊拉克东南部，当地居民绝大多数是什叶派，他们时刻警惕复兴党破坏分子，并愿意主动举报他们。,
item_0461,I have a couple of questions so I can wrap up the LOI:,我有几个问题想确认一下，以便完成意向书：,为了能尽快定稿这份意向书（LOI），我还有几个问题想请教：,
item_0462,"If you choose to edit the connection file, remember that all other pages that use the connection file will also be affected by the changes you make.",如果您选择编辑此连接文件，请注意，所有其他使用该连接文件的页面也将受到您所做更改的影响。,如果您选择编辑连接文件，请记住，所有其他使用该连接文件的页面也会受到您所做更改的影响。,
item_0463,But so was it unlikely that a small group of Arab mujahidin would virtually take over Afghanistan.,但在当时看来，一小群阿拉伯圣战分子几乎完全控制阿富汗，同样是极不可能发生的事。,但同样不可思议的是，一小群阿拉伯圣战者竟然几乎掌控了阿富汗。,
item_0464,We must feed you up while we've got the chance. I don't like the sound of that school food,我们得趁着现在有机会，好好给你补补身子。学校那伙食，一听就不怎么样。,趁还有机会，我们得让你好好补补；那所学校的伙食听起来可不怎么样。,
item_0465,Take a photo of a very light plain subject close to the lens using long exposure and smallest aperture you have - over expose by a couple of stops,将镜头贴近一个色调极浅且无图案的纯色主体，使用长曝光和你所拥有的最小光圈进行拍摄——并过曝两档左右。,使用长曝光和你能设定的最小光圈，贴近镜头拍摄一个非常浅色的纯色对象，并过曝约两档。,
item_0466,"Later it was discovered to have been giving flips at half-a-crown a time to a section of the population who were queueing up, all through the ceremony, at the nearby soccer field;",后来才发现，在整个典礼进行期间，它一直在附近的足球场上为排队等候的部分民众提供短程兜风飞行，每次收费半克朗；,后来人们发现，在整个仪式期间，它一直以每次半克朗的价格，为在附近足球场排队的部分民众提供短暂的飞行体验；,
item_0467,"An old woman with crinkly grey hair woke up at her post outside the lavatory and opened the door, smiling and grasping a filthy cleaning rag.",一位满头花白卷发的老妇人在盥洗室外的岗位上醒来，她打开门，面带微笑，手里攥着一块脏兮兮的抹布。,一位头发鬈曲灰白的老妇人在厕所外的值守处醒来，笑着打开了门，手里攥着一块脏兮兮的清洁抹布。,
item_0468,The multiple planetary afflictions are taking their toll.,多重行星凶象正在逐渐造成不利影响。,多重星体刑克带来的负面影响正逐渐显现。,
item_0469,I did not hear back from Shanna or Sharon Butcher.,我没有收到珊娜或莎伦·布彻的回信。,我没有收到珊娜或莎伦·布彻的回复。,
item_0470,"We'll go in and have a steak there one evening, they're trying to make a go of it with a charcoal grill and whatnot.",哪天晚上我们进去在那儿吃块牛排吧，他们正想靠炭火烤炉之类的把生意做起来。,找个晚上咱们去那儿吃顿牛排，他们正用木炭烤炉什么的，想方设法把生意做起来呢。,
item_0471,And the national judges frequently have difficulty in understanding and applying the concept of indirect discrimination.,而且，各国法官往往难以理解和应用间接歧视的概念。,而且，各国法官常常难以理解和适用间接歧视这一概念。,
item_0472,"""I have a duty toward you,"" he tells me.",“我对你负有责任，”他对我说。,“我对你负有责任，”他对我说。,
item_0473,"Bush, in answering the question about the leader of Pakistan, also said: ""The new Pakistani general, he's just been elected -- not elected, this guy took over office.",布什在回答关于巴基斯坦领导人的提问时还说道：“那位新的巴基斯坦将军，他刚当选——不对，不是当选，这家伙是夺取了政权。,布什在回答有关巴基斯坦领导人的问题时还说：“那位新上任的巴基斯坦将军，他刚刚当选——不，不是当选，这家伙是接管了政权。,
item_0474,"The front-runner for the 2000 Republican presidential nomination faltered Thursday in an international affairs pop quiz posed by Andy Hiller, a political reporter for WHDH-TV in Boston.",2000年共和党总统提名的热门人选周四在波士顿WHDH-TV政治记者安迪·希勒提出的一场国际事务突击测验中表现失常。,这位2000年共和党总统候选人提名的领跑者周四在波士顿WHDH-TV政治记者安迪·希勒提出的一场国际事务随堂测验中败下阵来。,
item_0475,"This country can do with a few more white people like you, take it from me.",相信我，这个国家真需要多几个像你这样的白人。,信我一句话，这个国家确实需要更多像你这样的白人。,
item_0476,"We take note of that, Mr von Habsburg, and I should be grateful if you could provide us with this letter.",我们已注意到这一点，冯·哈布斯堡先生；若您能向我们提供这封信，我将不胜感激。,哈布斯堡先生，我们注意到了这一点，如果您能把这封信提供给我们，我将不胜感激。,
item_0477,"""I hope that industry, if put to the test, can do better [than the government], but I do not expect it,"" Griffin added.",“我希望产业界在经受考验时能比政府做得更好，但我并不抱这样的期望，”格里芬补充道。,“我希望业界在经受考验时能比[政府]做得更好，但我对此不抱期望，”格里芬补充道。,
item_0478,"In that respect, we need to dial in Rick Johnson and Olgletree to plan and communicate that plan to the execution team.",在这方面，我们需要让里克·约翰逊和奥格尔特里加入讨论，共同制定计划，并将该计划传达给执行团队。,在这方面，我们需要让里克·约翰逊和奥格尔特里参与进来，共同制定计划并将其传达给执行团队。,
item_0479,"Yeah, Mum's always wishing we had a house-elf to do the ironing, said George.",“是啊，妈妈总盼着家里能有个家养小精灵帮忙熨衣服，”乔治说。,“是啊，妈妈总巴望着咱们能有个家养小精灵来熨衣服呢，”乔治说。,
item_0480,"Like HTML, XML makes use of tags and attributes, but while HTML specifies what each tag and attribute means (and thus how the data between them will look in a browser), XML uses the tags only to delimit pieces of data, and leaves the interpretation of the data completely to the application that reads it.",与 HTML 类似，XML 也使用标签和属性，但 HTML 规定了每个标签和属性的含义（从而决定了它们之间的数据在浏览器中的呈现方式），而 XML 仅使用标签来界定数据块，并将对数据的解析完全留给读取它的应用程序。,与 HTML 一样，XML 也使用标签和属性；但 HTML 会规定每个标签和属性的含义（因而也规定了它们之间的数据在浏览器中的呈现方式），而 XML 仅用标签来界定各段数据，并将数据的解释完全交由读取它的应用程序来完成。,
item_0481,I have just checked with RAC (David Gorte) and we have a green light to go ahead with the project.,我刚刚与风险评估委员会的戴维·戈特（David Gorte）确认过，我们已经获得绿灯，可以启动这个项目了。,我刚刚与 RAC（David Gorte）确认过，我们已获准推进该项目。,
item_0482,"But now that the scene was taking place, he felt quite disappointed, even angry.",可事到临头，他却感到大失所望，甚至有些恼怒。,可如今这一幕真的上演了，他却颇感失望，甚至有些愤怒。,
item_0483,I passed along to Liz Austin your request regarding pleadings A&K has filed setting forth the Trustee's position in connection with the enforcement/nonenforcement of the power contracts and what remedies the Trustee is seeking.,我已向莉兹·奥斯汀转达了您的请求，该请求涉及安理国际律师事务所（A&K）已提交的诉状，其中阐明了受托人关于执行或不执行电力合同的立场以及受托人正在寻求的救济。,我已将你的请求转达给莉兹·奥斯汀，该请求涉及 A&K 已提交的诉讼文书，其中阐明了受托人就电力合同的强制履行或不予强制履行所持的立场，以及受托人正在寻求的救济。,
item_0484,The kind of laugh they've picked up from people like Uncle Willie said Neil.,“那种笑声是他们从威利叔叔这样的人那里学来的，”尼尔说。,“那种笑声是他们从威利叔叔这类人身上学来的，”尼尔说。,
item_0485,We can't avoid being politicized (to use a word as murky as the condition it describes) because it is necessary after all to know what is going on.,我们无法避免被“政治化”（这个词本身就和它所描述的事态一样混沌不清），因为了解时局毕竟是必不可少的。,我们无法避免被政治化（姑且用这个和它所描述的状态一样含混的词），因为归根结底，我们有必要了解正在发生什么。,
item_0486,"I guess it's just the old new Arab 'Me against my brother, me and my brother against my cousin, me and my cousin against my enemy', or 'The enemy of my enemy is my friend' thing going on again.",我想这不过是那套阿拉伯老话又在上演：“我与兄弟相争，我和兄弟一起对付堂兄弟，我和堂兄弟一起对付敌人”，或者说“敌人的敌人就是朋友”。,我想这不过是那句常谈常新的阿拉伯谚语在起作用：“我与兄弟相争，我与兄弟联手抗堂亲，我与堂亲合力御外敌”，又或者说，不过是“敌人的敌人就是朋友”那一套在重演。,
item_0487,"of course, his hopes hadn't been high; they'd never given him a proper present, let alone a cake – but to ignore it completely.",当然，他本就没抱什么期望；他们以前从未送过他一件像样的礼物，更不用说生日蛋糕了——可竟然彻底把它给忽略了。,当然，他本来也没抱多大希望；他们从来就没送过他一件像样的礼物，更别说蛋糕了——可竟然彻底无视这件事。,
item_0488,"There is an e-mail by Moussaoui, however, dated July 31, 2001 indicating that he sought to take a crop dusting course that was to last up to 6 months.",然而，有一封穆萨维于2001年7月31日发出的电子邮件显示，他曾试图参加一门最长为期6个月的农用飞机喷洒课程。,然而，穆萨维在2001年7月31日发送的一封电子邮件显示，他当时曾试图参加一项为期长达六个月的农作物喷洒飞行课程。,
item_0489,"According to Director of Central Intelligence George Tenet, al Qaeda’s ability to conduct an anthrax attack is one of the most immediate threats the United States is likely to face.""",根据中央情报局局长乔治·特尼特的说法，基地组织发动炭疽袭击的能力是美国可能面临的最直接威胁之一。,据中央情报总监乔治·特尼特称，“基地”组织实施炭疽袭击的能力是美国可能面临的最紧迫威胁之一。,
item_0490,"When items in a field are hidden by autofiltering or filter by selection, the drop-down arrow Field arrow in the field label is blue.",当字段中的项因自动筛选或按选定内容筛选而被隐藏时，字段标签中的下拉箭头（字段箭头）会变为蓝色。,当字段中的项目因自动筛选或按所选内容筛选而被隐藏时，字段标签中的下拉箭头（字段箭头）会变为蓝色。,
item_0491,"Supposing he was still alive in another four weeks, what would happen if he didn't turn up at Hogwarts?",假设四个星期后他居然还活着，要是他不去霍格沃茨报到，会发生什么呢？,假设再过四个星期他还活着，如果他没去霍格沃茨报到，会发生什么呢？,
item_0492,"Despite many wrinkles, India remains a part-democracy and merely signing on to a piece of paper that calls for an independent Kashmir does not get you into the trouble that writing an op-ed piece against Sonia Gandhi or Atal Behari Vajpayee would instantly.",尽管存在诸多瑕疵，印度依然算是一个半民主国家，仅仅签署一份呼吁克什米尔独立的声明并不会给你惹来什么麻烦，而若是撰写一篇反对索尼娅·甘地或阿塔尔·贝哈里·瓦杰帕伊的社评文章，则会让你立刻陷入困境。,尽管存在诸多瑕疵，印度仍算是一个半民主国家；仅仅签署一份呼吁克什米尔独立的文件，并不会像写一篇批评索尼娅·甘地或阿塔尔·贝哈里·瓦杰帕伊的专栏评论那样，立刻让你惹上麻烦。,
item_0493,Every move Google makes brings this particular future closer.,谷歌的每一步行动，都让这个特定的未来更近了一步。,谷歌的每一次举措，都让这一特定的未来渐行渐近。,
item_0494,"Just kidding, Pepsi is actually in the process of being thrown out of India for similar crimes, as well.",开个玩笑，其实百事可乐也正因为类似的罪行而面临被赶出印度的境地。,开玩笑的，其实百事也正因类似罪行而面临被赶出印度的境地。,
item_0495,"But both knew that, in those days, the important thing was to give Adamson Mweta faith in himself by positing a future that was real because you, a white person with nothing personal to gain by it, showed you believed it would come about.",但两人都清楚，在那个年代，最重要的是帮亚当森·姆韦塔建立起对自己的信心，而方法则是去描绘一个真实可期的未来——正因为你作为一个毫无私利的白人，用行动表明了你深信这个未来终将实现。,但两人都知道，在那些日子里，最要紧的是让亚当森·姆韦塔对自己有信心：为他设想一个未来，而这个未来之所以显得真实可信，是因为你——一个不会从中谋取任何私利的白人——表明自己相信它终会到来。,
item_0496,"Another time I'll segueway into all the fun work related instances where ""Mommies"" get out of doing work and hiding behind childcare as the reason.",下次我再顺带聊聊职场中那些“有趣”的场景：某些“妈妈们”如何以照顾孩子为挡箭牌，逃避本该承担的工作。,下次有机会，我再顺便聊聊那些职场上挺逗的例子，看某些“宝妈”是如何拿带娃当挡箭牌来逃避工作的。,
item_0497,Your mama is so fat: When she hauls ass she has to make two trips.,你妈胖得要命：搬她那屁股都得跑两趟。,你妈胖得：连挪个屁股都得分两趟。,
item_0498,I just wanted to follow up on whether you will have a chance to send a draft Credit Support Annex (similar in form to the one previously executed with ENA).,我只是想跟进一下，您是否方便发送一份信用支持附件（CSA）草案（格式与此前与ENA签署的类似）。,我想跟进确认一下，您是否方便发送一份《信用支持附件》草案（格式与此前同 ENA 签署的版本类似）。,
item_0499,"""The book -- I guess one way, one thing to think about it is -- one of the themes would be, I was given a charge to keep.",这本书——我想，理解它的一种方式或一个角度是——它的主题之一就是，我被赋予了一项必须坚守的使命。,这本书——我想，可以从一个角度来理解——它的主题之一就是：我肩负着一项必须坚守的使命。,
item_0500,"Musharraf made his coup in part because of the military's anger over Prime Minister Nawaz Sharif's willingness to back down from confronting India over Kashmir, so that he explicitly came to power as a warmonger.",穆沙拉夫发动政变的部分原因是军方对总理纳瓦兹·谢里夫愿意在克什米尔问题上放弃与印度对抗感到愤怒，因此他明确是以好战者的身份上台的。,穆沙拉夫发动政变，部分原因是军方对总理纳瓦兹·谢里夫甘愿在克什米尔问题上向印度示弱让步感到愤怒，因此他显而易见是作为一个战争贩子登上权力舞台的。,
item_0501,That will ensure that I wont take up too much of your time!!,这样能确保我不会占用您太多时间！！,这样就能确保我不会占用您太多时间！！,
item_0502,You can apply a filter to a series or category field to show the top or bottom n items based on a total.,您可以对系列字段或类别字段应用筛选器，以根据总计显示排名前 n 位或后 n 位的项。,您可以对系列或类别字段应用筛选，以根据总计显示前 n 个或后 n 个项目。,
item_0503,"They already have rights to take it, alter it, and release those changes to the world - this is what the whole open source thing is about.",他们本就有权获取它、修改它，并向全世界发布这些改动——这正是开源的核心所在。,他们本就拥有获取、修改以及向世人发布这些改动的权利——而这正是整个开源运动的意义所在。,
item_0504,Harry just caught sight of a pair of bright brown eyes staring at him before it closed with a snap.,哈利只来得及瞥见一双明亮的棕色眼睛正盯着他，它便啪的一声合上了。,哈利刚瞥见一双明亮的褐色眼睛正盯着他，紧接着那双眼睛便啪的一声合上了。,
item_0505,The moment they know the de-gnoming's going on they storm up to have a look.,他们一听说正在清除地精，就会蜂拥而至来看热闹。,他们一听见要清剿地精，就会一窝蜂地跑来看个究竟。,
item_0506,What became of the hens I don't know either.,那些母鸡后来怎样了，我也不知道。,那些母鸡后来怎么样了，我也不知道。,
item_0507,Richard - please let me know what we need to do next to file suit.,理查德，请告知我们下一步需要做什么才能提起诉讼。,理查德，请告知我们下一步需要做什么来提起诉讼。,
item_0508,"There should be a Pixel Mapping function in the menu that will get rid of them, most sensors have a few dead and flipped pixels, some only show up on long exposures.",菜单中应该有一个“像素映射”功能可以消除它们，大多数传感器都有一些坏点和翻转像素，其中一些只在长曝光时才会显现。,菜单里应该有一个“像素映射”功能，可以消除这些问题；大多数传感器都会有少量坏点和异常像素，其中有些只会在长时间曝光时显现。,
item_0509,"The what? Auster laughed, and in that laugh everything was suddenly blown to bits.",“什么？”奥斯特笑了起来，而就在那笑声中，一切都骤然炸得粉碎。,“什么玩意儿？”奥斯特大笑起来，而在那笑声中，一切瞬间灰飞烟灭。,
item_0510,"In Indian national chart besides the transit affliction to transit Mercury by Rahu and Venus the natal Saturn and Venus are also under the transit affliction of Rahu which has resulted into floods in many parts of the country taking toll of human lives, properties, etc.",在印度国家星盘中，除了行运罗睺和金星对行运水星形成刑克外，本命土星和金星也正受到行运罗睺的刑克影响，从而导致该国多地发生洪灾，造成人员伤亡和财产损失等后果。,在印度国家星盘中，除了罗睺和金星对流年水星造成流年伤克外，本命土星和金星也正处于罗睺的流年伤克之下，这导致该国多地发生洪涝灾害，造成了人员伤亡和财产损失等。,
item_0511,in order to bring immediate results it will also be necessary to have constant monitoring of the implementation of the directive.,为了立即取得成效，还必须对该指令的实施情况进行持续监测。,为了立即取得成效，还必须对该指令的执行情况进行持续监测。,
item_0512,"For example, a series drop area is not displayed for a pie chart because pie charts consist of only one series.",例如，饼图不会显示系列放置区域，因为饼图仅由一个系列组成。,例如，饼图不显示系列拖放区，因为饼图仅由一个系列组成。,
item_0513,"3 When you filter a field, the drop-down arrow Field arrow for the filtered field changes to blue instead of black, and the AutoFilter button on the toolbar is selected.",3 筛选字段时，已筛选字段的下拉箭头（字段箭头）会由黑色变为蓝色，并且工具栏上的“自动筛选”按钮处于选中状态。,3 当您对某个字段进行筛选时，该筛选字段的下拉箭头将由黑色变为蓝色，并且工具栏上的“自动筛选”按钮会处于选中状态。,
item_0514,"You have heard, of course, that the Ministry is conducting more raids, said Mr Malfoy, taking a roll of parchment from his inside pocket and unravelling it for Mr Borgin to read.",“你当然已经听说，魔法部最近搜查得更严了，”马尔福先生说道，同时从衣服内袋里掏出一卷羊皮纸展平，好让博金先生过目。,“你当然听说了，魔法部正在进行更多的突击搜查，”马尔福先生说着，从内袋里取出一卷羊皮纸，展开给博金先生看。,
item_0515,"I looked at motocross and the more I looked, this one woman’s face kept coming up, in photographs that looked as if they were from the 1970s.",我开始研究越野摩托车，越看越发现，有一位女性的面孔不断出现在那些看起来像是20世纪70年代拍摄的照片中。,我关注着越野摩托车运动，越是了解，就越是频频看到同一个女人的脸，出现在那些仿佛拍摄于20世纪70年代的照片里。,
item_0516,The battles and demonstrations were provoked by the US assault on Fallujah.,这些战斗和示威活动是由美国对费卢杰的进攻引发的。,美军对费卢杰的攻势引发了这些战斗和示威活动。,
item_0517,"But quite abruptly, he had given up all that.",但他却相当突然地放弃了那一切。,但他却极其突然地放弃了那一切。,
item_0518,"They also made one other change, they are taking out the ""subject to recall"" language at the bottom of page 2 under item #1.",他们还作了另一处修改：删除了第2页底部第1项下“可随时召回”的表述。,他们还做了一处修改，删除了第2页底部第1项下的“视召回情况而定”字样。,
item_0519,"The taxpayer who has to pay for it, the smaller undertakings and species-friendly stock rearing all fall by the wayside.",不得不为此买单的纳税人、小型经营者以及符合动物福利要求的畜牧养殖全都被抛在一边。,不得不为此买单的纳税人、规模较小的企业以及符合动物福利的生态养殖业，最终都沦为了牺牲品。,
item_0520,Oh you make the usual mistake of seeing the life of the African people as a blank... and then the colonialists come along and we come to life – in your compounds and back yards.,哦，你又犯了那个常见的错误，把非洲人民的生活看成一片空白……仿佛殖民者一来，我们才活了起来——活在你们的宅院和后院里。,哦，你犯了那个司空见惯的错误，把非洲人民的生活看作一张白纸……仿佛只有当殖民者到来时，我们才有了生命——而这生命却只存在于你们的营地和后院里。,
item_0521,"he was one of those people who, late at night, suddenly have a desperate need of certain companions.",他属于那种人：每到深夜，便会突然极度渴望有某些特定的人作伴。,他是那种在深夜里，会突然无比渴望某些特定陪伴的人。,
item_0522,"No one will ever know whether the recent elections in Spain would have yielded a different result, if not for the train bombings a few days earlier.",若非几天前发生火车爆炸案，西班牙最近的大选是否会产生不同的结果，人们将永远无从得知。,如果不是几天前发生的列车爆炸案，西班牙最近的选举结果是否会有所不同，恐怕永远无人知晓。,
item_0523,We have done considerable research before coming to the conclusions before us tonight.,在得出今晚摆在我们面前的这些结论之前，我们做了大量研究。,在得出今晚摆在我们面前的这些结论之前，我们已经做了大量的研究。,
item_0524,"If the Dursleys wake up, I'm dead, said Harry as he tied the rope tightly around a bar and Fred revved up the car.",“要是德思礼夫妇醒了，我可就死定了，”哈利一边说，一边把绳子牢牢地系在窗栅栏上，弗雷德则猛踩油门让引擎轰鸣起来。,“要是德思礼一家醒了，我就死定了。”哈利一边把绳子紧紧系在一根铁栏杆上，一边说道；弗雷德则踩下油门，发动机轰鸣起来。,
item_0525,"When you create a link, Access will automatically set the ConnectionString property based on the contents of the connection file.",创建链接时，Access 会根据连接文件的内容自动设置 ConnectionString 属性。,当您创建链接时，Access 将根据连接文件的内容自动设置 ConnectionString 属性。,
item_0526,The Knight of the Sad Countenance does not give up his obsessions.,愁容骑士不肯放弃自己的执念。,愁容骑士决不放弃他的执念。,
item_0527,"Just because you're stuck, doesnt give you the right to drag down all the singles around you.",即便你自己脱不了单，也无权把身边的单身人士都拉下水。,你自己陷入困境，并不代表你有权把身边所有单身的人都拖下水。,
item_0528,"It seemed to Quinn that Stillman's body had not been used for a long time and that all its functions had been relearned, so that motion had become a conscious process, each movement broken down into its component submovements, with the result that all flow and spontaneity had been lost.",在奎因看来，斯蒂尔曼的身体仿佛已经许久未曾使用，所有机能都经过重新习得，以至于动作变成了一种有意识的过程，每一个举动都被拆解为构成它的细微动作，结果一切流畅性与自发性都已荡然无存。,在昆看来，斯蒂尔曼的身体仿佛长期弃置未用，所有的机能都是重新学来的，以至于活动成了一种刻意的过程，每一个动作都被拆解为细微的分解步骤，结果彻底失去了连贯与自然。,
item_0529,"Armed clashes broke out in several northern Iraqi cities on Wednesday, leaving some 22 persons dead in Mosul, Baiji, and Tuz.",周三，伊拉克北部数个城市爆发武装冲突，导致摩苏尔、拜伊吉和图兹等地约22人丧生。,周三，伊拉克北部数座城市爆发武装冲突，导致摩苏尔、拜吉和图兹约22人死亡。,
item_0530,"Trying hard to bear all this in mind, Harry took a pinch of Floo powder and walked to the edge of the fire.",哈利努力将这一切牢记在心，抓起一撮飞路粉，走到壁炉边缘。,哈利竭力把这一切牢记在心，捏起一撮飞路粉，走到炉火边。,
item_0531,"“The Vietnam War was winding down, and the Air Force was putting pilots in desk jobs.",越南战争已近尾声，空军开始把飞行员调往文职岗位。,“越南战争已接近尾声，空军正将飞行员调往文职岗位。,
item_0532,The Eastern phoebe is showing up about 20 days before it used to.,东菲比霸鹟如今比以往提前约20天出现。,东美霸鹟现身的时间比以往提前了大约20天。,
item_0533,Let me know if you have any questions.,如有任何疑问，请随时告诉我。,如有任何疑问，请随时告诉我。,
item_0534,"""Another generation of heavy metal has taken over, and -- sorry -- it ain't just about strippers and dope.",新一代重金属乐已经强势接管，而且——抱歉——这可不仅仅关乎脱衣舞娘和毒品。,新一代重金属乐已经接过大旗，而且——抱歉——它可不只是脱衣舞娘和毒品那一套。,
item_0535,We look forward to what the Commission has to say but I would sound a note of warning.,我们期待听取委员会的意见，但我想提出一点警示。,我们期待着委员会的表态，但我也想在此敲响警钟。,
item_0536,"One has to wonder whether the bright fellows in our government and military who set up the deals with these people don't know what they are, don't care, or know perfectly well.",人们不禁要怀疑，我们政府和军方中那些与这些人敲定交易的“聪明人”，究竟是不知道他们是什么货色，还是根本不在乎，抑或其实心知肚明。,人们不禁要问，我们政府和军方里那些促成这些交易的聪明人，究竟是不了解这些人的底细、不在乎，还是其实心知肚明。,
item_0537,We wouldn't want those terrorists to run out of shit to shoot at us.,我们可不想让那些恐怖分子没了朝我们开火的靶子。,我们可不想让那些恐怖分子没了朝我们开火的破玩意儿。,
item_0538,Turn up your sound a bit.,把音量调大一点。,把音量调大一点。,
item_0539,"Take care, my friend, Linda",保重，我的朋友。琳达,保重，我的朋友，琳达,
item_0540,I drafted the Into TVA Option as a series of calls tied to the MOPA delivery term and quantity - not sure if this anything close to what you all had in mind.,我将 Into TVA 期权起草为一系列看涨期权，其行权安排与 MOPA 的交付期限和交付数量挂钩——不确定这是否符合各位原本的设想。,我将“转入 TVA 期权”起草为了一系列与 MOPA 交付期限及数量挂钩的看涨期权——不确定这与你们的想法是否大致吻合。,
item_0541,"By 1998, Zawahiri had determined that the Egyptian Islamic Jihad should focus on its struggle against the United States and hold off on further attacks against the Egyptian regime.",到1998年，扎瓦希里已断定埃及伊斯兰圣战组织应当专注于对抗美国的斗争，而暂缓对埃及政权发动进一步袭击。,到1998年，扎瓦希里已经认定，埃及伊斯兰圣战组织应将斗争重心转向美国，并暂缓对埃及政权发动进一步袭击。,
item_0542,If this is the case I would like someone to walk me through June to see if the numbers did really work themselves out as there was a large swing in second order on June 29 that was not adjusted for.,如果情况确实如此，我希望有人能带我逐项核对6月份的数据，确认这些数字是否真的已经自行平衡，因为6月29日的二阶订单出现了大幅波动，但并未进行相应调整。,如果是这样的话，我希望有人能带我过一遍6月份的数据，看看这些数字是否真的自行轧平了，因为6月29日的二级订单存在一笔未作调整的大幅波动。,
item_0543,"Now, I would argue that one could have reasonably predicted that some form of military violence was likely to occur in Lebanon (considering that the country has been experiencing some form of conflict for approximately the last 32 years).",现在，我认为，人们本可合理预见到黎巴嫩很可能会发生某种形式的军事暴力（考虑到该国在过去约32年里一直处于某种形式的冲突之中）。,现在，我认为人们完全可以合理预测，黎巴嫩很可能会爆发某种形式的军事暴力（考虑到该国在过去大约32年里一直经历着某种形式的冲突）。,
item_0544,What's going on with the UBS weather position?,瑞银的天气头寸出什么事了？,瑞银那笔天气相关头寸是怎么回事？,
item_0545,Harlan provides great service.,哈兰的服务非常出色。,哈兰的服务非常周到。,
item_0546,Adidas is helping to clean up the Earth's oceans by using the waste floating around the world to make shoes.,阿迪达斯正利用全球海洋中的漂浮垃圾来制造鞋子，以此助力净化地球海洋。,阿迪达斯正利用漂浮在全球海洋中的废弃物制作鞋子，助力清理地球的海洋。,
item_0547,Harry tore back across the room as the landing light clicked on.,楼梯平台的灯咔嗒一声亮起时，哈利飞快地冲回房间另一头。,楼梯平台的灯咔哒一声亮起时，哈利猛地冲回了房间。,
item_0548,"Hope you've been storing up sleep, cause it looks like you won't be getting much for a while.",希望你最近存够了睡眠，因为看样子你接下来一阵子甭想睡个好觉了。,希望你之前已经攒够了觉，因为接下来一阵子恐怕没多少觉可睡了。,
item_0549,"No doubt he was; but he had been a couple of years already out there engaged in the noble cause, you know, and he probably felt the need at last of asserting his self-respect in some way.",毫无疑问，他是这样的；不过，你要知道，他已经在那儿为了那项崇高的事业奋斗了两年，所以他大概终于觉得有必要以某种方式来维护自己的自尊了。,毫无疑问，他的确如此；不过，你知道，他已经在那边为那项崇高事业效力了两年，到头来大概终于觉得有必要以某种方式维护一下自己的自尊了。,
item_0550,"Western sheep and cattle ranchers, on whose behalf this extermination campaign was conducted, gratefully dusted their hands of the wolf and wrote him off as a job well done.",西部的牛羊牧场主们——这场灭绝行动正是为他们而开展的——心满意足地拍净双手，认为狼患已圆满解决，便把狼从此一笔勾销。,西部牛羊牧场主们——这场消灭行动正是为了他们的利益而展开的——感激地拍拍手上的尘土，不再为狼操心，并将其视为一项大功告成的差事。,
item_0551,"""But architecture can build a bridge between the living and the dead and, to some extent, blur the boundaries.""",但建筑能够在生者与逝者之间架起一座桥梁，并在某种程度上模糊二者的界限。,“然而，建筑能够在生者与逝者之间架起桥梁，并在一定程度上模糊两者的界限。”,
item_0552,Copyright and the EU's principle of free competition should be taken into account in the televising of sports as of other events.,与转播其他活动一样，体育赛事的电视转播也应充分考虑版权以及欧盟的自由竞争原则。,体育赛事的电视转播应像其他活动一样，兼顾版权和欧盟的自由竞争原则。,
item_0553,"""They can freely write anything they like about our prophet, but if one raises doubts about the Holocaust he is either fined or sent to prison,"" he added.",“他们可以随意撰写任何有关我们先知的内容，但如果有人对纳粹大屠杀提出质疑，要么被罚款，要么被送进监狱，”他补充道。,“他们可以随心所欲地撰写任何关于我们先知的内容，但如果有人对犹太人大屠杀提出质疑，就会被判处罚款或被送进监狱，”他补充道。,
item_0554,"Jared, Ruth and I are going to go over all the Florida activity tomorrow morning.",明天上午，杰拉德、鲁思和我将一起过一遍佛罗里达州的所有活动安排。,明天上午，贾里德、露丝和我将一起审查佛罗里达州的所有活动情况。,
item_0555,Further to your call attached is a presentation I gave at the Canadian Risk Managers Conference in Edmonton in the fall of 2000.,根据您的来电，现附上我于2000年秋季在埃德蒙顿举行的加拿大风险管理者会议上所作的演示文稿。,承接之前的通话，附件是我于2000年秋季在埃德蒙顿举办的加拿大风险管理者大会上所做的演示文稿。,
item_0556,"Perhaps we should look at the death metal phenomenon less as an invitation to violence than as a couter-cultural response to the over hypocrisy of a large percentage of the 'Church-Morality' crowd, which gives a lot of lip service to loving thy neighbor, but doesn't apply that love very far beyond their own congregation.",也许，我们与其把死亡金属现象视为对暴力的煽动，不如把它看作一种反主流文化的回应，针对的是相当一部分“教会道德”人士公然的虚伪：他们把“爱邻如己”挂在嘴边，却很少把这种爱施予自己教会之外的人。,也许我们不应该将死亡金属现象视作对暴力的煽动，而更应将其看作是对很大一部分“教会道德”群体露骨虚伪的一种反主流文化回应——这群人嘴上把“爱邻如己”说得天花乱坠，实际上却根本不愿将这份爱延伸到他们自己的教区之外。,
item_0557,Entitlement to free abortions equates with women having the right to manage their lives and make decisions about their own bodies.,享有免费堕胎的权利，等同于女性拥有掌控自身生活和对自己的身体做出决定的权利。,享有免费人工流产服务的权利，意味着女性有权掌控自己的生活，并对自己的身体作出自主决定。,
item_0558,"So be sure to get your pet's memorial on the site and if you have a charity / rescue, make sure it is listed on their database so you can receive some of the profits from the site.",因此，请务必在网站上为您的宠物创建纪念页面；如果您经营慈善机构或救助组织，也请确保将其列入该网站的数据库，以便获得网站部分收益。,所以，请务必在网站上为您的宠物建立纪念页面；如果您运营着一家慈善或救援机构，请确保其已加入该网站的数据库，以便分享网站的部分收益。,
item_0559,Microsoft announced on Wednesday a new workplace chat tool poised to take on industry darling Slack.,微软周三宣布推出一款新的职场聊天工具，意在挑战业内宠儿 Slack。,微软周三宣布推出一款全新的工作场所聊天工具，准备与行业宠儿 Slack 一决高下。,
item_0560,Some recent research conducted by Oregon State University has given considerable credence to this idea.,俄勒冈州立大学近期开展的一些研究大大增强了这一观点的可信度。,俄勒冈州立大学最近开展的一些研究为这一观点提供了强有力的支持。,
item_0561,If you have any questions please do not hesitate to give me a call.,如果您有任何问题，请随时给我打电话。,如果您有任何疑问，请随时给我打电话。,
item_0562,But we do not take the view that including a corresponding reference to this in a recital can produce that result.,但我们并不认为，在序言部分对此作相应提及即可产生这一效果。,但我们并不认为，在序言中对此进行相应引用就能产生这一结果。,
item_0563,Let me know if acceptable and I will go ahead and execute.,如果可以接受，请告知，我将继续执行。,若您觉得可行，请随时告知，我便着手执行。,
item_0564,"Was looking after the upkeep of the road, he declared.",他声称，自己当时正在负责该路段的养护工作。,他声称自己当时负责道路的养护工作。,
item_0565,Does this mean that for June and for a certain portion of July we should not do anything and just make adjustments on a going forward basis (and assume everything will work out at month end)?,这是否意味着，对于6月以及7月的部分时间，我们无需采取任何措施，只需从今往后进行调整（并假定到月底一切都会顺利解决）？,这是否意味着，对于六月份和七月份的某一部分时间，我们什么都不用做，只需在后续进行调整（并假设到月底一切都会顺利解决）？,
item_0566,"If a query uses an alias that is the same as a base column name and you create a calculated field using the ambiguous name, the query will produce different results under each query mode.",如果查询使用了与基础列名相同的别名，并且你使用这个有歧义的名称创建了计算字段，则该查询在每种查询模式下都会产生不同的结果。,如果查询中使用的别名与基列名相同，并且您使用该歧义名称创建了计算字段，那么在不同的查询模式下，该查询将产生不同的结果。,
item_0567,"They can be bleak and eerie, often very exposed, often covered with antiquities like bronze age burial mounds, stone circles and settlements--until late in the bronze age they were rich farmlands,then a change in the climate caused the skies to cloud over and rain to wash the goodness from the soil.",这些地方常常荒凉而诡谲，大都毫无遮蔽，且遍布着青铜时代的墓冢、石圈和聚落等古迹——直到青铜时代晚期，这里还曾是肥沃的农田，随后气候骤变，天空阴云密布，雨水无情地冲刷掉了土壤中的养分。,它们可能荒凉而阴森，往往毫无遮蔽，常常遍布青铜时代墓冢、石圈和聚落等古迹——直到青铜时代晚期，它们还曾是肥沃的农田；后来气候变化使天空阴云密布，雨水将土壤中的养分冲刷殆尽。,
item_0568,"Though I am loathe to quote other writers at legnth in this space, this little bit from Dan Froomkin's ""White House Briefing"" column in the WashPost today is just too good to pass up (read the whole column here ):",虽然我不愿在此处长篇累牍地引用其他作者的话，但今天丹·弗鲁姆金在《华盛顿邮报》“白宫简报”专栏中写的这一小段实在太精彩了，令人不忍错过（点击此处阅读整篇专栏）：,尽管我向来不愿在这里大段引用其他作者的文字，但丹·弗鲁姆金今天在《华盛顿邮报》“白宫简报”专栏中的这一小段实在精彩，不容错过（点击此处阅读全文）：,
item_0569,The images turned out amazing.,成片效果太惊艳了。,这些照片拍出来效果太惊艳了。,
item_0570,"When you open a page, Access reads the connection file that is linked to the page, and based on the contents of the connection file, connects the page to the appropriate data source.",打开页面时，Access 会读取与该页面关联的连接文件，并根据连接文件的内容，将该页面连接到相应的数据源。,当您打开某个页面时，Access 会读取与该页面链接的连接文件，并根据该文件的内容，将该页面连接到相应的数据源。,
item_0571,It must be stamped out.,必须彻底铲除。,必须予以彻底根除。,
item_0572,i think they could get their asses kicked by cats.,我觉得他们可能会被猫揍得屁滚尿流。,我觉得它们能被猫揍得屁滚尿流。,
item_0573,only once it looked like my male cat was biting at her neck and then her stomach and she was meowing fairly loud and hissed once then he backed off and now they are fine.,只有一次，我那只公猫似乎在咬她的脖子，接着又是肚子，她叫得挺大声，还哈了一声，随后公猫就退开了，现在它们已经相安无事了。,只有一次看起来像是我的公猫在咬她的脖子，接着又咬她的肚子，她叫得挺大声，还哈了一次气，然后他就退开了，现在它们相安无事。,
item_0574,It's even made out to you.,而且还是开给你的。,这甚至还是写给你的。,
item_0575,What's going on dude?,怎么了，哥们儿？,老兄，咋回事啊？,
item_0576,"At the corner of 72nd Street and Madison Avenue, he waved down a cab.",在72街与麦迪逊大道路口，他招手拦下了一辆出租车。,在第72街和麦迪逊大道的拐角处，他招手拦下一辆出租车。,
item_0577,"Evelyn Odara spoke to her husband as no local woman would dare; yet he ignored it, as if turning the tables on her with his countrymen's assumption that what women said was not heard, anyway.",伊芙琳·奥达拉对丈夫说话的语气，是当地任何女性都不敢有的；他却不予理会，仿佛搬出他同胞们那一套“反正女人说话也没人听”的偏见，反将了她一军。,伊夫琳·奥达拉以当地女人绝不敢有的口吻同丈夫说话；可他却置若罔闻，仿佛借着同胞们那套“女人说什么反正没人听”的成见，反过来将了她一军。,
item_0578,"He had made it to the third or fourth paragraph when the man turned slowly toward him, gave him a vicious stare, and jerked the paper out of view.",他刚读到第三或第四段时，那人便缓缓转过身来，恶狠狠地瞪了他一眼，随即猛地将报纸抽离了他的视线。,他刚看到第三或第四段，那个男人便慢慢转过头来，恶狠狠地瞪了他一眼，随即猛地把报纸抽出了他的视线。,
item_0579,Some Armenian prelates have joined us for coffee and take part in the discussion.,几位亚美尼亚高级教士也来与我们一起喝咖啡，并参与讨论。,几位亚美尼亚教长加入了我们，一边喝咖啡一边参与讨论。,
item_0580,"When victims and witnesses speak up, at least sometimes a child is protected, the truth is exposed, and justice is done.",当受害者和目击者站出来发声时，至少有时会有孩子得到保护，真相得以揭露，正义得以伸张。,当受害者和证人勇敢发声时，至少有时孩子能得到保护，真相得以大白，正义得以伸张。,
item_0581,I am vacation until the 22nd but Per is up to speed and I would like to make sure that you keep up with him and any HR / Legal activity that may occur.,我将休假至22日，但Per已经了解最新进展；我希望确保你与他保持同步，并及时跟进可能发生的任何人力资源或法律相关事宜。,我休假到22号，但Per已经掌握了最新进展，我希望你能与他保持紧密沟通，并跟进任何可能发生的人力资源或法律事务。,
item_0582,Please leave as a word document and make any changes and additions that you think necessary.,请保留为Word文档，并进行您认为必要的任何修改和补充。,请保留为 Word 文档，并进行你认为必要的任何修改和补充。,
item_0583,"Two years ago, Pakistani President Pervez Musharraf was surprised when the leader of the main Islamist alliance -- Maulana Fazlur Rahman -- visited India and issued a series of highly conciliatory statements.",两年前，当巴基斯坦主要伊斯兰联盟领袖毛拉·法兹鲁尔·拉赫曼访问印度并发表了一系列极具和解色彩的言论时，巴基斯坦总统佩尔韦兹·穆沙拉夫深感意外。,两年前，巴基斯坦总统佩尔韦兹·穆沙拉夫曾对主要伊斯兰主义联盟领导人毛拉纳·法兹勒·拉赫曼访问印度并发表一系列极具和解意味的声明感到惊讶。,
item_0584,Set up last month to centralize merchant asset activities.,于上月成立，旨在集中管理商户资产相关事务。,上个月成立，旨在集中管理商户资产活动。,
item_0585,That's all I know; I've had nothing to do with it.,我知道的就这么多；这件事与我毫无关系。,我知道的就只有这些；这事跟我毫无关系。,
item_0586,Had Harry been stupid to take Dobby seriously?,哈利把多比的话当真，是不是太愚蠢了？,哈利把多比的话当真，是不是太傻了？,
item_0587,There must be strict rules in abattoirs to maintain the highest levels of hygiene.,屠宰场必须实行严格的规章制度，以保持最高水平的卫生。,屠宰场必须制定严格的规章制度，以保持最高水平的卫生。,
item_0588,Instead they are encouraging everyone to come forward if they see any potential problems (as it is clear that overlooked problems could result in unnecessary losses).,相反，他们鼓励大家一旦发现任何潜在问题就主动反映（因为显而易见，忽视问题可能会导致不必要的损失）。,相反，他们鼓励每个人一旦发现任何潜在问题就主动提出来（因为显然，被忽视的问题可能会导致不必要的损失）。,
item_0589,"After you have had the chance to review the attached, please send me a marked-up draft and we can discuss our concerns from there.",您在抽空审阅完附件后，请发给我一份修改留痕的草案，届时我们再据此讨论各自关切的问题。,请您审阅附件后，将带修订标记的草稿发给我，届时我们再进一步讨论各自关注的问题。,
item_0590,(The President cut off the speaker),（总统打断了发言人的话）,（总统打断了发言者的讲话）,
item_0591,Some of the corporate also get cheap air tickets because they tie up with some of the airlines for a certain period based on the discount and services they get from the airlines.,一些企业也能获得低价机票，因为它们会根据航空公司提供的折扣和服务，与部分航空公司签订一定期限的合作协议。,一些企业也能获得优惠机票，因为它们会根据航空公司提供的折扣及服务，与部分航空公司签订一定期限的合作协议。,
item_0592,"The numbers indicate that in his first four years, Bush not only showed up, he showed up a lot.",数据显示，在上任头四年里，布什不仅露了面，而且频频露面。,数据表明，在任期的前四年里，布什不仅没有缺席，反而频繁公开亮相。,
item_0593,there will be some girls there and then we can get them to meet up with us at that garden in the heights party later that night.,到时候那里会有几个女孩，我们可以约她们当天晚上晚些时候在“高地花园”派对上和我们碰头。,那里会有几个女生，到时我们可以约她们当晚晚些时候在那个“高地花园”派对上跟我们碰头。,
item_0594,"Seeing another ""Columbia"" incident can be quite frightening (I woke up to it early in the morning when I was in Texas).",看到又一起“哥伦比亚号”式的事故发生，确实令人心惊（当时我在得克萨斯，一大早醒来就得知了这个消息）。,目睹又一起“哥伦比亚号”式的惨剧着实令人心惊（当年我在德克萨斯，一大清早醒来就得知了这一消息）。,
item_0595,"If you must do this, retest the existing queries to ensure that they still run or produce expected results, and rewrite the queries if necessary.",如果必须这样做，请重新测试现有查询，确保它们仍能正常运行或生成预期结果，并在必要时重写这些查询。,如果必须这样做，请重新测试现有查询以确保其仍能运行或产生预期结果，并在必要时重写这些查询。,
item_0596,"Tuesday is all about getting out the vote, but it means nothing if a registered voter isn't on the list.",周二的关键在于全力动员投票，但如果已注册的选民不在名单上，一切努力都将徒劳无功。,周二的重中之重是动员选民出来投票，但如果已登记选民不在选民名册上，这一切都毫无意义。,
item_0597,I hadn't seen a lot of the episodes and then my phone started lighting up.,我之前很多集都没看过，然后我的手机就开始不停地亮起来。,我之前没看过多少集，接着我的手机就开始亮个不停。,
item_0598,"you get a really good view of the city and there is also attractions like simulator, short movies.",不仅能将迷人的城市风光尽收眼底，还能体验模拟器和微电影等精彩项目。,你可以欣赏到城市的绝佳景色，那里还有模拟器、短片等游乐项目。,
item_0599,"The Neocons in the CPA have all sorts of ulterior motives and social experiments they want to impose on the Iraqi people, including Polish-style economic shock therapy, some sort of sweetheart deal for Israel, and maybe even breaking the country up into three parts.",联盟临时管理当局（CPA）中的新保守主义者怀揣着各种不可告人的企图，妄图在伊拉克人民身上强加各种社会实验，其中包括波兰式的经济“休克疗法”、某种偏袒以色列的私下利益输送，甚至可能将该国分裂为三个部分。,联盟驻伊拉克临时管理当局中的新保守派怀有各种不可告人的动机，企图将各种社会实验强加给伊拉克人民，包括波兰式经济休克疗法、为以色列谋取某种利益输送式的特殊安排，甚至可能还包括把这个国家分裂成三部分。,
item_0600,The top two are going 'head to head' in a final vote on that opens on Wednesday on - http://www.stuff.co.nz/dominion-post/,排名前两位者将在周三于 http://www.stuff.co.nz/dominion-post/ 开启的最终投票中展开“正面对决”。,前两名将在周三开启的最终投票中展开“正面对决”，投票网址为 http://www.stuff.co.nz/dominion-post/,
item_0601,"On the other hand, a certain transition democracy, as in Jordan, may be a better temporary solution, paving the way for the real thing, perhaps in the same way that an immediate sudden democracy did not work in Russia and would not have worked in China.",另一方面，像约旦这样某种过渡时期的民主形式，或许是一个更好的权宜之计，能为实现真正的民主铺平道路，这正如那种一蹴而就的骤然民主在俄罗斯未能成功，在华也同样行不通一样。,另一方面，某种过渡性民主，例如约旦的模式，或许是更好的临时解决方案，能够为真正的民主铺平道路；这或许正如骤然引入的民主在俄罗斯并未奏效，在中国也本不会奏效一样。,
item_0602,"Once the Office Web Components are installed, users who have access to an Office 2002 license will be able to interact with and make changes to the components.",安装 Office Web 组件后，有权使用 Office 2002 许可证的用户将能够与这些组件交互并对其进行修改。,一旦安装了 Office Web Components，拥有 Office 2002 许可的用户将能够与这些组件进行交互并对其进行更改。,
item_0603,We look forward to hearing your comments.,期待听取您的意见。,我们期待您的反馈。,
item_0604,I have a couple of questions so I can wrap up the LOI:,为了能尽快定稿这份意向书（LOI），我还有几个问题想确认一下：,我有几个问题需要确认，以便完成意向书：,
item_0605,"When you move a field that has custom groups between row and column areas, the custom group fields that are based on the field move with the field.",当您在行区域和列区域之间移动具有自定义组的字段时，基于该字段的自定义组字段也会随之移动。,将包含自定义组的字段在行区域和列区域之间移动时，基于该字段的自定义组字段也会随该字段一起移动。,
item_0606,In practise it turns out that it is sometimes impossible to answer this question.,在实践中，事实证明有时这个问题是无法回答的。,实践表明，有时无法回答这个问题。,
item_0607,Finance and mentorship should go hand in hand.,资金与指导应当相辅相成。,资金支持与导师指导应相辅相成。,
item_0608,"Also, you can set the line style of borders. For example, you can specify that a border consists of dashes or dots.",此外，您还可以设置边框的线型。例如，您可以指定边框由虚线或点线组成。,此外，您还可以设置边框的线型。例如，可以指定边框由虚线或点线组成。,
item_0609,"She said, There're bulbs like you see in films round the star's dressing-table, and they light up and spell INDEPENDENCE HURRAH.",她说：“那儿有像电影里明星化妆台周围装的那种灯泡，它们一亮起来，就会拼出‘独立万岁’的字样。”,她说：“有一圈灯泡，像电影里明星化妆台周围的那种，一亮起来就拼出‘独立万岁’。”,
item_0610,But the long silence from Ron and Hermione had made Harry feel so cut off from the magical world that even taunting Dudley had lost its appeal – and now Ron and Hermione had forgotten his birthday.,可是，罗恩和赫敏长久以来音信全无，让哈利觉得自己仿佛与魔法世界彻底隔绝了，就连嘲弄达力也失去了乐趣——而现在，罗恩和赫敏竟连他的生日也忘了。,然而，罗恩和赫敏长期的音信全无让哈利感到自己与魔法世界彻底隔绝，甚至连戏弄达力都失去了乐趣——而如今，罗恩和赫敏竟然把他的生日也给忘了。,
item_0611,I'll get back to you as soon as I have more info (hopefully later today),一旦有了更多信息（希望是今天晚些时候），我会尽快回复您。,我一有更多消息就会尽快回复你（希望今天晚些时候）,
item_0612,The population had cleared out a long time ago.,当地居民早就已经搬空了。,居民早已撤离一空。,
item_0613,either way you also need to keep an eye on the temperature if you are using a dry fish tank as UV lights in my experience up the temperature significantly and without proper ventilation it can become an oven.,无论如何，如果你用的是干养鱼缸，也需要留意温度，因为依我的经验，紫外线灯会使温度大幅升高，如果通风不良，里面简直会变成烤箱。,无论如何，如果你用的是干鱼缸，都需要留意温度；根据我的经验，紫外线灯会使温度显著升高，如果通风不良，鱼缸可能会变得像烤箱一样。,
item_0614,"But air traffic controllers in Baghdad have no record of the flights, which supposedly took off between July 2004 and July 2005.",但巴格达的空管人员并没有这些航班的记录，而据称这些航班是在2004年7月至2005年7月之间起飞的。,但巴格达的空中交通管制员没有这些航班的记录，而这些航班据称是在2004年7月至2005年7月期间起飞的。,
item_0615,We look forward to your active participation to make this forum an exciting meeting place for like minded individuals.,我们期待您的积极参与，共同将本论坛打造成为志同道合者汇聚交流的精彩平台。,我们期待您的积极参与，共同将本次论坛打造为志同道合之士汇聚一堂的精彩平台。,
item_0616,"With protests going on in the Chilean capital of Santiago (from the economic summit), President Bush visited Chinese President Hu Jintao and other key allies in Santiago.",在智利首都圣地亚哥因经济峰会引发的抗议活动持续进行之际，布什总统在圣地亚哥会见了中国国家主席胡锦涛及其他重要盟友。,在智利首都圣地亚哥因经济峰会爆发抗议活动之际，布什总统在圣地亚哥会晤了中国国家主席胡锦涛及其他重要盟友。,
item_0617,Two months ago I had to have an operation for a serious complaint.,两个月前，我因患严重疾病不得不接受手术。,两个月前，我因身患重病不得不接受了一次手术。,
item_0618,Uncle Vernon might still have been able to make his deal – if it hadn't been for the owl.,要不是那只猫头鹰，弗农姨父本来还是有可能谈成那笔生意的。,若不是那只猫头鹰作梗，弗农姨父本来还是能谈成那笔生意的。,
item_0619,"I would like to informally get together with you on Wednesday, July 18 at 11:45 am - 1:00 pm (max) to talk about your recruiting experience with Enron Canada.",我想于7月18日（星期三）上午11:45至下午1:00（最晚）与您进行一次非正式会面，聊聊您在安然加拿大的招聘经历。,我想在7月18日（周三）上午11:45到下午1:00（最晚）之间，和您非正式地聚一聚，聊聊您在安然加拿大的求职经历。,
item_0620,DPA: Iraqi authorities announced that they had busted up 3 terrorist cells operating in Baghdad.,德新社：伊拉克当局宣布，已捣毁3个在巴格达活动的恐怖主义团伙。,德新社：伊拉克当局宣布破获了在巴格达活动的3个恐怖分子团伙。,
item_0621,"He was warned that they were building up a huge Army and would eventually launch an attack, but he ignored his military advisers.",他曾被警告说，他们正在集结一支庞大的军队，并最终会发动进攻，但他无视了军事顾问的建议。,有人曾警告他，对方正在集结庞大的军队并终将发动进攻，但他却对军事顾问的劝告置若罔闻。,
item_0622,Olympus X-940 14 Megapixel Digital Camera has filters and can do all sorts of special effects.,奥林巴斯 X-940 1400万像素数码相机内置滤镜，能够实现各种特殊效果。,奥林巴斯 X-940 1400万像素数码相机内置滤镜，可实现各种特殊效果。,
item_0623,"Greece, Italy, France, Spain and Austria, have understood that something has to be done and now have a presence in Albania.",希腊、意大利、法国、西班牙和奥地利已经认识到必须采取行动，如今已在阿尔巴尼亚建立了存在。,希腊、意大利、法国、西班牙和奥地利已意识到必须采取行动，目前已在阿尔巴尼亚派驻了力量。,
item_0624,If you concentrate on that feel just before the trot you can figure it out and the timing is essential to push her at that instant.,如果你专注体会她即将进入小跑前的那种感觉，就能掌握要领；关键是把握时机，在那一瞬间催她向前。,如果你能专注于马匹即将开始快步那一刻的感觉，就能找到窍门，而在那个瞬间催马向前，时机至关重要。,
item_0625,Good luck w/it & will pray for you to have the willpower to be smoke-free :),祝你好运，我会为你祈祷，愿你有足够的毅力成功戒烟 :),祝你好运！也会为你祈祷，愿你有毅力戒烟成功 :),
item_0626,This is a significant strategic change and it applies strong pressure on the terrorist countries.,这是一个重大的战略转变，并对恐怖主义国家施加了强大的压力。,这是一次重大的战略转变，并对恐怖主义国家施加强大压力。,
item_0627,I'm assuming it's to scare off predators / like how they will puff up their neck spikes to make them look bigger to predators or enemies.,我想这是为了吓跑捕食者，就像它们会鼓起颈部的棘刺，好让自己在天敌或敌人面前显得体型更大一样。,我猜这是为了吓退捕食者，就像它们会鼓起脖子上的尖刺，让自己在捕食者或敌人面前显得更大。,
item_0628,There was a change made in the coding for the delta position and this has somehow messed up the liq value.,对 delta 仓位代码的修改不知何故导致清算值出现了异常。,对 delta 头寸的代码进行了一处修改，不知为何导致 liq 值异常。,
item_0629,"Jared, Ruth and I are going to go over all the Florida activity tomorrow morning.",杰拉德、鲁思和我明天上午要一起过一遍佛罗里达州的所有活动。,明天上午，贾里德、露丝和我将一起梳理佛罗里达州的所有活动情况。,
item_0630,"You see, said Quinn, I'm not making it up. I even have proof.",“你瞧，”奎恩说，“我没瞎编。我甚至有证据。”,“你看，”奎因说，“我不是瞎编的。我甚至还有证据。”,
item_0631,"""Time is the best teacher, except for the fact that it kills off its best students""",“时间是最好的老师，只可惜它杀死了自己最优秀的学生。”,时间是最好的老师，可惜它总会杀死自己最优秀的学生。,
item_0632,He cross examined witnesses relentlessly and had them break down and tell the truth.,他对证人穷追不舍地交叉盘问，逼得他们心理防线崩溃，吐露真相。,他毫不留情地盘问证人，突破其心理防线，迫使他们吐露实情。,
item_0633,"As I mentioned, please let me know when it is ready, and I will send someone to pick it up.",正如我之前提到的，准备好后请通知我，我会派人去取。,如前所述，准备好后请告诉我，我会派人去取。,
item_0634,Just at that time the manager was the only man supposed to have any right to candles.,恰在那个时候，经理是唯一被认为有权使用蜡烛的人。,偏偏在那时候，按说只有经理一个人才有权领用蜡烛。,
item_0635,"If he or she did not, then they should have all the same rights as other Iraqis.",若非如此，他们理应享有与其他伊拉克人完全同等的权利。,如果他或她没有这样做，就应享有与其他伊拉克人完全相同的权利。,
item_0636,"Still, it was painful, and he struggled desperately to swallow his pride.",尽管如此，这依然令人痛苦，他拼命挣扎着才将自尊心吞下。,尽管如此，这依然令他痛苦不堪，他拼命想咽下这口傲气。,
item_0637,a rare form of retardation is showing up in that group more than anywhere else in the world.,一种罕见的智力发育迟缓在该群体中的发生率高于世界上其他任何地方。,一种罕见的智力发育迟缓在该人群中的发病率比世界其他任何地方都要高。,
item_0638,"Twinkle Twinkle lazy star Kitna soyega uthja yaar, up above the world so high, sun has risen in the sky, uthke jaldi pee le chai, then call me up and say ""HI""",一闪一闪懒星星，你要睡到几时醒；高高挂在天空里，太阳已经升天际；快快起床喝杯茶，再打给我说声“嗨”,一闪一闪懒星星，还要睡到何时呀，高高挂在天之涯，太阳早已升起啦，快快起床喝杯茶，再打电话说声“哈”。,
item_0639,I know you all are going to have so much fun with them.,我知道你们大家和他们在一起一定会玩得特别开心。,我知道你们一定会和他们玩得特别开心。,
item_0640,"Simplicity gave it that blessed, laudatory lack of clutter, the efficient and effective text-based ads, and the support of anyone with a dial-up connection.",简约使它拥有了那种令人欣慰、备受赞誉的清爽无杂，采用了高效且有效的文字广告，并赢得了所有拨号上网用户的支持。,简约的设计赋予了它那为人称道的清爽界面、高效实用的文本广告，以及所有拨号上网用户的鼎力支持。,
item_0641,"On July 4-5, again before the rescue, Le Monde had reported without comment wisecracks made by Amin in a speech at Port Louis.",7月4日至5日，同样是在人质营救行动之前，《世界报》便已不加评论地报道了阿明在路易港发表演讲时所说的俏皮话。,7月4日至5日，同样是在救援行动之前，《世界报》曾不加评论地报道了阿明在路易港一次演讲中所说的俏皮话。,
item_0642,"You made a choice to be a mommy, you dont get a break until they move out, thats the choice that you madea and that's life.",既然你选择了当妈，在孩子搬出去独立之前，你就别想歇着，这是你自己的选择，这就是生活。,你选择了当妈妈，在孩子们搬出去之前就别想有喘息的机会；这是你自己做出的选择，这就是生活。,
item_0643,"With Colin Powell around, the U.S. has no need of an Osama bin Laden",只要有科林·鲍威尔在，美国就用不着奥萨马·本·拉登。,只要有科林·鲍威尔在，美国就根本不需要奥萨马·本·拉登。,
item_0644,"Therefore he whacked the old nigger mercilessly, while a big crowd of his people watched him, thunderstruck, till some man, – I was told the chief's son, – in desperation at hearing the old chap yell, made a tentative jab with a spear at the white man – and of course it went quite easy between the shoulder-blades.",于是他毫不留情地痛打那个老黑鬼；一大群同族人惊得目瞪口呆，在旁看着，直到有个人——我听说是酋长的儿子——听见那老家伙惨叫，急得忍无可忍，才试探着用长矛朝那个白人刺了一下——自然，矛尖很轻易地扎进了他的两片肩胛骨之间。,因此，他毫不留情地痛打那个老黑人，而他的一大群族人则在旁看得目瞪口呆，直到有一个人——听说那是酋长的儿子——在听到那老家伙的惨叫声时，情急之下，用长矛试探性地朝那白人刺了一记——当然，矛头极其轻易地就穿透了那人的后背。,
item_0645,i am going out tonight to get wasted if anyone is interested.,我今晚打算出去买醉，有谁想一起的吗？,我今晚要出去喝个烂醉，有人感兴趣的话可以一起。,
item_0646,"right now, your male is fighting off an intruder, and he feels that all of the house is his.",此时此刻，你家的公猫正在击退入侵者，它觉得整个屋子都是它的领地。,现在，你家那只雄性宠物正在击退入侵者，它觉得整栋房子都是它的地盘。,
item_0647,well id just come straight out and tell them how you feel,嗯，我会直接开门见山地告诉他们你的感受。,那我觉得你还是直接向他们坦白你的感受吧,
item_0648,"The last I checked, the Satanists have a long way to go to catch up with the death and destruction dealt out by self-proclaimed (though false) Christians.",据我所知，撒旦教徒要想赶上那些自封（虽说虚假）的基督徒所造成的死亡与毁灭，还有很长的路要走。,据我所知，撒旦教徒若想赶上那些自称为基督徒（尽管并非真正的基督徒）的人所造成的死亡与毁灭，还差得远。,
item_0649,Can you please confirm which price is correct and make the change in Sitara if necessary?,请协助确认哪个价格才是正确的，并在必要时于 Sitara 系统中进行修改。,能否请您确认哪个价格是正确的，并在必要时在 Sitara 中进行修改？,
item_0650,"Please, make sure that we are billed.",请务必向我们开具账单。,请务必确保向我们开具账单。,
item_0651,"For example, I am concerned when I buy the monthly bus passes and I have to fill in my SS number.",例如，我在购买公交月票时需要填写自己的社会安全号码，这让我感到担忧。,例如，买公交月票时居然要填社保号，这让我挺担心的。,
item_0652,The only difference we had was for package V02.,我们唯一的差异在于 V02 包。,我们唯一的区别仅在于 V02 数据包。,
item_0653,"The chair was comfortable, and the beer had gone slightly to his head.",那把椅子坐着很舒服，啤酒也让他微微有些上头了。,椅子坐着很舒服，啤酒也让他有些微醺。,
item_0654,"Now that the Dursleys knew they weren't going to wake up as fruitbats, he had lost his only weapon.",既然德思礼一家已经知道自己不会一觉醒来变成果蝠，他便失去了唯一的武器。,既然德思礼夫妇知道自己不会一觉醒来变成食果蝙蝠，他就失去了唯一的武器。,
item_0655,I ran across this item on the Internet.,我在网上无意中发现了这个。,我在网上偶然发现了这个东西。,
item_0656,"I'm looking after Colonel Bray, no need to bother him.",有我照看布雷上校，不用去打扰他。,我在照看布雷上校，不必打扰他。,
item_0657,"Worse yet, what is going on will not let us alone.",更糟糕的是，正在发生的一切不会让我们独善其身。,更糟的是，眼下发生的一切不会让我们置身事外。,
item_0658,"For example, if you set a conditional filter to show the top two cities based on sales, followed by an autofilter on the ShippedCity field to include only five cities, the PivotTable view will show the top two of the five cities you selected.",例如，如果您设置条件筛选器以根据销售额显示排名前两位的城市，然后在 ShippedCity 字段上应用自动筛选器以仅包含五个城市，则数据透视表视图将显示您所选五个城市中排名前两位的城市。,例如，如果您设置条件筛选以显示销售额前两名的城市，随后又对“发货城市”字段设置自动筛选以仅包含五个城市，则数据透视表视图将显示您所选这五个城市中销售额前两名的城市。,
item_0659,British Conservatives also believe that the Commission is wrong to bring forward this proposal in the name of the European Single Market.,英国保守党人还认为，欧盟委员会以欧洲单一市场的名义提出这一提案是错误的。,英国保守党也认为，欧盟委员会以欧洲单一市场的名义提出这项提案是错误的。,
item_0660,We're gearing up for our 2001/02 recruiting campaign and we think your experience will help us define what works best and what can be improved in our process.,我们正全力筹备2001/02年度的招聘工作，相信您的经验将帮助我们明确现有流程中哪些环节最为行之有效，哪些地方仍有改进空间。,我们正着手筹备2001/02年度招聘活动，相信您的经验将有助于我们明确招聘流程中哪些做法最有效，以及哪些环节仍可改进。,
item_0661,"In a statement issued June 16, 2004, the 9/11 Commission Staff concluded that ""Al Qaeda had an ambitious biological weapons program and was making advances in its ability to produce anthrax prior to September 11.",在2004年6月16日发表的一份声明中，“9·11”委员会幕僚得出结论称，“在九一一事件之前，‘基地’组织拥有一项庞大的生物武器计划，并且在提高炭疽生产能力方面不断取得进展。”,在2004年6月16日发布的一份声明中，9·11委员会工作人员得出结论：“基地组织在9月11日之前拥有一项雄心勃勃的生物武器计划，并且在提升其生产炭疽杆菌的能力方面取得了进展。”,
item_0662,boob out?,露胸了吗？,胸露出来了吗？,
item_0663,"For that reason, he said, Kumaratunga's government was keen to beef up military preparedness with Indian support.",因此，他表示，库马拉通加政府急于在印度的支持下增强军事戒备能力。,他表示，正因如此，库马拉通加政府迫切希望在印度的支持下加强军事战备。,
item_0664,They can do tricks and they arent messy.,它们会表演小把戏，而且不会弄得乱七八糟。,它们会耍把戏，而且干净好打理。,
item_0665,I see we expect to have separate contracts for each project.,看来我们希望针对每个项目签署独立的合同。,我明白，我们预计会为每个项目分别签订合同。,
item_0666,"Although the origins of a movement that was confined largely to the literate culture of intellectual endeavor and patronage can be traced to the earlier part of the 14th century, many aspects of Italian culture and society remained largely Medieval; the Renaissance did not come into full swing until the end of the century.",尽管这场主要局限于学者求索与权贵赞助等精英文化圈的运动可追溯至14世纪早期，但意大利文化和社会的许多方面在很大程度上仍保留着中世纪特征；直到该世纪末，文艺复兴才真正进入鼎盛时期。,尽管这场运动的起源可追溯至14世纪早期，且其主要局限于由知识探索与赞助活动所支撑的书面文化领域，但意大利文化与社会的许多方面仍在很大程度上保留着中世纪特征；文艺复兴直到该世纪末才全面展开。,
item_0667,"Did you do a deal with National Fuel Marketing purchasing 3,500 mmbtu on May 30th @2.975?","您是否在5月30日与National Fuel Marketing达成过一笔交易，以2.975的价格购入3,500 mmbtu？","你是否与 National Fuel Marketing 达成了一笔交易，于5月30日以2.975的价格购买3,500 MMBtu？",
item_0668,They were voted down and the reasons will no doubt be put once again by Mrs Bonino.,他们被投票否决了，毋庸置疑，博尼诺女士将再次阐明个中原因。,这些提案已被表决否决，博尼诺夫人无疑会再次阐明相关理由。,
item_0669,There is a risk that observers underestimate the time that Al Qaeda has had to make progress in such recruitment and research and development.,存在这样一种风险，即观察家们可能会低估“基地”组织在人员招募和研发方面取得进展所拥有的时间。,外界观察人士可能低估了基地组织迄今可用于推进此类招募和研发工作的时间。,
item_0670,"You review and approve it, keep it on your desk, and I will come over and make the change at your desk on Monday.",您先审阅并批准，把它放在您的办公桌上，我周一过去在您桌上直接修改。,请您审阅并批准后，将它放在您的办公桌上，我周一会过去在您工位上进行修改。,
item_0671,I haven't even changed the wording after I first put it down.,自初稿落笔以来，我甚至连一个字都没改过。,我最初写下来之后，甚至连措辞都没改过。,
item_0672,"Quinn ate with crude intensity, polishing off the meal in what seemed a matter of seconds.",奎恩狼吞虎咽，吃相粗野，仿佛只用几秒钟就把饭菜一扫而光。,奎因吃相粗野，狼吞虎咽，仿佛只用了几秒钟便把饭菜一扫而光。,
item_0673,"As you see below, she is pulling those together.",正如您在下方所见，她正将这些整合在一起。,如下所示，她正在将这些内容汇总整理。,
item_0674,"At some points, as in the late 1980s, he reportedly made behind-the-scenes overtures to the Israelis to arrive at some sort of a deal.",据报道，在某些时期（如20世纪80年代末），他曾暗中向以色列人示好，以期达成某种协议。,据报道，在某些时期，例如20世纪80年代末，他曾在幕后向以色列方面试探接触，以期达成某种协议。,
item_0675,It is genetic and the child needs to get the gene from both parents to turn into a vegetable instead of a thinking child.,这是一种隐性遗传病，孩子只有同时从父母双方遗传该基因，才会变成无法思考的植物人，而不是一个有思维能力的健全孩子。,这是一种遗传性疾病，孩子必须同时从父母双方遗传到该基因，才会成为植物人，而无法成为有思维能力的孩子。,
item_0676,"In the room they had decided upon for his study, the desk from her great-grandfather that had naturally become his – a quiet field of black-red morocco scratched with almost erased gold – was a place to write the properly documented history of the territory (Mweta's country) that had never been done before; not the boxwood Colonial Office desk at which one dealt with government forms and made the empirical scribbles of administration or politics.",在他们选定给他作书房的那间屋里，那张传自她曾祖父、也就自然而然成了他的书桌——一方沉静的黑红色摩洛哥皮面，划痕间几乎磨尽的金纹依稀可见——才是用来书写这片领土（姆韦塔的国家）那部前所未有、资料翔实的正史之处；而不是那张黄杨木的殖民部办公桌，人们在那上面处理政府表格，草草写下行政或政治事务的经验性涂记。,在他们选定作他书房的房间里，那张传自她曾祖父、自然而然归了他所有的书桌——一片由黑红色摩洛哥皮铺就的静谧天地，上面还留有几近磨灭的金线划痕——才是用来撰写那部前所未有、考据详实的该领地（姆韦塔的国家）历史的地方；而不是那种用来处理政府公文、在行政或政治事务中进行事务性随手涂鸦的黄杨木殖民部书桌。,
item_0677,"Users without licenses will be able to view and print the components and the data in them, but they can not interact with or make changes to them.",未获得授权的用户可以查看和打印组件及其中包含的数据，但无法对其进行交互或修改。,未分配许可证的用户可以查看和打印组件及其中的数据，但无法与这些组件或数据进行交互，也无法对其进行更改。,
item_0678,"Alright, so my dad had been wanting me to check my e mail for a few days but I never got around to it.",好吧，我爸这几天一直想让我查一下邮箱，但我一直没顾上。,好吧，其实我爸前几天就一直催我查一下邮箱，但我一直抽不出空来。,
item_0679,It probably gives more bang for the buck than acquiring a private company and having to handle the inevitable culture clashes and process mis-matches.,相比于收购私营公司并被迫应对不可避免的文化冲突与流程失配，这很可能会带来更高的性价比。,相比收购一家非上市公司并不得不应对不可避免的文化冲突和流程错配，这样做的投入产出比可能更高。,
item_0680,"Did you get in as much trouble as I did this weekend - Lori seems to think I need to get help - I told her it's normal to drink all day at a bar, then go to dinner where you don't know half the people there and proceed to get extremely fucked up",你这周末惹的麻烦有我多吗？——洛里好像觉得我该去看看心理医生了——我跟她说，在酒吧喝上一整天，接着去一个连一半人都不认识的饭局，然后继续把自己灌得烂醉如泥，这简直再正常不过了。,这个周末你惹的麻烦有我这么多吗？洛莉好像觉得我该去寻求帮助。我跟她说，在酒吧喝上一整天，然后去参加一场饭局，席上有一半人你都不认识，接着继续喝到烂醉如泥，这很正常。,
item_0681,Did you get a chance to find those GTC's for ENA that you can forward this way?,你有没有抽空找到那些 ENA 的 GTC 文件，并可以转发给我们？,你手头有ENA的那几份通用交易条款（GTC）吗？方便的话能不能顺便转发给我？,
item_0682,The annual survey also revealed that worries about taking on fresh financial burdens has rocketed.,年度调查还显示，人们对承担新财务负担的担忧已急剧上升。,这项年度调查还显示，人们对承担新的财务负担的担忧急剧上升。,
item_0683,"So I may as well just come out with it: It is pretty suspicious, given the Neocon predominance in the CPA and in the upper reaches of the Defense Department that on April 2 AP reported of Muqtada:",那我也就不妨直说了：鉴于新保守主义者在联盟驻伊拉克临时权力机构（CPA）以及国防部高层的绝对主导地位，美联社在4月2日对穆克塔达的报道就显得相当可疑了：,所以我不妨直说：鉴于新保守派在联盟临时管理当局（CPA）和国防部高层占据主导地位，4月2日美联社有关穆克塔达的报道相当可疑：,
item_0684,2) Target Israel and encourage the worst elements of the Palestinians by playing on the iron fist policies of the Sharon government.,2）针对以色列，并利用沙龙政府的铁腕政策来煽动巴勒斯坦人中最极端的势力。,2）把矛头指向以色列，并利用沙龙政府的铁腕政策，助长巴勒斯坦人中最极端的势力。,
item_0685,"For example, some snakes will routinely go off their food in both the summer and winter, feeding mainly in spring and fall.",例如，有些蛇通常会在夏季和冬季拒食，主要在春季和秋季进食。,例如，有些蛇常会在夏冬两季停食，主要在春秋两季进食。,
item_0686,You can group based on the first n characters of the individual items.,您可以根据单个项目的前 n 个字符进行分组。,你可以根据各个条目的前 n 个字符进行分组。,
item_0687,"His military intelligence has captured major figures like Abu Zubayda and Khalid Shaykh Muhammad, as well as nearly 500 other al-Qaeda operatives, over 400 of whom the Pakistanis have turned over to the US.",他的军事情报机构抓获了阿布·祖贝达和哈立德·谢赫·穆罕默德等重要人物，以及近500名其他“基地”组织人员，其中400多人已被巴基斯坦方面移交给美国。,他的军事情报部门逮捕了阿布·祖贝达和哈立德·谢赫·穆罕默德等重要人物，以及近500名其他“基地”组织成员，其中400多人已被巴基斯坦方面移交给美国。,
item_0688,"Where does all her energy come from? Or that voice, which can blast out with a force to induce shockwaves?",她那仿佛用之不竭的活力究竟从何而来？还有那能爆发出冲击波般震撼力量的声音，又是源自何处？,她哪来这么旺盛的精力？还有那嗓音，一开口就能爆发出足以掀起冲击波的力量？,
item_0689,"The Kerry camp blames Bush for the Swift boat veterans’ attack, but anyone who has spent much time talking to the Swifties gets the sense that they are doing it entirely for their own reasons.",克里阵营将“快艇老兵”的攻击归咎于布什，但任何与这些快艇老兵有过深入交谈的人都会感觉到，他们这样做完全是出于自身的原因。,克里阵营将“快艇老兵”的攻击归咎于布什，但任何与这些“快艇派”深入交谈过的人都会感觉到，他们这样做完全是出于自己的原因。,
item_0690,"They made conversation about the radio and television coverage of the celebrations, and from this broke into talk that interested them both:",他们闲聊起广播和电视对庆祝活动的报道，并由此话锋一转，聊起了两人都感兴趣的话题：,他们先闲聊起广播和电视对庆祝活动的报道，随后便由此转入了一个双方都感兴趣的话题：,
item_0691,"These works were written under the name of William Wilson, and he produced them at the rate of about one a year, which brought in enough money for him to live modestly in a small New York apartment.",这些作品是以威廉·威尔逊的名义写成的，他大约每年创作一部，所得收入足以让他在纽约的一间小公寓里过上简朴的生活。,这些作品均以威廉·威尔逊的笔名写就，他以大约一年一部的速度创作，所得收入足以供他在纽约的一间小公寓里过着简朴的生活。,
item_0692,He naturally assumes you'll come out of exile.,他理所当然地认为你会结束流亡生涯。,他自然以为你会结束流亡归来。,
item_0693,"Ever since he ate up Red Riding Hood's grandma and blew down the houses of two-thirds of the Three Little Pigs, the Big Bad Wolf has held a persistently bad reputation.",自打吃掉了小红帽的奶奶，又吹垮了三只小猪中那两只的房子，大灰狼就一直背负着洗不掉的恶名。,自从吃掉小红帽的奶奶，又吹倒三只小猪中两只的房子以来，大灰狼便一直背负着难以摆脱的恶名。,
item_0694,Harry hadn't told the Dursleys this; he knew it was only their terror that he might turn them all into dung beetles that stopped them locking him in the cupboard under the stairs with his wand and broomstick.,哈利并没有把这事告诉德思礼夫妇；他深知，要不是他们害怕他会把他们通通变成屎壳郎，早就把他连同魔杖和飞天扫帚一起锁进楼梯底下的碗橱里了。,哈利没有把这件事告诉德思礼一家；他知道，正是因为他们害怕他会把他们全都变成屎壳郎，才没把他连同魔杖和飞天扫帚一起锁进楼梯下的碗橱里。,
item_0695,We pointed out to the PX that there was excess credit.,我们向PX指出，账上存在超额贷方余额。,我们向PX指出存在多余的贷记款项。,
item_0696,"While most U.S. secretaries of state -- save perhaps Dean Rusk -- have gobbled up credit for outcomes that they had little to do with, few have been as brazen as Colin Powell.",尽管大多数美国国务卿——或许迪安·腊斯克除外——都曾对与自己几乎无关的成果大肆揽功，但少有人像科林·鲍威尔这般厚颜无耻。,尽管大多数美国国务卿——或许只有迪安·腊斯克除外——都乐于将与自己毫无关系的功劳揽在身上，但很少有人像科林·鲍威尔那样厚颜无耻。,
item_0697,I KNOW YOU HAVE A LOT GOING ON WITH YOU AND THE LITTLE WOMAN.,我知道你和你家那位最近有不少事要忙。,我知道你和你那口子最近挺多事要忙的。,
item_0698,"It was the business community in India that stepped in after Vajpayee indulged in an empty bout of saber rattling in 2002, pointing out that the only beneficiary of the mythical perception that war -- especially nuclear war -- was around the corner in the subcontinent was China.",2002年，瓦杰帕伊进行了一番空洞的武力恫吓之后，正是印度商界出面介入，指出那种认为南亚次大陆战争——尤其是核战争——迫在眉睫的虚幻看法的唯一受益者是中国。,2002年，在瓦杰帕伊进行了一番虚张声势的武力威胁之后，正是印度商界及时介入并指出，外界关于南亚次大陆战争（尤其是核战争）一触即发的虚幻认知，其唯一的受益者只有中国。,
item_0699,"After training, Bush kept flying, racking up hundreds of hours in F-102 jets.",完成训练后，布什继续执飞，驾驶F-102喷气式战机累计飞行了数百小时。,完成训练后，布什继续飞行，驾驶F-102喷气式战斗机累计飞行数百小时。,
item_0700,"If it is hard to see how Baathist Iraq posed any real threat to Israel, it is not so difficult to see a menace in the current instability.",如果说很难看出复兴党统治下的伊拉克对以色列构成了什么实际威胁，那么要在当前的动荡局势中看到威胁就并非难事。,如果说很难看出复兴党统治下的伊拉克对以色列构成过任何真正威胁，那么当前的动荡局势中所蕴含的威胁则不难察觉。,
item_0701,We have updated our site to include a LOST and FOUND page and you can now join our branch and make a secure on-line donation to the charity.,我们已更新了网站，新增了“失物招领”版块，现在您可以加入我们的分会，并安全地在线向本慈善机构捐款。,我们已更新网站，新增了“失物招领”页面；您现在还可以加入我们的分会，并向该慈善机构进行安全的在线捐款。,
item_0702,"It is accompanied by the further reflection (partly proud, mostly bitter) that we Jews seem to have a genius for finding the heart of the crisis.",随之而来的还有更深一层的反思（带着几分自豪，但更多的是苦涩）：我们犹太人似乎有一种天赋，总能直击危机的核心。,这还伴随着一层更深的反思（其中有几分自豪，但更多是苦涩）：我们犹太人似乎有一种直探危机核心的天赋。,
item_0703,"To draw a game you have dominated is easy to brush off, but to do so three times is a row suggests a weakness.",一场本已占据绝对优势的比赛最终以平局收场，或许还容易让人释怀；但接连三场皆是如此，则说明存在某种软肋。,在一场占尽优势的比赛中被逼平，或许还可以一笑置之；但连续三次如此，就暴露出了软肋。,
item_0704,"I well remember what intelligent, informed people were saying in the last years of the Weimar Republic, what they told one another in the first days after Hindenburg had brought in Hitler.",我清楚地记得，在魏玛共和国的最后几年里，那些有知识、有见地的人都在说些什么，也记得在兴登堡引狼入室、让希特勒上台后的最初几天里，他们又是如何彼此相告的。,我清楚地记得，在魏玛共和国的最后几年里，那些有见识、消息灵通的人们说过些什么；也记得在兴登堡把希特勒扶上台后的最初几天里，他们彼此间又说了些什么。,
item_0705,"OSU forestry professors William Ripple and Robert Beschta have found that wolves actually promote stream-bank stabilization, although they have given the phenomenon the unfortunate name of ""the ecology of fear"" -- something that smacks of the horrible PR resulting from the wolf's relationships with Riding Hood and the Three Pigs.",俄勒冈州立大学林业教授威廉·里普尔和罗伯特·贝什塔发现，狼实际上有助于稳定河岸，尽管他们给这一现象起了一个不讨喜的名字——“恐惧生态学”——这不免让人联想到狼在《小红帽》和《三只小猪》的故事中所留下的糟糕公关形象。,俄勒冈州立大学林学教授威廉·里普尔和罗伯特·贝施塔发现，狼实际上有助于稳定溪流河岸，尽管他们给这一现象取了个不太讨喜的名字——“恐惧生态学”——这听起来不免让人联想到狼因《小红帽》和《三只小猪》而背上的糟糕公众形象。,
item_0706,"He didn't take a dislike to the kids for ""no"" reason!",他可不是“无缘无故”就讨厌那些孩子的！,他可不是“无缘无故”就讨厌那些孩子的！,
item_0707,"Making his way through the press of oncoming bodies, Quinn made a tour of the numbered gates, looking for hidden staircases, unmarked exits, dark alcoves.",在迎面挤来的人群中艰难穿行，奎因把那些排了号的出入口巡视了一圈，寻找着隐蔽的楼梯、无标记的出口和阴暗的角落。,奎因在迎面涌来的人潮中艰难穿行，逐一巡视那些编号登机口，寻找隐蔽的楼梯、没有标识的出口和昏暗的凹室。,
item_0708,"To make matters even more confusing, there are two Mark Taylors.",更让人困惑的是，竟然有两个马克·泰勒。,更令人困惑的是，竟然有两个马克·泰勒。,
item_0709,Any chance we can get together for dinner Saturday eve.?,周六晚上有空一起吃个晚饭吗？,周六晚上有空一起吃晚饭吗？,
item_0710,"Most Fridays I'm going to TRY to pick Michael up since I'm away so much, which means leaving by 445 or so.",大多数周五我会尽量去接迈克尔，因为我经常不在家，这意味着我得在4点45分左右出门。,因为我经常出差在外，所以大多数周五我都会尽力去接迈克尔，这意味着我四点四十五左右就得动身。,
item_0711,"(this way the will associate your hand with food, and birds love food lol) Then I turned on the tv and watch.",（这样它们就会把你的手和食物联系起来，毕竟鸟类可是个大吃货，哈哈）然后我打开电视看了起来。,（这样它们就会把你的手和食物联系起来，而鸟儿都超爱吃东西，哈哈）然后我打开电视看了起来。,
item_0712,"As he opened the door that would lead him into the lobby, he gave himself one last word of advice.",在推开那扇通往大堂的门时，他最后一次在心中默默告诫了自己一句。,在打开通往大厅的那扇门时，他给了自己最后一句忠告。,
item_0713,"""So let us make a deal.",那么，我们做个交易吧。,那么，让我们达成一项交易吧。,
item_0714,"The person who best explains this, and helps me out the best with my question will be REWARDED WITH TEN POINTS!!!!!!!",谁解释得最清楚、对我这个问题帮助最大，谁就会获得10分奖励！！！！！！！,谁能把这个问题解释得最清楚、对我的帮助最大，就能获得10分悬赏！！！！！,
item_0715,There was a change made in the coding for the delta position and this has somehow messed up the liq value.,对 delta 仓位代码的修改不知为何导致清算值出现了异常。,对 delta 仓位相关代码进行了修改，结果不知为何导致 liq 值出现异常。,
item_0716,Take care,保重,保重,
item_0717,"We didn't know what we were going to land up doing, either.",我们当时也不知道自己最终会去做些什么。,我们也不知道自己到头来会做些什么。,
item_0718,"When these same leaders make other statements, the Western media report them as if they could be true.",当这些同样的领导人发表其他言论时，西方媒体却将其当作可能属实来报道。,当这些领导人发表其他言论时，西方媒体却煞有介事地进行报道，仿佛其内容属实一般。,
item_0719,"When those lucky enough not to have Herpes create a climate of shame and indignity for those of us who do, not only are they hurting us, but they are hurting themselves.",当那些有幸未感染疱疹的人为我们这些感染者制造羞耻与屈辱的氛围时，他们伤害的不仅是我们，也是在伤害他们自己。,那些有幸未感染疱疹的人，若给身患此病的我们营造一种充满羞耻与屈辱的氛围，不仅是在伤害我们，也是在伤害他们自己。,
item_0720,Being well-informed will give you certainty and that is desirable in a world of conflicting reports.,掌握详实的信息能给你带来确定性，而在一个众说纷纭的世界里，这正是人们所向往的。,充分掌握信息会让你更加笃定，而在一个众说纷纭的世界里，这尤为可贵。,
item_0721,"It turns out one of the surest barometers of the warming climate is the response of the non-human natural world to changing conditions, and biologists who study the responses have been aware for some years the biosphere is acknowledging global warming.",事实证明，气候变暖最确凿的晴雨表之一，正是非人类自然界对环境变化的反应；而研究这些反应的生物学家早在多年前就已意识到，生物圈正在对全球变暖做出回应。,事实证明，衡量气候变暖最可靠的晴雨表之一，是非人类自然界对不断变化的环境条件所作出的反应；研究这些反应的生物学家多年来已经意识到，生物圈正在对全球变暖作出回应。,
item_0722,"Your application is still evaluated on a number of criteria, not all of them as ""cast in steel"" as the points.",您的申请仍将依据多项标准进行评估，而这些标准并非都像积分那样“板上钉钉”。,你的申请仍会根据多项标准进行评估，其中并非所有标准都像分数那样“板上钉钉”。,
item_0723,"We all know what happened, but even to this day, there are many different versions and opinions on how it happened and what effect Chernobyl will have on the health of people affected by the fallout.",我们都知道发生了什么，但时至今日，关于事件是如何发生的，以及切尔诺贝利对受放射性尘埃影响人群的健康会产生何种影响，依然存在着许多不同的说法和观点。,我们都知道发生了什么，但即便到了今天，对于事故究竟是如何发生的，以及切尔诺贝利对受放射性尘埃影响的人们的健康将产生何种影响，仍然存在许多不同的说法和观点。,
item_0724,"The games will have to take place on Fri, Sat, or Sun.",比赛必须在周五、周六或周日举行。,比赛必须在周五、周六或周日举行。,
item_0725,"He cleared the table of the breakfast dishes, tossed the newspaper on the couch, went into the bathroom, showered, shaved, went on to the bedroom wrapped in two towels, opened the closet and picked out his clothes for the day.",他把早餐餐具从桌上收拾干净，将报纸随手扔到沙发上，走进浴室淋浴、刮脸，随后裹着两条毛巾进了卧室，打开衣柜，挑选当天要穿的衣服。,他收拾好餐桌上的早餐饮具，把报纸随手扔在沙发上，接着走进浴室，冲澡、剃须，随后裹着两条毛巾回到卧室，打开衣柜，挑好了当天要穿的衣服。,
item_0726,"Like you said ""the kids egg him on"".",<OUTPUT_BLOCKED>,就像你说的，“孩子们在怂恿他”。,
item_0727,"We step into the street and my friend David Shahar, whose chest is large, takes a deep breath and advises me to do the same.",我们走到街上，我的朋友大卫·沙哈尔挺起他那宽阔的胸膛，深深地吸了一口气，并建议我也这样做。,我们走到街上，我那胸膛宽阔的朋友大卫·沙哈尔深吸了一口气，并劝我也照做。,
item_0728,"Jane, on deal 763736 for May 01 sales to Southwest Gas, we have a pricing discrepancy.",Jane，关于5月1日售予Southwest Gas的763736号交易，我们发现定价存在差异。,Jane，关于5月1日向西南燃气销售的第763736号交易，我们发现存在价格偏差。,
item_0729,You can try picking up the eggs and holding it up against a very bright light.,你可以试着把鸡蛋拿起来，对着强光照一照。,你可以试着拿起蛋，对着强光照一照。,
item_0730,"Sharon's hard line has worked in tandem with Hamas's terrorism to ratchet up tensions further and further, which spill over into the Muslim world and serve as a recruiting tool for al-Qaeda in its search for agents willing to hit the United States.",沙龙的强硬路线与哈马斯的恐怖活动相互推波助澜，致使紧张局势不断加剧并波及整个伊斯兰世界，这恰恰成为了基地组织招募甘愿袭击美国的效命之徒的得力工具。,沙龙的强硬路线与哈马斯的恐怖主义相互推波助澜，使紧张局势不断升级，并外溢至穆斯林世界，成为“基地”组织招募愿意袭击美国的行动人员的工具。,
item_0731,"Even a little time spent receiving wholesome, uncontaminated food, good medical care, etc. can add years to their lives.",即便只是短暂地获得健康无污染的食物、良好的医疗照护等，也能为他们延长数年寿命。,哪怕只是花少许时间获得健康无污染的食物、良好的医疗照护等，也能让他们的寿命延长多年。,
item_0732,"Please let me know if this sounds good, and if you have any question, please ask.",如果您觉得这样可行，请告诉我；如有任何问题，请随时提问。,如果您觉得这样合适，请告诉我；如有任何疑问，请随时提出。,
item_0733,They believed that genuine democracy was now on its way.,他们相信，真正的民主如今已指日可待。,他们坚信，真正的民主即将来临。,
item_0734,This terrorist organization can now only pull off far less sophisticated bombings and attacks.,该恐怖组织如今只能发动技术含量低得多的爆炸与袭击。,这个恐怖组织如今只能实施技术含量低得多的爆炸和袭击。,
item_0735,Access ReportML will not write out any empty tags.,Access ReportML 不会输出任何空标签。,Access ReportML 不会输出任何空标签。,
item_0736,"But watch out for Foster, said the counterman.",“不过可得提防福斯特，”柜台伙计说。,“不过得提防着点福斯特，”柜台伙计说道。,
item_0737,"It was the evening when Bray, Neil, Evelyn Odara, one of the South African refugees, the Pettigrews, and a few others set off for the Sputnik Bar.",那天傍晚，布雷、尼尔、南非难民之一伊夫琳·奥达拉、佩蒂格鲁夫妇以及另外几个人出发前往斯普特尼克酒吧。,那天傍晚，布雷、尼尔、南非难民之一的伊芙琳·奥达拉、佩蒂格鲁夫妇以及其他几个人一起出发前往人造卫星酒吧。,
item_0738,"For example, you can filter for the top 25 % or bottom 25 % of salespeople based on the number of orders handled.",例如，您可以根据处理的订单数量筛选出业绩排名前 25% 或后 25% 的销售人员。,例如，您可以根据处理的订单数量，筛选出业绩排名前 25% 或后 25% 的销售人员。,
item_0739,"In this case, following the talent leads me to think that Google will be making an announcement this year that formalizes the Google-Mozilla/Firefox relationship.",在这种情况下，顺着人才流向来看，我认为谷歌今年将会发布一项声明，正式确立谷歌与 Mozilla/Firefox 的合作关系。,在这种情况下，顺着人才流向来判断，我认为谷歌今年将宣布正式确立与 Mozilla/Firefox 的合作关系。,
item_0740,I honestly have no idea what to expect or prepare for and calling in to get professional advice from either of the embassies costs by the minute- which I really don't have the money for.,说实话，我完全不知道会面临什么，也不知该准备些什么，而打电话给任何一家大使馆咨询专业建议都是按分钟收费的——我手头实在拮据，根本付不起这笔钱。,说实话，我完全不知道会遇到什么情况，也不知道该做哪些准备；而打电话向任一使馆咨询专业意见都是按分钟收费的，这笔钱我实在负担不起。,
item_0741,Phil if you could please make copies and distribute ASAP.,菲尔，请尽快复印并分发。,菲尔，请尽快复印并分发。,
item_0742,"Indeed, given how Bush has rampaged around the world alienating allies and ignoring vital conflicts with the potential to blow back on the US, one might well argue that Edwards knows more now than Bush does.",的确，鉴于布什在全球肆意妄为，疏远盟友，又无视那些可能反噬美国的重大冲突，人们完全可以说，爱德华兹如今比布什懂得更多。,的确，考虑到布什如何在全球四处树敌、疏远盟友，并对那些可能反噬美国的重大冲突视而不见，人们完全有理由认为，如今的爱德华兹甚至比布什更懂国际局势。,
item_0743,"Checked in real late, but staff was very kind and helpful.",虽然办理入住已经很晚了，但工作人员依然非常友善且乐于助人。,虽然很晚才办理入住，但工作人员非常友善且乐于助人。,
item_0744,Filtering based on the data in one cell (Filter by Selection),根据一个单元格中的数据进行筛选（按所选内容筛选）,根据单个单元格中的数据进行筛选（按所选内容筛选）,
item_0745,He put them on in a kind of trance.,他神情恍惚地把它们穿上了。,他恍恍惚惚地把它们穿上了。,
item_0746,The vote will take place tomorrow at 12 noon.,投票将于明天中午12点举行。,投票将于明天中午12点举行。,
item_0747,"As he crossed the threshold and entered the apartment, he could feel himself going blank, as if his brain had suddenly shut off.",当他跨过门槛步入公寓时，只觉得脑海中一片空白，仿佛大脑瞬间断了电。,当他跨过门槛走进公寓时，他感觉脑子一片空白，仿佛大脑突然宕机了一般。,
