item_id,doc_id,src,hypo_A,hypo_B,label,notes
best-pair-0001,44760-rus_Cyrl,"<p>Outside of court a never ending stream of flying monkeys has doxxed, harassed and threatened me and anyone they believe have ""helped"" me in anyway shape or form.<br>One flying monkey is the tiktoker Areej ""liberationluvr"" Hakim who jumped on my ex's public posts, and knows my ex privately.<br>I'll re-post some of their videos about me with a CW.<br>But I want to make it clear how much these people wish to erase me and my few accomplishments.<br>Here's violent threats about a witness in my case.</p>
<p>This tiktoker has made it their PRIMARY content to attempt to dox me, my friends and specifically witnesses to my illegal eviction.<br>In the video they made about me they attempt to paint me as ""not an activist"", ""not a hacker"" and ""just a grifter"".<br>ALL because my ex decided that splitting bills while navigating a break constituted domestic violence.<br>They then call their constant online lynch mob chasing me around ""activism"" and fund raise off MY pain and court process.<br>#ParentingWhileBlack</p>
<p>Areej ""solidarityluvr"" is known locally for posting tiktoks of herself stalking + harassing multiple of her ex's all on her tiktok+IG.<br>Areej maced a trans librarian, Canyon, ON camera as she got off work likely bc Canyon had to enforce BASIC library rules.<br>Areej cyberbullied Canyon for months after.<br>Canyon soon thereafter died of a suspected intentional drug overdose.<br>Many in the community believe Areej's actions directly contributed to Canyon's death.<br>THESE are the ""friends"" my ex keeps.</p>
<p>Anywho... this type of leftist infighting, is the worst portlandia coded telenovela ever.<br>I've NEVER posted anything at all publicly about Areej till now.<br>Areej did contact me 2years ago with some infighting, which I immediately DECLINED to be involved with.<br>I had a few private &amp; community conversations about the issues they raised to ensure a restorative justice process had or would occur.<br>One had occured and had plenty of support so I bowed out.<br>This had been the extent of our contact.</p>
<p>At the time I bowed out I warned the community against cyber bullying especially 3rd parties to the initial interpersonal conflict.<br>This warning was directed to Areej, I felt their cyber bullying ON top of the already existing decisions in their favor was in poor taste.<br>I especially felt Areej doxxing the restorative justice committee/mediators DURING the process was actively abusive.<br>I warned specifically about the likelihood of Areej's victims self harming being a real risk.</p>","<p>Вне суда бесконечный поток летающих обезьян доксил, травил и угрожал мне и всем, кого они считают хоть как-то, в любой форме, «помогавшими» мне.<br>Одна из этих летающих обезьян — тиктокерша Areej ""liberationluvr"" Hakim, которая налетела на публичные посты моего бывшего, и знает его лично.<br>Я заново выложу несколько их видео обо мне с CW.<br>Но я хочу ясно дать понять, насколько сильно эти люди хотят стереть меня и мои немногие достижения.<br>Вот вам жестокие угрозы в адрес свидетеля по моему делу.</p>
<p>Эта тиктокерша сделала своей ОСНОВНОЙ темой попытки доксить меня, моих друзей и особенно свидетелей моего незаконного выселения.<br>В видео обо мне они пытаются выставить меня «не активисткой», «не хакершей» и «просто мошенницей».<br>ВСЁ потому, что мой бывший решил, будто делить счета во время расставания — это домашнее насилие.<br>А потом они называют свою бесконечную онлайн-травлю и охоту на меня «активизмом» и собирают деньги на МОЕЙ боли и моём судебном процессе.<br>#РодительствоБудучиЧёрной</p>
<p>Areej ""solidarityluvr"" у нас в городе хорошо известна тем, что выкладывает в TikTok, как она сталкерит + травит нескольких своих бывших, и всё это у себя в TikTok+IG.<br>Areej брызнула из баллончика в транс-библиотекаря Canyon ПРЯМО НА КАМЕРУ, когда та выходила с работы, вероятно потому, что Canyon пришлось соблюдать БАЗОВЫЕ правила библиотеки.<br>После этого Areej месяцами кибербуллила Canyon.<br>Вскоре после этого Canyon умерла от предположительно умышленной передозировки наркотиками.<br>Многие в сообществе считают, что действия Areej напрямую способствовали смерти Canyon.<br>ВОТ с какими «друзьями» водится мой бывший.</p>
<p>Короче... такие левацкие междоусобчики — это худшая теленовелла в стиле Portlandia на свете.<br>Я НИКОГДА до этого вообще ничего публично про Areej не постила.<br>2 года назад Areej действительно связывалась со мной из-за какой-то внутренней грызни, но я сразу ОТКАЗАЛАСЬ в это лезть.<br>У меня было несколько частных и общественных разговоров о поднятых ими проблемах, чтобы убедиться, что процесс восстановительного правосудия уже был или будет проведён.<br>Один такой процесс уже состоялся и получил достаточную поддержку, так что я отошла в сторону.<br>На этом наше общение и заканчивалось.</p>
<p>В то время, когда я отошла в сторону, я предупреждала сообщество о недопустимости кибербуллинга, особенно в адрес третьих лиц, не участвовавших в исходном межличностном конфликте.<br>Это предупреждение было адресовано Areej: я считала, что их кибербуллинг ВДОБАВОК к уже принятым в их пользу решениям — это отвратительно.<br>Особенно я считала, что доксинг Areej в адрес комитета/медиаторов восстановительного правосудия ВО ВРЕМЯ самого процесса был откровенно абьюзивным.<br>Я отдельно предупреждала, что риск самоповреждения у жертв Areej вполне реален.</p>","<p>Вне суда нескончаемый поток «летающих обезьян» доксил, травил и угрожал мне и всем, кого они считают хоть как-то мне «помогавшими».<br>Одна из этих «летающих обезьян» — тиктокерша Areej ""liberationluvr"" Hakim, которая налетела в публичные посты моего бывшего и при этом знает его лично.<br>Я заново выложу несколько их видео обо мне с CW.<br>Но я хочу чётко показать, насколько сильно эти люди хотят стереть меня и мои немногие достижения.<br>А вот и угрозы расправой в адрес свидетеля по моему делу.</p>
<p>Эта тиктокерша сделала попытки доксить меня, моих друзей и особенно свидетелей моего незаконного выселения своей ГЛАВНОЙ темой контента.<br>В видео обо мне они пытаются выставить меня «не активисткой», «не хакершей» и «просто мошенницей».<br>И ВСЁ это потому, что мой бывший решил, будто делёжка счетов во время расставания — это домашнее насилие.<br>А потом они называют эту бесконечную онлайн-травлю толпой, которая гоняется за мной, «активизмом» и собирают деньги на МОЕЙ боли и моём судебном процессе.<br>#РодительствоБудучиЧёрной</p>
<p>Areej ""solidarityluvr"" у нас в городе известна тем, что выкладывает в TikTok, как она сталкерит и травит нескольких своих бывших — и всё это у себя в tiktok+IG.<br>Areej брызнула из перцового баллончика в транс-библиотекарку Canyon ПРЯМО НА КАМЕРУ, когда та выходила с работы, скорее всего потому, что Canyon пришлось следить за соблюдением БАЗОВЫХ библиотечных правил.<br>После этого Areej ещё месяцами кибербуллила Canyon.<br>Вскоре после этого Canyon умерла от предположительно намеренной передозировки наркотиками.<br>Многие в сообществе считают, что действия Areej напрямую поспособствовали смерти Canyon.<br>ВОТ с какими «друзьями» водится мой бывший.</p>
<p>Короче... такие левацкие внутренние разборки — это худшая теленовелла с вайбом Portlandia из всех возможных.<br>До этого момента я НИКОГДА вообще ничего публично про Areej не постила.<br>Areej действительно связывалась со мной 2 года назад из-за каких-то внутренних разборок, но я сразу ОТКАЗАЛАСЬ в это ввязываться.<br>У меня было несколько личных и общественных разговоров о поднятых ими проблемах, чтобы убедиться, что процесс восстановительного правосудия уже прошёл или будет проведён.<br>Один такой процесс уже состоялся и получил достаточную поддержку, так что я отошла в сторону.<br>Этим, по сути, всё наше общение и ограничилось.</p>
<p>Тогда, когда я отошла в сторону, я предупредила сообщество о вреде кибербуллинга, особенно в отношении третьих лиц, не участвовавших в изначальном межличностном конфликте.<br>Это предупреждение было адресовано Areej: я считала, что их кибербуллинг ПОВЕРХ уже принятых в их пользу решений — это просто мерзко.<br>Особенно я считала, что то, как Areej доксила комитет/медиаторов восстановительного правосудия ПРЯМО ВО ВРЕМЯ процесса, было откровенно абьюзивно.<br>Я отдельно предупреждала, что риск того, что жертвы Areej могут нанести себе вред, был вполне реальным.</p>",,
best-pair-0002,44731-rus_Cyrl,"And, um, it put my kids through private school, you know?
I am eternally grateful.
You're always in my way.
What are you doing?
Um, and, uh, all of that.
I truly am grateful.
But at the time, I complained a lot.
You know, I want to be home with my kids.
And here I was with these lovely kids, but they weren't mine.
So.","И, ну, знаешь, это позволило моим детям учиться в частной школе.
Я бесконечно за это благодарна.
Ты вечно путаешься у меня под ногами.
Что ты делаешь?
Ну, и всё такое.
Я правда очень благодарна.
Но тогда я много жаловалась.
Знаешь, мне хотелось быть дома со своими детьми.
А я была рядом с этими чудесными детьми, но они были не мои.
Вот так.","И, знаешь, благодаря этому мои дети смогли учиться в частной школе.
Я бесконечно за это благодарна.
Ты вечно мне мешаешь.
Что ты делаешь?
Ну, и всё такое.
Я правда очень благодарна.
Но тогда я много жаловалась.
Знаешь, мне хотелось быть дома со своими детьми.
А я была рядом с этими чудесными детьми, но они были не моими.
Вот так.",,
best-pair-0003,44636-rus_Cyrl,"Hey, what is going on up there?
Um, I'm sorry, I, I just shorted out part of my body.
It's very dark in here.
Sonar, mistress of the macabre is in need of power.
Just let me get a flashlight, and, uh, then I'll.
Okay, so I'll just need to check the, uh.
Hello, madame.
Sonar.","Эй, что у вас там наверху происходит?
Извините, я просто закоротила часть своего тела.
Здесь очень темно.
Sonar, повелительнице мрачного, нужна энергия.
Дайте мне только взять фонарик, и тогда я...
Ладно, мне просто нужно проверить...
Здравствуйте, мадам.
Sonar.","Эй, что у вас там происходит?
Извините, я просто закоротила часть своего тела.
Здесь очень темно.
Сонар, повелительнице мрака, нужна энергия.
Дайте мне только взять фонарик, и тогда я...
Ладно, мне просто нужно проверить...
Здравствуйте, мадам.
Сонар.",,
best-pair-0004,44626-rus_Cyrl,"<p>On a lighter note, just saw someone complaining about when games beg you to switch to easy mode when you fail.<br>I also hate this.<br>I love having an easy mode. Hell, I think games should just fuckin' let you cheat, as long as competitions all have agreed-on rules about it.<br>But every game that's pestered me into easy mode has been an instant put-down. I have plenty of games to play, if you want me to be done faster, congrats, I'm done faster.</p>
<p>This is what makes modern Marios - modern-ish anyway - so impossible for me to play.<br>""Did you die thwee times mawwio? Here's the golden supersuit of invincibility because you suck! If you don't want it, just carefully avoid ever pressing anything besides ""start level yes again no no nothing else just start the level"".<br>This is also why I stopped trying to play Phantom Pain. Whenever I died, it'd offer me the chicken hat and default to ""yes"", eventually I forgot to manually say ""fuck off"".</p>
<p>I get it's a retention thing, but it's so disrespectful.<br>Autoscaling difficulty also pisses me off, because I'll be gearing up for a challenge and then the game will panic and lower it to super easy because I've been ""struggling"".<br>I'll die or something, go back to try again, but nope, now the challenge is gone. You succeeded! You made the game go away! Don't worry, those challenges were for someone else. Someone better.<br>I can't remember if I ever completed a game with autoscaling difficulty.</p>
<p>I guess the basic difference between me and their target audience is that I like to figure out how to do something, while their target audience - at least in their heads - likes to take a log flume through a Disneyworld attraction.<br>A little jostling, a little fluids, but don't worry, baby, daddy Walt's got ya. You're safey-wafe, you don't even have to move, just sit there and tee hee, here's a wittle splashy-splash.<br>If I wanted that, I'd go sit in a fucking dog park and pet a dog.</p>","<p>Если о чём-то полегче, только что видел, как кто-то жаловался на игры, которые начинают упрашивать тебя переключиться на лёгкий режим, когда ты фейлишься.<br>Меня это тоже бесит.<br>Мне нравится, когда есть лёгкий режим. Да блин, я вообще считаю, что игры должны, нахрен, разрешать читерить, если в соревновательных режимах у всех заранее оговорены правила на этот счёт.<br>Но каждая игра, которая доставала меня предложениями перейти на лёгкий режим, мгновенно отбивала всё желание играть. У меня и так полно игр, если вы хотите, чтобы я закончил побыстрее — поздравляю, я закончил побыстрее.</p>
<p>Вот из-за этого мне и невозможно играть в современные Mario — ну, более-менее современные, по крайней мере.<br>«Ты умер тви раза, Мавио? Вот тебе золотой супер-костюм неуязвимости, потому что ты лох! А если не хочешь его, то просто очень аккуратно вообще ничего не нажимай, кроме “начать уровень”, да, снова, нет, нет, ничего больше, просто начни уровень».<br>Из-за этого же я перестал пытаться играть в Phantom Pain. Каждый раз, когда я умирал, мне предлагали куриную шапку и по умолчанию ставили «да», и в какой-то момент я просто забыл вручную нажать «отъебитесь».</p>
<p>Я понимаю, что это всё ради удержания игрока, но это так неуважительно.<br>Автоподстройка сложности тоже меня выбешивает, потому что я могу уже настроиться на челлендж, а потом игра в панике снижает всё до супер-изи, потому что я, видите ли, «испытываю трудности».<br>Я умру там или ещё что-нибудь, вернусь попробовать снова — но нет, теперь никакого челленджа уже нет. Успех! Вы сделали так, что игра просто исчезла! Не переживай, эти испытания были для кого-то другого. Кого-то получше.<br>Не помню, проходил ли я вообще хоть одну игру с автоподстройкой сложности до конца.</p>
<p>Думаю, базовая разница между мной и их целевой аудиторией в том, что мне нравится самому разбираться, как что-то сделать, а их целевая аудитория — по крайней мере в их представлении — любит просто плыть по течению, как по аттракциону в Диснейленде.<br>Немного потрясёт, немного брызг, но не переживай, малыш, папочка Уолт о тебе позаботится. Ты в полной безопасеньке, тебе даже шевелиться не надо, просто сиди и хи-хи, вот тебе ещё немножко брызг-плюх.<br>Если бы я хотел такого, я бы, блядь, пошёл в собачий парк гладить собак.</p>","<p>Если уж о чём-то полегче: только что видел, как кто-то жаловался на игры, которые, когда у тебя не получается, начинают умолять переключиться на лёгкий режим.<br>Меня это тоже бесит.<br>Мне вообще нравится, когда в игре есть лёгкий режим. Да блин, я вообще считаю, что игры должны просто, мать его, позволять тебе читерить — лишь бы в соревновательных режимах у всех были заранее оговорены одинаковые правила.<br>Но любая игра, которая начинала меня доставать предложениями перейти на лёгкий, сразу вызывала отторжение. У меня и так полно игр; если вы хотите, чтобы я закончил побыстрее, поздравляю — я закончил побыстрее.</p>
<p>Именно из-за этого мне так невозможно играть в современные Mario — ну, более-менее современные.<br>«Ты умеель тьи рязика, Мааарио? Вот тебе золотой супер-костюм неуязвимости, потому что ты отстой! А если не хочешь его, просто смотри случайно не нажми ничего, кроме “начать уровень”, да, снова, нет, нет, вообще больше ничего, просто начни уровень».<br>Из-за этого же я и бросил попытки играть в Phantom Pain. Каждый раз, когда я умирал, мне предлагали куриную шапку, и по умолчанию там стояло «да», и в какой-то момент я просто забыл вручную выбрать «отъебитесь».</p>
<p>Я понимаю, что это всё ради удержания игрока, но это так неуважительно.<br>Автоподстройка сложности тоже бесит меня до чёртиков, потому что я уже настраиваюсь на челлендж, а игра вдруг в панике всё скидывает до суперлёгкого, потому что я, видите ли, «мучаюсь».<br>Я умираю или ещё что-то, возвращаюсь попробовать снова — а нет, челленджа уже нет. У вас получилось! Вы убрали из игры саму игру! Не переживай, эти испытания были для кого-то другого. Для кого-то получше.<br>Я даже не помню, проходил ли я хоть одну игру с автоподстройкой сложности до конца.</p>
<p>Наверное, главное различие между мной и их целевой аудиторией в том, что мне нравится самому понимать, как что-то сделать, а их целевая аудитория — по крайней мере в их представлении — любит просто плыть на брёвнышке по аттракциону в Disneyworld.<br>Чутка потрясёт, чутка обольёт, но не бойся, малыш, папочка Уолт тебя прикроет. Ты в полнейшей безопасочке, тебе даже двигаться не надо, просто сиди и хи-хи, вот тебе ещё маленький плюх-плюх.<br>Если бы мне хотелось такого, я бы просто пошёл, блядь, в собачий парк и гладил там собаку.</p>",,
best-pair-0005,44645-rus_Cyrl,"And I've also just received something that was long overdue.
And that is a new desk because my desk is falling apart.
It is so wonky.
So I received a new desk from Flexispot.
User manual.
We don't need instructions.
I just have a quick look at it.
Don't be embarrassed.
You can use the manual.
I'm here against my will.","И ещё я только что получил кое-что, что давно уже пора было получить.
А именно новый стол, потому что мой старый уже разваливается.
Он такой шаткий.
Так что мне приехал новый стол от Flexispot.
Инструкция пользователя.
Да нам инструкция не нужна.
Я только быстро на неё посмотрю.
Да не стесняйся.
Можешь пользоваться инструкцией.
Я здесь против своей воли.","И ещё я только что получил то, что давно уже должен был получить.
А именно новый стол, потому что мой старый буквально разваливается.
Он такой шаткий и кривой.
Так что мне пришёл новый стол от Flexispot.
Руководство пользователя.
Да нам инструкция не нужна.
Я только одним глазком на неё взгляну.
Да не стесняйся.
Можешь пользоваться инструкцией.
Я здесь против своей воли.",,
best-pair-0006,44661-rus_Cyrl,"Ryan, if you ever feel like you're losing hope and you need a little Christmas miracle, just dial S for Santa.
Ryan, grandma needs you.
Okay, Alana.
I'll be back.
Santa.
It's one thing to fill his head with nonsense about the North Pole, but dial S for Santa.","Райан, если вдруг почувствуешь, что теряешь надежду и тебе нужно маленькое рождественское чудо, просто набери S for Santa.
Райан, ты нужен бабушке.
Хорошо, Алана.
Я вернусь.
Санта.
Одно дело — забивать ему голову всякой ерундой про Северный полюс, но S for Santa — это уже слишком.","Райан, если тебе вдруг покажется, что ты теряешь надежду и тебе нужно маленькое рождественское чудо, просто набери «S for Santa».
Райан, ты нужен бабушке.
Хорошо, Алана.
Я скоро вернусь.
Санта.
Одно дело — забивать ему голову всякой ерундой про Северный полюс, но «S for Santa» — это уже слишком.",,
best-pair-0007,44754-rus_Cyrl,"<p>US bound Thompson stars as Galway reach FBD final</p>
<p>California-bound Matthew Thompson lashed home 2-06 as Galway overcame Leitrim by 11 points in Tuam to book their spot in next week's FBD League decider.</p>
<p>2025 Young Footballer of the Year nominee Thompson will be out of action for the entirety of the league and the early part of the championship, with Padraic Joyce confirming that the Salthill-Knocknacarra players is studying in Berkeley for the upcoming semester.</p>
<p>He was the leading figure on a largely experimental Galway side - which also contained Cian Hernon and Kieran Molloy - as they came from three points down at half-time to beat Leitrim.</p>
<p>Thompson buried a goal in the top corner in the first half but the Connacht champions trailed Leitrim at the break, Killian Gaffney proving effective from placed balls, while Ryan O'Rourke and Jack Kelly also landed points.</p>
<p>Galway manager Padraic Joyce remonstrates with the referee over a decision</p>
<p>However, with Thompson converting a second half penalty, Galway eased home after the interval, with 10 different scorers overall as they ran out 2-19 to 0-14 winners.</p>
<p>After two rounds of the FBD League, the top two progress to next week's final, with Galway facing the winner of tomorrow's Roscommon-Mayo tie.</p>
<p>In Leinster, Westmeath have booked their spot in the O'Byrne Cup final after an 11-point win over Offaly in a goal-fest in Mullingar.</p>
<p>Waiting for them in the decider is a Kildare outfit that defeated Dublin 1-22 to 1-13.</p>
<p>Mark McHugh's Westmeath side advanced ahead of reigning champions Longford following a coin toss last Saturday but they impressed on the field of play on Saturday.</p>
<p>A brace of goals apiece from Danny McCarton and Brandon Kelly, plus another from Senan Baker, saw them run out 5-10 to 2-08 winners.</p>
<p>Ciaran Murphy scored two goals either side of half-time to pull the visitors back into the contest, the margin being briefly reduced to three points 11 minutes into the second half.</p>
<p>However, an unanswered burst of 3-02 over the next 15 minutes saw the hosts settle the contest in an emphatic manner.</p>
<p>Kildare found their feet in the second half against Dublin and now are one game away from a first O'Byrne Cup since 2014.</p>
<p>Harry O'Neill fires to the net for Kildare</p>
<p>Both management teams experimented in Newbridge with Dublin in particular shorn of overly familiar faces, but in the first half it seemed to matter little as they led 1-08 to 0-08 at the break.</p>
<p>Jamie McCarville palmed home their goal but it was Clyde Burke who caught the eye for the travelling support with some brilliant shooting that included two orange flags - the second of which was of the highest quality.</p>
<p>Alex Beirne was racking up the scores for the Lilywhites though and his two-point free early in the second half kick-started a run of 1-05 without reply, Harry O'Neill with the goal in the 43rd minute.</p>
<p>Kildare continued to turn the screw with James Harris' late two-pointer sending them on their way.</p>","<p>Томпсон, отправляющийся в США, стал героем матча, а Голуэй вышел в финал FBD</p>
<p>Мэттью Томпсон, которому вскоре предстоит отъезд в Калифорнию, набрал 2-06, а Голуэй в Туаме обыграл Литрим с разницей в 11 очков и обеспечил себе место в финале Лиги FBD на следующей неделе.</p>
<p>Номинант на звание «Молодой футболист года — 2025» Томпсон пропустит весь турнир и начальную часть чемпионата: Падраик Джойс подтвердил, что игрок клуба Salthill-Knocknacarra в предстоящем семестре будет учиться в Беркли.</p>
<p>Именно он был ключевой фигурой в во многом экспериментальном составе Голуэя, в который также вошли Киан Хернон и Киран Моллой: уступая три очка к перерыву, команда сумела переломить ход встречи и победить Литрим.</p>
<p>В первом тайме Томпсон отправил мяч в верхний угол ворот, однако к перерыву чемпионы Коннахта уступали Литриму: Киллиан Гаффни уверенно исполнял стандарты, а Райан О'Рурк и Джек Келли также набрали очки.</p>
<p>Главный тренер Голуэя Падраик Джойс спорит с арбитром из-за одного из решений</p>
<p>Однако после перерыва, когда Томпсон реализовал пенальти во втором тайме, Голуэй спокойно довёл матч до победы. Очки у команды в общей сложности набрали 10 разных игроков, и встреча завершилась со счётом 2-19 против 0-14.</p>
<p>После двух туров Лиги FBD в финал следующей недели выходят две лучшие команды, и Голуэй сыграет с победителем завтрашнего матча между Роскоммоном и Мейо.</p>
<p>В Ленстере Уэстмит обеспечил себе место в финале Кубка О'Бирна, победив Оффали в Маллингаре с разницей в 11 очков в сверхрезультативном матче.</p>
<p>В решающем матче их уже ждёт Килдэр, который обыграл Дублин со счётом 1-22 против 1-13.</p>
<p>Команда Уэстмита под руководством Марка Макхью прошла дальше действующего чемпиона Лонгфорда после подбрасывания монеты в прошлую субботу, но и на поле в субботнем матче выглядела весьма убедительно.</p>
<p>По два гола от Дэнни Маккартона и Брэндона Келли, а также ещё один мяч от Сенана Бейкера принесли хозяевам победу со счётом 5-10 против 2-08.</p>
<p>Киаран Мерфи забил два гола по обе стороны перерыва, вернув гостей в игру, и на 11-й минуте второго тайма отставание ненадолго сократилось до трёх очков.</p>
<p>Однако затем хозяева выдали безответный отрезок 3-02 за следующие 15 минут и убедительно сняли все вопросы о победителе.</p>
<p>Во втором тайме матча с Дублином Килдэр нащупал свою игру и теперь находится в шаге от первого Кубка О'Бирна с 2014 года.</p>
<p>Харри О'Нилл отправляет мяч в сетку за Килдэр</p>
<p>В Ньюбридже оба тренерских штаба экспериментировали с составами, причём у Дублина особенно не хватало привычных лиц, однако в первом тайме это, казалось, почти не сказалось на игре, и к перерыву команда вела 1-08 против 0-08.</p>
<p>Джейми Маккарвилл ладонью переправил мяч в сетку, забив гол своей команды, однако именно Клайд Бёрк привлёк внимание приехавших болельщиков великолепной реализацией, в том числе двумя двухочковыми ударами — второй из них был по-настоящему выдающимся.</p>
<p>Однако у «Лилиуайтс» очки стабильно набирал Алекс Бейрн, и его двухочковый штрафной в начале второго тайма положил начало безответному рывку 1-05, а гол на 43-й минуте забил Харри О'Нилл.</p>
<p>Килдэр продолжил наращивать давление, а поздний двухочковый Джеймса Харриса окончательно вывел команду к победе.</p>","<p>Томпсон, уезжающий в США, стал героем матча, а Голуэй вышел в финал FBD</p>
<p>Отправляющийся в Калифорнию Мэттью Томпсон набрал 2-06, а Голуэй в Туаме обыграл Литрим с разницей в 11 очков и обеспечил себе место в финале Лиги FBD на следующей неделе.</p>
<p>Номинант на звание «Молодой футболист года — 2025» Томпсон пропустит весь розыгрыш лиги и начальную часть чемпионата: Падраик Джойс подтвердил, что игрок Salthill-Knocknacarra в предстоящем семестре будет учиться в Беркли.</p>
<p>Именно он стал главным действующим лицом в во многом экспериментальном составе Голуэя, в котором также появились Киан Хернон и Киран Моллой, когда команда, уступая три очка к перерыву, сумела переломить ход встречи и победить Литрим.</p>
<p>В первом тайме Томпсон вколотил мяч в верхний угол ворот, однако к перерыву чемпионы Коннахта уступали Литриму: Киллиан Гаффни был точен при исполнении стандартов, а Райан О'Рурк и Джек Келли тоже набрали очки.</p>
<p>Главный тренер Голуэя Падраик Джойс спорит с арбитром из-за одного из решений</p>
<p>Однако после перерыва, когда Томпсон реализовал пенальти во втором тайме, Голуэй без особых проблем довёл матч до победы: всего у команды отличились 10 разных игроков, и она выиграла со счётом 2-19 против 0-14.</p>
<p>По итогам двух туров Лиги FBD две лучшие команды выходят в финал следующей недели, где Голуэй встретится с победителем завтрашнего матча Роскоммон — Мейо.</p>
<p>В Ленстере Уэстмит обеспечил себе место в финале Кубка О'Бирна, обыграв Оффали в Маллингаре с преимуществом в 11 очков в результативном матче.</p>
<p>В решающем матче их ждёт Килдэр, который победил Дублин со счётом 1-22 против 1-13.</p>
<p>Команда Уэстмита под руководством Марка Макхью вышла дальше, опередив действующего чемпиона Лонгфорд после жеребьёвки с подбрасыванием монеты в прошлую субботу, но и на поле в субботу произвела сильное впечатление.</p>
<p>По два гола от Дэнни Маккартона и Брэндона Келли, а также ещё один мяч от Сенана Бейкера принесли команде победу со счётом 5-10 против 2-08.</p>
<p>Киаран Мерфи забил по голу до и после перерыва, вернув гостей в игру, и на 11-й минуте второго тайма отставание ненадолго сократилось до трёх очков.</p>
<p>Однако затем хозяева выдали безответный отрезок 3-02 в течение следующих 15 минут и убедительно сняли все вопросы о победителе.</p>
<p>Во втором тайме матча с Дублином Килдэр прибавил и теперь находится в одном шаге от первого Кубка О'Бирна с 2014 года.</p>
<p>Харри О'Нилл отправляет мяч в сетку за Килдэр</p>
<p>В Ньюбридже оба тренерских штаба экспериментировали с составами, причём у Дублина особенно не хватало привычных лиц, однако в первом тайме это, казалось, не имело большого значения, и к перерыву команда вела 1-08 против 0-08.</p>
<p>Джейми Маккарвилл ладонью переправил мяч в сетку, забив гол своей команды, но именно Клайд Бёрк привлёк внимание приехавших болельщиков великолепными ударами, среди которых были и два двухочковых — особенно высокого уровня оказался второй.</p>
<p>Тем не менее у «Лилиуайтс» главным бомбардиром был Алекс Бейрн, и именно его двухочковый штрафной в начале второго тайма положил начало безответному рывку 1-05, а на 43-й минуте отличился Харри О'Нилл.</p>
<p>Килдэр продолжил наращивать давление, а поздний двухочковый Джеймса Харриса окончательно направил команду к победе.</p>",,
best-pair-0008,44735-rus_Cyrl,"Maybe you'll have to.
Paul, please.
Everything's settled.
You're going to theological school tomorrow and you're going in that suit.
Gary.
Theodore.
The way it's mended, no one would ever notice.
It was torn.
I'll know it.
I don't see what difference that makes as long as nobody else does.","Может, придётся.
Пол, пожалуйста.
Всё решено.
Завтра ты идёшь в духовную семинарию и пойдёшь в этом костюме.
Гэри.
Теодор.
Так зашито, что никто ничего не заметит.
Он был порван.
Но я-то буду знать.
Не понимаю, какая разница, если больше никто этого не заметит.","Может, придётся.
Пол, пожалуйста.
Всё уже решено.
Завтра ты идёшь в духовную школу, и пойдёшь ты в этом костюме.
Гэри.
Теодор.
Он так аккуратно заштопан, что никто ничего не заметит.
Он был порван.
Но я-то буду об этом знать.
Не понимаю, какая разница, если больше никто этого не заметит.",,
best-pair-0009,44620-rus_Cyrl,"The last time I was out here, you could see 27 miles across northwest Alabama.
You getting tired of the view?
No.
The trouble is that the birds keep on flying into the glass because they can't see it and break their wings.
Well, why don't you just throw an old fishnet over the window?
That way you'd have your view and your birds.
Well, I just guess and calculate.
I never thought of it.
You know, I swear, if a fly was to bust his leg, he'd come running with a splint.","В прошлый раз, когда я здесь был, отсюда было видно миль на двадцать семь — через весь северо-запад Алабамы.
Тебе этот вид не надоел?
Нет.
Беда в том, что птицы всё время бьются о стекло, потому что не видят его, и ломают себе крылья.
Ну так почему бы тебе просто не накинуть на окно старую рыболовную сеть?
И вид останется, и птицы будут целы.
Ну, я просто прикидываю да подсчитываю.
Мне это в голову не приходило.
Знаешь, клянусь, если бы муха сломала лапку, он бы уже примчался с шиной.","В прошлый раз, когда я здесь был, отсюда было видно на двадцать семь миль через весь северо-запад Алабамы.
Тебе ещё не надоел этот вид?
Нет.
Беда в том, что птицы всё время врезаются в стекло, потому что не видят его, и ломают себе крылья.
Ну так почему бы тебе просто не накинуть на окно старую рыболовную сеть?
Тогда и вид у тебя останется, и птицы будут целы.
Ну, я так, на глаз прикидываю.
Мне это и в голову не приходило.
Знаешь, клянусь, если бы муха сломала лапку, он бы примчался с шиной.",,
best-pair-0010,44781-rus_Cyrl,"But if you don't say it, and if you stand firm in what you believe in your faith, you're going to lose it all.
And I just remember starting off and, oh, it was like it was just yesterday.
And I remember saying, you know, it's great that Americans, you know, you can choose one or the other.
And it was like the Lord just smacked me right in the face and was like, who are you and what do you believe?
You know what you believe.","Но если ты не говоришь об этом и твёрдо не стоишь в своей вере, в том, во что веришь, то потеряешь всё.
Я просто помню, как всё это начиналось, и, о, как будто это было только вчера.
И я помню, как сказала: знаешь, это же здорово, что у американцев, знаешь, есть выбор — одно или другое.
И было такое чувство, будто Господь прямо ударил меня по лицу и сказал: кто ты и во что ты веришь?
Ты ведь знаешь, во что веришь.","Но если ты об этом не говоришь и твёрдо стоишь в том, во что веришь по своей вере, ты всё это потеряешь.
И я просто помню, как всё начиналось, и, о, это было как будто только вчера.
И я помню, как сказала, знаешь, это здорово, что американцы, знаешь, могут выбрать одно или другое.
И как будто Господь просто дал мне прямо пощёчину и сказал: кто ты и во что ты веришь?
Ты же знаешь, во что веришь.",,
best-pair-0011,44712-rus_Cyrl,"<p>Ironing the lightweight green corduroy for my first try at the Sachi's Studio Newsboy Cap pattern. I don't know how I feel about the recommendation to use interfacing but it probably does want something to stiffen and thicken it a bit.<br>#millinery</p>
<p>Sachi's newsboy cap pattern advises to cut the crown pieces diagonal to the weave (""on the bias"") to allow more stretch around the circumference but that will make the corduroy rows run aslant, where I prefer them vertical.<br>We shall see. This is the test cookie to get a feel for the pattern. I like corduroy for texture but green wouldn't be my first choice, and this fabric is lightweight enough that I should add a layer, whether interfacing or what-have-you from the stash.</p>
<p>On a second look, my fabric isn't corduroy at all, it's just velvet, so I can cut at 45° to the fabric weave like Sachi suggests in the Newsboy Cap pattern and it won't look strange.<br>#millinery</p>","<p>Глажу тонкий зелёный вельвет для своей первой попытки сшить кепку газетчика по выкройке Sachi's Studio. Не знаю, как я отношусь к совету использовать дублерин, но, похоже, ткани и правда не помешает что-то, чтобы сделать её чуть плотнее и пожёстче.<br>#шляпное_дело</p>
<p>В выкройке кепки газетчика от Sachi советуют кроить детали тульи по диагонали к долевой нити («по косой»), чтобы по окружности было больше растяжимости, но тогда рубчики вельвета пойдут наискосок, а мне больше нравится, когда они вертикальные.<br>Ну, посмотрим. Это пробник, чтобы понять саму выкройку. Мне нравится вельвет за фактуру, но зелёный — не тот цвет, который я бы выбрала первым, и ткань тут достаточно тонкая, так что, наверное, стоит добавить ещё один слой — дублерин или что-нибудь ещё из запасов.</p>
<p>Пригляделась ещё раз: моя ткань вообще не вельвет, а просто бархат, так что могу кроить под 45° к долевой нити, как Sachi и советует в выкройке Newsboy Cap, и это не будет выглядеть странно.<br>#шляпное_дело</p>","<p>Глажу тонкий зелёный вельвет для своей первой попытки сшить кепку газетчика по выкройке Sachi's Studio Newsboy Cap. Не знаю, как отношусь к совету использовать дублерин, но, похоже, ткани и правда нужно что-то, чтобы сделать её чуть плотнее и пожёстче.<br>#шляпное_дело</p>
<p>В выкройке кепки газетчика от Sachi советуют кроить детали тульи по диагонали к долевой нити («по косой»), чтобы по окружности было больше растяжения, но тогда рубчики вельвета будут идти наискосок, а мне больше нравится, когда они вертикальные.<br>Посмотрим. Это пробный экземпляр, чтобы понять выкройку. Мне нравится вельвет за фактуру, но зелёный — не тот цвет, который я бы выбрала первым, да и ткань тут достаточно тонкая, так что, наверное, стоит добавить ещё слой — дублерин или что-нибудь ещё из моих запасов.</p>
<p>Присмотрелась ещё раз: моя ткань вообще не вельвет, а просто бархат, так что я могу кроить под 45° к плетению ткани, как Sachi и советует в выкройке Newsboy Cap, и это не будет выглядеть странно.<br>#шляпное_дело</p>",,
best-pair-0012,44692-rus_Cyrl,"I'll take care of it.
Oh, thank you, young man.
It's not that $0.06 is such a big deal.
It's the principle of the thing.
My pleasure.
She always does that.
Every time she comes in.
Otherwise, I'd let it go.
Takes all kinds.
Have a good one.","Я оплачу.
Ой, спасибо вам, молодой человек.
Не то чтобы шесть центов — это такие уж большие деньги.
Тут дело принципа.
Всегда пожалуйста.
Она всегда так делает.
Каждый раз, как приходит.
А так я бы махнул на это рукой.
Люди всякие бывают.
Всего доброго.","Я с этим разберусь.
О, спасибо, молодой человек.
Не то чтобы шесть центов были такой уж большой суммой.
Тут дело в принципе.
Не за что.
Она всегда так делает.
Каждый раз, когда приходит.
А так я бы махнул на это рукой.
Всякие люди бывают.
Хорошего дня.",,
best-pair-0013,44710-rus_Cyrl,"Yes, I think they may be expecting something slightly more formal.
Just on its own.
Oh.
No, no, don't be ridiculous.
That's for Thanksgiving.
Alison would kill me.
Oh, no.
No, there must be something else.
Have you ever cooked one of these before?
Oh, yes.
But, I mean, they take, like, five hours, right?
Not necessarily.","Да, думаю, они, возможно, ждут чего-то чуть более официального.
Просто само по себе.
Ой.
Нет-нет, не говори глупостей.
Это на День благодарения.
Alison меня убьёт.
Ой, нет.
Нет, должно быть что-то ещё.
Ты когда-нибудь раньше готовил такое?
О да.
Но, я имею в виду, это же занимает часов пять, да?
Не обязательно.","Да, думаю, они, возможно, ждут чего-то чуть более официального.
Просто так, само по себе.
Ой.
Нет-нет, не говори ерунды.
Это на День благодарения.
Alison меня убьёт.
Ой, нет.
Нет, должно быть что-то ещё.
Ты когда-нибудь раньше готовил такое?
О да.
Но, я имею в виду, на это ведь уходит часов пять, да?
Не обязательно.",,
best-pair-0014,44672-rus_Cyrl,"Well, almost no risk.
Oughtn't we to be going?
It must be getting very late.
We've loads of time.
Let's take a stroll.
It's been such a pleasant evening.
I don't want it to end.
One could take that as quite a compliment.
Yes, yes, I suppose one could.
Could I have a bill, please?
Coming, sir.","Ну, почти никакого риска.
Может, нам пора идти?
Должно быть, уже очень поздно.
У нас ещё полно времени.
Давай немного пройдёмся.
Вечер такой приятный.
Не хочется, чтобы он заканчивался.
Это вполне можно счесть комплиментом.
Да, да, пожалуй, можно.
Счёт, пожалуйста.
Сейчас, сэр.","Ну, почти никакого риска.
Может, нам уже пора идти?
Должно быть, уже очень поздно.
У нас ещё полно времени.
Давай прогуляемся.
Это был такой приятный вечер.
Мне не хочется, чтобы он заканчивался.
Это можно было бы счесть большим комплиментом.
Да-да, полагаю, можно.
Можно счёт, пожалуйста?
Сейчас, сэр.",,
best-pair-0015,44652-rus_Cyrl,"<p>Ashley Barnes at the double as Burnley claim welcome win over Millwall</p>
<p>Ashley Barnes bagged a brace as Burnley put their Premier League worries on hold to cruise into the fourth round of the FA Cup with a 5-1 win over Millwall.</p>
<p>The 36-year-old scored his first goal of the season early on and added his second midway through the second half as the blundering Lions gifted a confident home side the most emphatic of wins.</p>
<p>Boss Scott Parker made eight changes to the side that started in Wednesday's 2-2 draw with Manchester United and they did not disappoint, as further goals from Loum Tchaouna and Jaidon Anthony put them out of sight by half-time.</p>
<p>Substitute Jaydon Banel added Burnley's fifth on the stroke of 90 minutes before the shell-shocked Lions, who had completely capitulated, netted an added-time consolation through Josh Coburn.</p>
<p>Burnley dominated the opening exchanges and grabbed the lead in the 11th minute when Jacob Bruun Larsen squared for Barnes to sweep home past visiting goalkeeper Steven Benda.</p>
<p>The Lions mustered little in response, with Aidomo Emakhu booting their best chance straight at Burnley keeper Max Weiss after being released down the left by Joe Bryan.</p>
<p>But the visitors slowly grew into the game and should have levelled when Jake Cooper got his head on Alfie Doughty's cross from deep on the left but was denied by a brilliant over-arm save from Weiss.</p>
<p>The keeper saved again from Cooper on the half-hour as Millwall threatened a leveller but the visitors were undone by two defensive errors that put the game beyond their grasp.</p>
<p>Tchaouna was allowed to thread his left-foot shot from the edge of the box past a static Benda on 35 minutes and shortly before the break the Millwall keeper's poor clearance ultimately gifted Anthony the chance to slide home his side's third.</p>
<p>Millwall looked livelier at the start of the second half and Thierno Ballo should have done better when he found space to get a shot off in the left side of the box, but the home side were clearly in cruise control.</p>
<p>Tchaouna came close to his second when he rifled a shot against the outside of Benda's right-hand post and the increasingly inevitable fourth arrived on 65 minutes when Kamarl Grant made a hash of clearing Anthony's right-wing cross and a delighted Barnes mopped up.</p>
<p>Hunting for a hat-trick, Barnes flashed a header straight at Benda as the linesman's flag was raised, but it was Banel who completed the rout from close range before Coburn's confident finish in stoppage time.</p>","<p>Дубль Эшли Барнса принёс «Бернли» долгожданную победу над «Миллуоллом»</p>
<p>Эшли Барнс оформил дубль, а «Бернли», ненадолго отвлёкшись от тревог, связанных с Премьер-лигой, уверенно вышел в четвёртый раунд Кубка Англии, разгромив «Миллуолл» со счётом 5:1.</p>
<p>36-летний нападающий открыл счёт своим первым голом в сезоне уже в дебюте встречи, а затем добавил второй в середине второго тайма, тогда как ошибавшиеся на каждом шагу «львы» сами помогли уверенно действовавшим хозяевам одержать более чем убедительную победу.</p>
<p>Главный тренер Скотт Паркер сделал восемь изменений в составе по сравнению с матчем среды против «Манчестер Юнайтед», завершившимся вничью 2:2, и обновлённый состав его не подвёл: голы Лума Чауны и Джейдона Энтони ещё до перерыва практически сняли вопрос о победителе.</p>
<p>Вышедший на замену Джейдон Банел забил пятый мяч «Бернли» на исходе 90-й минуты, а потрясённые «львы», к тому моменту уже окончательно развалившиеся, смогли ответить лишь голом престижа в компенсированное время — отличился Джош Коберн.</p>
<p>«Бернли» доминировал в дебюте матча и вышел вперёд на 11-й минуте, когда Джейкоб Бруун Ларсен прострелил вдоль ворот, а Барнс в касание отправил мяч мимо голкипера гостей Стивена Бенды.</p>
<p>В ответ «львы» создали совсем немного, а свой лучший момент упустили, когда Айдомо Эмаху после передачи Джо Брайана с левого фланга пробил прямо во вратаря «Бернли» Макса Вайсса.</p>
<p>Однако постепенно гости вошли в игру и должны были сравнивать счёт, когда Джейк Купер головой замкнул подачу Альфи Даути из глубины левого фланга, но Вайсс спас хозяев блестящим сейвом одной рукой.</p>
<p>На исходе получаса голкипер вновь выручил после удара Купера, когда «Миллуолл» был близок к тому, чтобы восстановить равновесие, однако затем гостей подвели две ошибки в обороне, окончательно лишившие их шансов вернуться в матч.</p>
<p>На 35-й минуте Чауне позволили точно пробить левой ногой с линии штрафной мимо замершего Бенды, а незадолго до перерыва неудачный вынос голкипера «Миллуолла» в итоге подарил Энтони возможность отправить в сетку третий мяч своей команды.</p>
<p>В начале второго тайма «Миллуолл» выглядел живее, и Тьерно Балло следовало распорядиться своим моментом лучше, когда он нашёл пространство для удара с левой стороны штрафной, однако хозяева явно уже полностью контролировали ход встречи.</p>
<p>Чауна был близок ко второму голу, когда мощно пробил во внешнюю сторону правой штанги ворот Бенды, а всё более неизбежный четвёртый мяч состоялся на 65-й минуте: Камарл Грант крайне неудачно попытался прервать подачу Энтони с правого фланга, и довольный Барнс оказался первым на добивании.</p>
<p>В погоне за хет-триком Барнс опасно пробил головой прямо в Бенду в тот момент, когда боковой арбитр уже поднял флаг, однако разгром завершил Банел, отличившийся с близкого расстояния, после чего Коберн уверенно реализовал свой момент в компенсированное время.</p>","<p>Дубль Эшли Барнса помог «Бернли» одержать долгожданную победу над «Миллуоллом»</p>
<p>Эшли Барнс оформил дубль, а «Бернли», на время отвлёкшись от тревог, связанных с выступлением в Премьер-лиге, уверенно вышел в четвёртый раунд Кубка Англии, разгромив «Миллуолл» со счётом 5:1.</p>
<p>36-летний форвард открыл счёт своим первым голом в нынешнем сезоне уже в дебюте встречи, а в середине второго тайма забил вновь, тогда как ошибавшиеся «львы» фактически сами подарили уверенно игравшим хозяевам столь убедительную победу.</p>
<p>Главный тренер Скотт Паркер сделал восемь изменений в составе по сравнению с матчем среды против «Манчестер Юнайтед», завершившимся вничью 2:2, и обновлённая команда его не подвела: голы Лума Чауны и Джейдона Энтони ещё до перерыва практически сняли вопрос о победителе.</p>
<p>Вышедший на замену Джейдон Банел забил пятый мяч «Бернли» на исходе 90-й минуты, а потрясённые «львы», к тому моменту уже окончательно сдавшиеся, ответили лишь голом престижа в компенсированное время — отличился Джош Коберн.</p>
<p>«Бернли» доминировал в дебюте матча и вышел вперёд на 11-й минуте, когда Джейкоб Бруун Ларсен прострелил вдоль ворот, а Барнс в одно касание отправил мяч мимо голкипера гостей Стивена Бенды.</p>
<p>В ответ «львы» создали совсем немного, а свой лучший шанс упустили, когда Айдомо Эмаху, получив передачу на левом фланге от Джо Брайана, пробил прямо во вратаря «Бернли» Макса Вайсса.</p>
<p>Однако постепенно гости вошли в игру и должны были сравнивать счёт, когда Джейк Купер головой замкнул навес Альфи Даути из глубины левого фланга, но Вайсс спас хозяев блестящим сейвом одной рукой.</p>
<p>На исходе получаса вратарь вновь выручил после удара Купера, когда «Миллуолл» был близок к тому, чтобы восстановить равновесие, однако затем гостей подвели две ошибки в обороне, окончательно лишившие их шансов на спасение.</p>
<p>На 35-й минуте Чауне позволили точно пробить левой ногой с линии штрафной мимо застывшего Бенды, а незадолго до перерыва неудачный вынос голкипера «Миллуолла» в итоге подарил Энтони возможность отправить в сетку третий мяч своей команды.</p>
<p>В начале второго тайма «Миллуолл» выглядел живее, и Тьерно Балло следовало распорядиться своим моментом лучше, когда он нашёл пространство для удара с левой стороны штрафной, однако хозяева уже явно контролировали ход встречи.</p>
<p>Чауна был близок ко второму голу, когда мощно пробил во внешнюю сторону правой штанги ворот Бенды, а всё более неизбежный четвёртый мяч был забит на 65-й минуте: Камарл Грант крайне неудачно попытался прервать подачу Энтони с правого фланга, и довольный Барнс оказался первым на добивании.</p>
<p>В погоне за хет-триком Барнс опасно пробил головой прямо в Бенду в эпизоде, когда боковой арбитр уже поднял флаг, однако разгром завершил Банел, отличившийся с близкого расстояния, после чего Коберн уверенно реализовал свой момент в компенсированное время.</p>",,
best-pair-0016,44624-rus_Cyrl,"But whatever you end up choosing, you know I'll always be there for you.
Shoo!
Shoo!
Thanks for waiting.
And Hinako, too.
Rinko, what were you guys talking about?
Uh hmm.
Uh.
Nothing, really.","Но что бы ты в конце концов ни выбрала, ты же знаешь — я всегда буду рядом.
Кыш!
Кыш!
Спасибо, что подождали.
И Хинако тоже.
Ринко, о чём вы там говорили?
М-м.
Э-э.
Да ни о чём, правда.","Но что бы ты в итоге ни выбрала, ты же знаешь: я всегда буду рядом с тобой.
Кыш!
Кыш!
Спасибо, что подождали.
И Хинако тоже.
Ринко, о чём вы там говорили?
М-м.
Э-э.
Да ни о чём, правда.",,
best-pair-0017,44767-rus_Cyrl,"Do I want to transfer my information?
No, please don't transfer anything.
We want a fresh start here.
Oh, now I need to know my Wi-Fi password so it ends here.
And I hope you enjoyed unboxing it with me.
You know what time it is?
What time is it?
You're supposed to say time of our lives.
Just FYI.
Are you.
Ready?
Are you ready?
We're going now.
We go now.","Хочу ли я перенести свои данные?
Нет, пожалуйста, ничего не переносите.
Мы хотим начать здесь с чистого листа.
О, теперь мне нужно узнать пароль от Wi‑Fi, так что на этом всё.
И надеюсь, вам понравилось распаковывать это вместе со мной.
Знаете, который час?
Который час?
Надо было сказать: лучшее время в нашей жизни.
Просто к сведению.
Ты
готов?
Ты готов?
Мы уже идём.
Пошли.","Хочу ли я перенести свои данные?
Нет, пожалуйста, ничего не переносите.
Мы хотим начать здесь с чистого листа.
О, теперь мне нужно вспомнить пароль от Wi‑Fi, так что на этом всё.
И надеюсь, вам понравилось распаковывать это вместе со мной.
Знаете, который час?
Который час?
Вы должны были сказать: лучшее время в нашей жизни.
Просто к сведению.
Ты
готов?
Ты готов?
Мы уже идём.
Пошли.",,
best-pair-0018,44708-rus_Cyrl,"People need to take care of their health.
So a few tips on that.
I think my diet is a bit strict.
Can you expand on your dieting shtick?
Was it strict before?
It was nowhere close to what it is now.
When you were a teenager.
Oh, everything.
Everything.
I was a big foodie.
Like junk food.","Людям нужно заботиться о своём здоровье.
Так что вот несколько советов на этот счёт.
Мне кажется, у меня довольно строгая диета.
Можешь подробнее рассказать о своей истории с диетой?
А раньше она тоже была строгой?
Нет, тогда и близко не было так, как сейчас.
Когда ты был подростком.
Ой, я ел всё подряд.
Всё.
Я был большим любителем поесть.
Ну, например, всякий джанк-фуд.","Людям нужно заботиться о своём здоровье.
Так что вот несколько советов на эту тему.
Думаю, у меня довольно строгая диета.
Можешь подробнее рассказать о своей фишке с диетой?
А раньше она тоже была строгой?
Даже близко не такая, как сейчас.
Когда ты был подростком.
Ой, я ел всё подряд.
Всё подряд.
Я был большим любителем поесть.
Ну, типа фастфуда.",,
best-pair-0019,44733-rus_Cyrl,"Come on.
This is a parking spot.
Hey, it's a sign.
It's a sign we're getting.
We're getting a Big Mac.
It's a sign.
Sign from God.
You know what I said?
You know what?
If I should get a Big Mac?
Show me a sign.
Make there be a parking spot.
And here we are.","Давай.
Это парковочное место.
Эй, это знак.
Это знак, что мы получим.
Мы получим Big Mac.
Это знак.
Знак от Бога.
Знаешь, что я сказал?
Знаешь что?
Если мне стоит взять Big Mac?
Покажи мне знак.
Сделай так, чтобы нашлось парковочное место.
И вот мы здесь.","Ну надо же.
Это парковочное место.
Эй, это знак.
Это знак, что мы возьмём.
Мы возьмём Big Mac.
Это знак.
Знак от Бога.
Знаешь, что я сказал?
Знаешь что?
Если мне стоит взять Big Mac?
Покажи мне знак.
Сделай так, чтобы нашлось парковочное место.
И вот мы здесь.",,
best-pair-0020,44602-rus_Cyrl,"We're not renewing your contract.
We've wasted ten years on this already.
But hey, I managed to talk them into allowing you to continue to research on this IP in your own time.
But just remember, we own the rights.
Once you crack it, we still want this to work.
Need this to work.
But I did warn you about this last year.","Мы не будем продлевать ваш контракт.
Мы уже угробили на это десять лет.
Но, эй, мне удалось уговорить их разрешить вам и дальше заниматься этим IP в своё свободное время.
Только помните: права принадлежат нам.
Как только вы это раскусите, мы всё равно хотим, чтобы это заработало.
Нам нужно, чтобы это заработало.
Но я ведь предупреждал вас об этом ещё в прошлом году.","Мы не будем продлевать ваш контракт.
Мы уже угробили на это десять лет.
Но, эй, мне удалось уговорить их разрешить вам продолжать исследования по этому IP в своё свободное время.
Только помните: права принадлежат нам.
Как только вы это раскусите, мы всё равно хотим, чтобы это заработало.
Нам нужно, чтобы это заработало.
Но я ведь предупреждал вас об этом ещё в прошлом году.",,
best-pair-0021,44688-rus_Cyrl,"<p>Melbourne Renegades host Glenn Maxwell and the Melbourne Stars at Marvel Stadium in BBL15 after Usman Khawaja and Brisbane Heat host Sydney Thunder</p>
<p>Sam Harper dominated with 82 not out off 51 balls and Glenn Maxwell recalled the feeling of ball on bat in a subdued innings of 20 not out off 17 balls, which included one massive six. He has not lost his ability and would have enjoyed the chance to spend time in the middle.</p>
<p>The crowd of 42,846 was not given the contest they hoped for as the Stars won the match by eight wickets with 25 balls remaining.</p>
<p>It keeps Melbourne Stars in contention as they break a three-match losing sequence and makes life hard for Melbourne Renegades. Marcus Stoinis bowled well to take 3-33 and was on a hat-trick at one stage while Harper is in great form having hit 356 runs at a strike rate of 159 for the tournament. He was man-of-the-match.</p>
<p>Tom Rogers bounced back with a fast 50 against Melbourne Renegades</p>
<p>But it was all over once Tom Rogers helped himself to 50 off 19 balls to start the innings with an opening partnership of 84 with Harper.</p>
<p>""They outplayed us at the ""G so it was nice to get our fifth win,"" Harper told Fox Cricket.</p>
<p>Most interesting were the comments from the Fox Cricket commentary box where former England captain Michael Vaughan made it clear how disappointed he was with the way the English hierarchy handled a nightclub incident involving Harry Brook in New Zealand before they arrived in Australia for The Ashes.</p>
<p>Melbourne Stars veteran Peter Siddle said ""it was a good turnaround"" with the win pushing the team back into second spot on the BBL table.</p>
<p>It's starting to heat up with three games remaining for Melbourne Renegades and two matches for Melbourne Stars.</p>
<p>There is still plenty of cricket left this summer so keep tuning in. Thanks for following. Can the Stars finally win the title?</p>","<p>В BBL15 на стадионе Marvel «Мельбурн Ренегейдс» принимают «Мельбурн Старз» во главе с Гленном Максвеллом после матча, в котором Усман Хаваджа и «Брисбен Хит» были хозяевами встречи с «Сидней Тандер».</p>
<p>Сэм Харпер доминировал, набрав 82 очка без аута с 51 мяча, а Гленн Максвелл в сдержанном иннинге из 20 очков без потери калитки с 17 мячей, включившем одну мощнейшую шестёрку, вновь ощутил контакт мяча с битой. Он не утратил своего мастерства и наверняка был рад возможности провести время у калитки.</p>
<p>42 846 зрителей не получили того напряжённого противостояния, на которое рассчитывали, поскольку «Старз» выиграли матч с преимуществом в восемь калиток, имея в запасе ещё 25 мячей.</p>
<p>Эта победа сохраняет «Мельбурн Старз» в числе претендентов: команда прервала серию из трёх поражений подряд и серьёзно осложнила положение «Мельбурн Ренегейдс». Маркус Стойнис отлично отработал в боулинге, оформив показатели 3-33, и в какой-то момент был в шаге от хет-трика, а Харпер находится в великолепной форме, набрав по ходу турнира 356 очков при страйк-рейте 159. Именно он был признан игроком матча.</p>
<p>Том Роджерс реабилитировался, оформив стремительные 50 очков в матче против «Мельбурн Ренегейдс».</p>
<p>Однако исход был фактически предрешён, когда Том Роджерс на старте иннинга набрал 50 очков всего с 19 мячей, а вместе с Харпером они оформили стартовое партнёрство на 84 очка.</p>
<p>«Они переиграли нас на “Джи”, так что было приятно одержать пятую победу», — сказал Харпер в эфире Fox Cricket.</p>
<p>Наиболее интересными оказались комментарии из комментаторской кабины Fox Cricket, где бывший капитан сборной Англии Майкл Вон ясно дал понять, насколько он разочарован тем, как руководство английского крикета отреагировало на инцидент в ночном клубе с участием Гарри Брука в Новой Зеландии перед прибытием команды в Австралию на The Ashes.</p>
<p>Ветеран «Мельбурн Старз» Питер Сиддл заявил, что «это был хороший разворот», и благодаря этой победе команда поднялась обратно на второе место в таблице BBL.</p>
<p>Борьба становится всё напряжённее: «Мельбурн Ренегейдс» осталось провести три матча, а «Мельбурн Старз» — два.</p>
<p>Этим летом впереди ещё немало крикета, так что оставайтесь с нами. Спасибо, что следили за событиями. Смогут ли «Старз» наконец завоевать титул?</p>","<p>После того как Усман Хаваджа и «Брисбен Хит» приняли «Сидней Тандер», в матче BBL15 на стадионе Marvel «Мельбурн Ренегейдс» сыграли дома против «Мельбурн Старз» во главе с Гленном Максвеллом.</p>
<p>Сэм Харпер доминировал, набрав 82 очка и оставшись невыбитым после 51 мяча, а Гленн Максвелл в сдержанном иннинге из 20 очков без потери калитки с 17 мячей, в который вошла одна огромная шестёрка, вновь почувствовал мяч на бите. Он не утратил своего мастерства и, безусловно, был рад возможности провести время у калитки.</p>
<p>42 846 зрителей не увидели той борьбы, на которую надеялись, поскольку «Старз» выиграли матч с преимуществом в восемь калиток, имея в запасе ещё 25 мячей.</p>
<p>Эта победа сохраняет «Мельбурн Старз» в числе претендентов: команда прервала серию из трёх поражений подряд и серьёзно осложнила положение «Мельбурн Ренегейдс». Маркус Стойнис хорошо отработал в боулинге, показав 3-33, и в какой-то момент находился в шаге от хет-трика, тогда как Харпер находится в великолепной форме, набрав по ходу турнира 356 очков при страйк-рейте 159. Он и был признан игроком матча.</p>
<p>Том Роджерс реабилитировался, оформив быстрые 50 очков в матче против «Мельбурн Ренегейдс».</p>
<p>Но всё было кончено, как только Том Роджерс набрал 50 очков с 19 мячей в начале иннинга и вместе с Харпером оформил стартовое партнёрство на 84 очка.</p>
<p>«Они переиграли нас на “Джи”, так что было приятно одержать пятую победу», — сказал Харпер в эфире Fox Cricket.</p>
<p>Наибольший интерес вызвали комментарии из комментаторской кабины Fox Cricket, где бывший капитан сборной Англии Майкл Вон ясно дал понять, насколько он разочарован тем, как руководство английского крикета отреагировало на инцидент в ночном клубе с участием Гарри Брука в Новой Зеландии перед прибытием команды в Австралию на The Ashes.</p>
<p>Ветеран «Мельбурн Старз» Питер Сиддл сказал, что «это был хороший поворот», поскольку благодаря победе команда вернулась на второе место в таблице BBL.</p>
<p>Борьба начинает накаляться: «Мельбурн Ренегейдс» осталось провести три матча, а «Мельбурн Старз» — два.</p>
<p>Этим летом впереди ещё много крикета, так что оставайтесь с нами. Спасибо, что следили за матчем. Смогут ли «Старз» наконец завоевать титул?</p>",,
best-pair-0022,44693-rus_Cyrl,"<p>Good Morning Worlds!<br>We are going to the tip this morning. It will clear some of the stuff we sorted yesterday from the drive. I don't think we can clear it all unless we took the trailer, but the trailer is full of steel for weighing in.<br>Later I might carry on packing tote crates.<br>#GoodMorningWorlds</p>
<p>Tip trip done, and another car load cleared out.<br>I have taken the new trailer axle, and trailer drive motor system, out of the scrap metal trailer load. That means we can get more scrap metal in there and also not accidentally weigh in the parts I want to keep.<br>I think, next, I will start moving the scrap steel from the back garden into the trailer so that it is ready to go.<br>Scrap steel prices are not very high at the moment but better than nothing, if I take enough of it in one go.<br>Still have to sort the non-ferrous scrap.</p>
<p>That thing when you are taking the rotten tyres off small, wide lawn tractor wheels....<br>Huge effort to unmount one side of the tyre, but it was really badly rusted tight on the other side of the rim.<br>In the time it took me to break the bead free, I'd forgotten I had already done the other side, and ended up with the rim free but completely inside the tyre!<br>I had to remount the tyre that side, and then work around it to get the rim out.<br>I had to cut up the inner tube to get that out too!<br>I wonder how many more tyres I need to unmount? Four done so far.</p>","<p>Доброе утро, миры!<br>С утра едем на свалку. Так получится убрать с подъездной дорожки часть того, что мы вчера там рассортировали. Не думаю, что удастся вывезти всё, если только не брать прицеп, но прицеп уже забит сталью на сдачу.<br>Позже, может, продолжу раскладывать вещи по пластиковым ящикам.<br>#ДоброеУтроМиры</p>
<p>На свалку съездили, ещё одну полную машину вывезли.<br>Я вытащил из прицепа с металлоломом новую ось для прицепа и систему приводного мотора прицепа. Это значит, что туда теперь можно загрузить ещё больше металлолома и заодно случайно не сдать детали, которые я хочу оставить.<br>Думаю, дальше начну перетаскивать стальной лом из заднего сада в прицеп, чтобы всё было готово к вывозу.<br>Цены на стальной лом сейчас не особо высокие, но всё равно лучше, чем ничего, если сдавать сразу побольше.<br>Ещё надо разобрать цветмет.</p>
<p>Вот ведь ситуация, когда снимаешь сгнившие шины с маленьких широких колёс садового трактора....<br>Кучу сил убил, чтобы снять шину с одной стороны, а с другой она вообще намертво приржавела к ободу.<br>Пока я отрывал борт шины от обода, уже успел забыть, что с другой стороны всё давно сделал, и в итоге обод освободился, но целиком оказался внутри шины!<br>Пришлось снова натянуть шину с той стороны, а потом уже возиться дальше, чтобы вытащить обод.<br>И камеру тоже пришлось разрезать, чтобы её достать!<br>Интересно, сколько ещё шин мне предстоит снять? Пока сделал четыре.</p>","<p>Доброе утро, миры!<br>Сегодня с утра едем на свалку. Так получится убрать с подъездной дорожки часть того, что мы вчера там рассортировали. Не думаю, что удастся вывезти всё целиком, если только не брать прицеп, но прицеп и так уже забит сталью на сдачу.<br>Потом, может, продолжу укладывать вещи в пластиковые ящики.<br>#ДоброеУтроМиры</p>
<p>На свалку съездили, ещё одну машину разгрузили.<br>Я вытащил из прицепа с металлоломом новую ось для прицепа и систему приводного мотора. Это значит, что туда теперь можно загрузить ещё больше металлолома и заодно не сдать случайно те детали, которые я хочу оставить.<br>Думаю, дальше начну перетаскивать стальной лом из заднего двора в прицеп, чтобы всё было готово к вывозу.<br>Цены на стальной лом сейчас не особо высокие, но всё равно лучше, чем ничего, если сдавать сразу побольше.<br>Ещё надо разобрать цветмет.</p>
<p>Вот же засада, когда снимаешь сгнившие шины с маленьких широких колёс садового трактора....<br>Кучу сил ушло на то, чтобы снять шину с одной стороны, а с другой она вообще намертво приржавела к ободу.<br>Пока я отрывал борт шины от обода, уже успел забыть, что с другой стороны всё давно сделал, и в итоге обод освободился, но целиком оказался внутри шины!<br>Пришлось снова натянуть шину с той стороны, а потом уже возиться дальше, чтобы вытащить обод.<br>И камеру тоже пришлось разрезать, чтобы её достать!<br>Интересно, сколько ещё шин мне предстоит снять? Пока готово четыре.</p>",,
best-pair-0023,44775-rus_Cyrl,"No, because you can't just say you want a divorce after so many years, and then you keep quiet.
Why now?
Why not now?
Tell me why not now?
Out.
Okay, fine.
I'll tell you.
I don't want to be in a loveless marriage anymore.
What?
You don't find it so.
No.
Okay.
Tell me, when did we meet?","Нет, нельзя просто после стольких лет заявить, что хочешь развода, а потом замолчать.
Почему именно сейчас?
А почему не сейчас?
Скажи мне, почему не сейчас?
Вон.
Ладно, хорошо.
Я скажу.
Я больше не хочу жить в браке без любви.
Что?
По-твоему, это не так.
Нет.
Ладно.
Скажи, когда мы познакомились?","Нет, потому что нельзя просто сказать, что ты хочешь развода после стольких лет, а потом молчать.
Почему сейчас?
Почему не сейчас?
Скажи мне, почему не сейчас?
Вон.
Ладно, хорошо.
Я скажу тебе.
Я больше не хочу быть в браке без любви.
Что?
Ты так не считаешь.
Нет.
Ладно.
Скажи мне, когда мы познакомились?",,
best-pair-0024,44716-rus_Cyrl,"Oh!
I am shot!
Oh, absolutely shot.
I am so glad to be home.
Oh, hey.
Hello, Harry.
Blanche almost gave me a heart attack.
What are you doing here?
How did you get in?
I used the key you gave us for emergencies.
This is not an emergency.
Oh, yes it is.
Harry.","Ох!
Я просто с ног валюсь!
Ох, совершенно без сил.
Как же я рада быть дома.
О, привет.
Привет, Гарри.
Бланш меня чуть до инфаркта не довела.
Что ты здесь делаешь?
Как ты вошёл?
Я воспользовался ключом, который ты дала нам на экстренный случай.
Это не экстренный случай.
О да, ещё какой.
Гарри.","Ох!
Я с ног валюсь!
Ох, просто с ног валюсь.
Как же я рада быть дома.
О, привет.
Привет, Гарри.
Бланш меня чуть до инфаркта не довела.
Что ты здесь делаешь?
Как ты вошёл?
Я воспользовался ключом, который ты дала нам на крайний случай.
Это не крайний случай.
Нет, очень даже крайний.
Гарри.",,
best-pair-0025,44597-rus_Cyrl,"She talked about how impossible it is to be a woman in today's society.
She spoke for over two minutes without being interrupted by a single man, saying things like, you have to be a boss, but you can't be mean.
You have to be thin but not too thin.
You have to never get old, never be rude, never show up.
Oh, sorry.
Our male director is telling me I need to wrap it up here to present America with her.
To see her award.
Is the woman that she delivered that speech to.
Please welcome Margot Robbie.","Она говорила о том, как невозможно быть женщиной в современном обществе.
Она говорила больше двух минут, и ни один мужчина её не перебил, говоря такие вещи, как: ты должна быть начальницей, но не можешь быть злой.
Ты должна быть худой, но не слишком худой.
Ты не должна стареть, не должна быть грубой, не должна выпячиваться.
Ой, простите.
Наш режиссёр-мужчина подсказывает мне, что мне нужно закругляться, чтобы представить Америке её.
Увидеть её награду.
Это женщина, которой она произнесла ту речь.
Поприветствуйте Марго Робби.","Она говорила о том, как невозможно быть женщиной в современном обществе.
Она говорила больше двух минут, и ни один мужчина её ни разу не перебил, говоря примерно следующее: ты должна быть начальницей, но не можешь быть стервой.
Ты должна быть худой, но не слишком худой.
Ты не должна стареть, не должна быть грубой, не должна высовываться.
Ой, простите.
Наш режиссёр-мужчина подсказывает мне, что мне уже пора закругляться, чтобы представить Америке женщину,
которой она адресовала ту речь.
Поприветствуйте Марго Робби.",,
best-pair-0026,44730-rus_Cyrl,"It'll be just like giving us allowance.
But you only have to pay us one time.
This might be a little more than our allowance was actually even combined.
We were.
We grew up in the 90s when things were cheap.
Can Twitch subs watch the bonus episode?
Yes.
Go to discord G g Wolf Den and you can, uh, if you link your Twitch account, there's a supporter only channel and I've been, uh, putting links to all of the bonus episodes there.","Это будет как будто вы просто даёте нам карманные деньги.
Но заплатить нам нужно будет всего один раз.
Вообще-то это может быть даже чуть больше, чем все наши карманные деньги вместе взятые.
Мы выросли в девяностые, когда всё было дёшево.
А подписчики Twitch могут посмотреть бонусный эпизод?
Да.
Заходите в discord G g Wolf Den: если привяжете свой аккаунт Twitch, там есть канал только для подписчиков, и я выкладываю туда ссылки на все бонусные эпизоды.","Это будет просто как дать нам карманные деньги.
Но заплатить нам нужно будет всего один раз.
Вообще-то это может быть даже чуть больше, чем все наши карманные деньги вместе взятые.
Мы выросли в девяностые, когда всё было дёшево.
А подписчики Twitch могут посмотреть бонусный эпизод?
Да.
Заходите в discord G g Wolf Den: если привяжете свой аккаунт Twitch, там есть канал только для подписчиков, и я выкладываю туда ссылки на все бонусные эпизоды.",,
best-pair-0027,44727-rus_Cyrl,"<p>Whoa, you mean Blender Market, the thing I said was the first step towards the Blender environment becoming a shitty subscription service, renamed itself to the oh-so-appealing name ""Superhive"" and then decided to mandate subscriptions?<br>WHOA WHO COULD HAVE GUESSED?! Not me, that's for sure. This is completely out of left field!</p>
<p>TBH, I have never seen a single company with ""Hive"" in the name that wasn't a complete shitshow run by assholes, so I never bought anything on that platform -<br>Sorry<br>I didn't RENT anything on that platform if I could help it.<br>Maybe it's unfair, but ""clearly we, a company that specializes in connecting creators with their audience, should name ourselves HIVE, because the creators are just our loyal little bees, and audience is our loyal little bees, work for us!"" always gives me bad vibes.</p>
<p>""Hive implies busy crowds!""<br>Hive implies a queen.</p>","<p>Ого, то есть Blender Market — та самая штука, про которую я говорил, что это первый шаг к превращению экосистемы Blender в дерьмовый сервис по подписке, — переименовался в такое вот «ну очень заманчивое» название ""Superhive"", а потом ещё и решил сделать подписку обязательной?<br>НУ НАДО ЖЕ, КТО БЫ МОГ ПОДУМАТЬ?! Уж точно не я. Вот это вообще как гром среди ясного неба!</p>
<p>Честно говоря, я ни разу не видел ни одной компании со словом ""Hive"" в названии, которая не оказалась бы полнейшим цирком с конями под управлением каких-нибудь мудаков, так что я никогда ничего на той платформе не покупал —<br>Извините<br>То есть я ничего там не АРЕНДОВАЛ, если мог этого избежать.<br>Может, это и несправедливо, но вот это «ну конечно, мы — компания, которая специализируется на том, чтобы соединять авторов с их аудиторией, — просто обязаны назвать себя HIVE, потому что авторы — это наши маленькие послушные пчёлки, и аудитория — это наши маленькие послушные пчёлки, работайте на нас!» всегда навевает мне очень мерзкие вайбы.</p>
<p>«Hive намекает на деловитую толпу!»<br>Hive намекает на королеву.</p>","<p>Ого, то есть Blender Market — та самая штука, про которую я говорил, что это первый шаг к тому, чтобы экосистема Blender превратилась в дерьмовый сервис по подписке, — переименовалась в такое до жути «привлекательное» название, как ""Superhive"", а потом ещё и решила сделать подписки обязательными?<br>ВОТ ЭТО ДА, И КТО БЫ МОГ ПОДУМАТЬ?! Уж точно не я. Это вообще как снег на голову!</p>
<p>Честно, я ни разу не видел ни одной компании с ""Hive"" в названии, которая не была бы полным цирком на помойке под управлением каких-нибудь мудаков, так что я никогда ничего не покупал на этой платформе —<br>Извините<br>Я ничего не БРАЛ В АРЕНДУ на этой платформе, если была возможность этого избежать.<br>Может, это и несправедливо, но «ну очевидно же, мы — компания, которая специализируется на том, чтобы связывать создателей с их аудиторией, — должны назвать себя HIVE, потому что создатели — это наши маленькие верные пчёлки, и аудитория — наши маленькие верные пчёлки, работайте на нас!» всегда вызывает у меня мерзкое ощущение.</p>
<p>«Hive подразумевает деловитую толпу!»<br>Hive подразумевает королеву.</p>",,
best-pair-0028,44668-rus_Cyrl,"<p>@afewbugs I have seen this too, I do worry that new members might not find such groups in the real world now as they are less likely to be on old fashioned social media. For instance someone was trying to give away two pedal cycles in need of repair and couldn't get any interest through Facebook. A few years ago they wouldn't have lasted ten minutes before someone claimed them. I have one and I am gutted that I wasn't able to take the second. Similarly, litter picking and community gardens.</p>
<p>@hicksy2 @afewbugs I have more luck shifting things through Facebook marketplace these days than I do with Gumtree any more, and I can't face eBay for things too big to post. Possibly it depends a lot on where you are though, especially with bikes!</p>
<p>@lnr @hicksy2 Marketplace is a big one keeping me on Facebook too. I used to think it was to keep in touch with friends but I barely see any posts from my actual friends anymore, so now it's mostly marketplace, local groups and the fact most local businesses and even the Library only seem to have their opening times, special events etc on Facebook</p>","<p>@afewbugs Я тоже такое замечал(а), и меня правда беспокоит, что новые участники сейчас могут не находить такие группы в реальной жизни, потому что они уже не так часто сидят в старомодных соцсетях. Например, кто-то пытался отдать даром два велосипеда, которым нужен ремонт, и вообще не смог никого заинтересовать через Facebook. А ведь несколько лет назад их бы и за десять минут кто-нибудь забрал. У меня один уже есть, и мне ужасно обидно, что я не смог(ла) взять второй. То же самое с уборкой мусора и общественными садами.</p>
<p>@hicksy2 @afewbugs В последнее время мне куда больше везёт пристраивать вещи через Facebook Marketplace, чем через Gumtree, а с eBay я вообще не хочу связываться, если речь о вещах слишком больших для отправки по почте. Хотя, наверное, тут многое зависит от того, где ты живёшь, особенно если речь о велосипедах!</p>
<p>@lnr @hicksy2 Marketplace тоже одна из главных причин, почему я до сих пор на Facebook. Раньше я думал(а), что сижу там, чтобы поддерживать связь с друзьями, но теперь я почти не вижу постов от своих настоящих друзей, так что сейчас это в основном Marketplace, местные группы и то, что большинство местных заведений и даже библиотека, похоже, публикуют часы работы, особые мероприятия и всё такое только в Facebook</p>","<p>@afewbugs Я тоже это замечал(а), и меня правда беспокоит, что новым людям сейчас может быть сложнее находить такие группы в реальной жизни, потому что они уже не так часто сидят в старомодных соцсетях. Например, кто-то пытался отдать даром два велосипеда, которым нужен ремонт, и через Facebook вообще никого не заинтересовал. А ещё несколько лет назад их бы забрали максимум за десять минут. У меня один уже есть, и мне жутко обидно, что я не смог(ла) взять второй. То же самое с уборкой мусора и общественными садами.</p>
<p>@hicksy2 @afewbugs В последнее время мне куда чаще удаётся пристроить вещи через Facebook Marketplace, чем через Gumtree, а с eBay я вообще не хочу связываться, если вещь слишком большая для отправки. Хотя, наверное, тут многое зависит от того, где ты находишься, особенно если речь о велосипедах!</p>
<p>@lnr @hicksy2 Marketplace — тоже одна из главных причин, почему я всё ещё сижу в Facebook. Раньше мне казалось, что я там в основном ради общения с друзьями, но сейчас я почти не вижу постов от настоящих друзей, так что теперь это в основном Marketplace, местные группы и ещё то, что большинство местных бизнесов и даже библиотека, похоже, публикуют часы работы, специальные мероприятия и всё такое только в Facebook.</p>",,
best-pair-0029,44613-rus_Cyrl,"So this little room right here needs to be cleaned out.
I need to throw away a bunch of stuff.
There's a bunch of stuff left in there from the previous owners of this house, and I've never really gone through it.
So what better time than right now with the world watching?
Kind of a mess in here?
Turn on the light.
You can see there's a couple of shelves there with some things on them.
Yeah, I've been meaning to clean this up for quite some time and it is time.
So here is some kind of a case.
I'll bet you anything I know exactly what this is.","Вот эту маленькую комнату нужно разобрать.
Мне надо выбросить кучу вещей.
Там осталось полно всякого от прежних хозяев этого дома, и я так ни разу толком это не перебрал.
Так что когда, если не сейчас, пока весь мир смотрит?
Тут, похоже, тот ещё бардак, да?
Включу свет.
Видно, что там пара полок, и на них лежат какие-то вещи.
Да, я уже давно собирался тут прибраться, и вот наконец пора.
Так, а вот какой-то футляр.
Да что угодно ставлю, я точно знаю, что это.","Вот эту маленькую комнатку нужно разобрать.
Мне надо повыбрасывать кучу всего.
Там осталось полно вещей от прежних хозяев этого дома, и я так ни разу по-настоящему там не разбирался.
Ну так когда ещё, если не сейчас, когда за этим наблюдает весь мир?
Тут, похоже, тот ещё бардак, да?
Включу свет.
Видно, что там пара полок, и на них кое-что лежит.
Да, я уже давно собирался здесь прибраться, и вот наконец время пришло.
Так, а вот какой-то футляр.
Готов поспорить на что угодно, я точно знаю, что это.",,
best-pair-0030,44637-rus_Cyrl,"You got something?
Allison.
Get away from me!
Easy, pal.
Easy.
I said stay back!
I'm here to help.
Okay.
Help!
How?
I'm a police detective.","У тебя что-то есть?
Эллисон.
Отойди от меня!
Спокойно, приятель.
Спокойно.
Я сказал, не подходи!
Я здесь, чтобы помочь.
Ладно.
Помогите!
Как?
Я детектив полиции.","У тебя что-нибудь есть?
Эллисон.
Отойди от меня!
Спокойно, приятель.
Спокойно.
Я сказал, не подходи!
Я здесь, чтобы помочь.
Ладно.
Помогите!
Как?
Я детектив полиции.",,
best-pair-0031,44684-rus_Cyrl,"<p>painting with bazkie! 🧵 a (slow) thread [1/x]<br>I figured it'd be fun to share the whole process that goes into making a painting a custom scene. could be useful to some, and entertaining to others :)<br>👩‍🦱 ~ EVE &amp; ADAM ~ 🧔‍♂️<br>as you all know, I'm a deeply religious person 🛐 so..<br>the scene: we're in the garden of eden. adam is eating apples from the forbidden tree, because of course he is. eve is having none of his shit, grabs an unfortunate unsuspecting nearby serpent, and is about to whip the shit out of adam. 🐍<br>#painting</p>
<p>painting with bazkie! 🧵 a (slow) thread [2/x]<br>so, we're gonna need reference photos. I want eve to be in the process of swinging the serpent around; so then I figured a baseball batter would be a good fit.<br>so wading through the AI slop, I found this actual photo that has a nice pose and good lighting.</p>
<p>painting with bazkie! 🧵 a (slow) thread [3/x]<br>I want adam to be in a protective stance, while also holding a forbidden apple, and all this, seen from the side/back. also, the lighting has to come from the same side as the batter. so all and all, it's pretty hard to find a proper reference pic for this, so I am posing for this one myself.<br>took about 20 pics with slightly different in stances etc., and decided on this one. (the right hand is going to hold the apple)</p>","<p>рисую с bazkie! 🧵 тред (медленный) [1/x]<br>подумал, будет прикольно показать весь процесс создания кастомной сцены для картины. кому-то это может быть полезно, а кому-то — просто развлечёт :)<br>👩‍🦱 ~ ЕВА &amp; АДАМ ~ 🧔‍♂️<br>как вы все знаете, я человек глубоко религиозный 🛐 так что..<br>сцена такая: мы в Эдемском саду. Адам ест яблоки с запретного дерева, потому что ну а как иначе. Ева с его выходок уже сыта по горло, хватает несчастного ничего не подозревающего змея поблизости и уже собирается как следует отхлестать Адама. 🐍<br>#живопись</p>
<p>рисую с bazkie! 🧵 тред (медленный) [2/x]<br>итак, нам понадобятся референсы. я хочу, чтобы Ева была в моменте, когда раскручивает змея для удара, так что я решил, что бейсболист на замахе сюда отлично подойдёт.<br>и вот, продираясь через всю эту ИИ-кашу, я нашёл реальную фотку с хорошей позой и классным светом.</p>
<p>рисую с bazkie! 🧵 тред (медленный) [3/x]<br>я хочу, чтобы Адам стоял в защитной позе, при этом держал запретное яблоко, и чтобы всё это было видно сбоку/со спины. ещё свет должен падать с той же стороны, что и у бьющего. в общем, найти для такого нормальный референс довольно сложно, так что для этого кадра я позирую сам.<br>сделал штук 20 фоток с немного разными позами и всем таким, и в итоге выбрал эту. (в правой руке будет яблоко)</p>","<p>рисуем с bazkie! 🧵 тред (медленный) [1/x]<br>мне показалось, будет прикольно показать весь процесс того, как я делаю из картины кастомную сцену. кому-то это может быть полезно, а кому-то просто интересно :)<br>👩‍🦱 ~ ЕВА &amp; АДАМ ~ 🧔‍♂️<br>как вы все знаете, я очень религиозный человек 🛐 так что..<br>сцена: мы в эдемском саду. Адам ест яблоки с запретного дерева, потому что ну конечно ест. Ева с него в полном шоке, хватает несчастного ничего не подозревающего змея неподалёку и уже собирается как следует отхлестать им Адама. 🐍<br>#живопись</p>
<p>рисуем с bazkie! 🧵 тред (медленный) [2/x]<br>итак, нам понадобятся референсы. я хочу, чтобы Ева была в процессе замаха змеем; поэтому я подумал, что фото бейсболиста с битой отлично подойдёт.<br>и вот, продираясь через ИИ-шлак, я нашёл настоящее фото с классной позой и хорошим светом.</p>
<p>рисуем с bazkie! 🧵 тред (медленный) [3/x]<br>я хочу, чтобы Адам стоял в защитной позе, но при этом держал запретное яблоко, и чтобы всё это было видно сбоку/со спины. ещё и свет должен падать с той же стороны, что и у бьющего. в общем, найти нормальный референс для такого довольно сложно, так что тут я позирую сам.<br>сделал где-то 20 фото с немного разными позами и т. д., и выбрал вот это. (в правой руке будет яблоко)</p>",,
best-pair-0032,44755-rus_Cyrl,"You guys ready for breakfast?
Yeah, yeah, yeah.
I think there are people underneath.
You didn't go to sleep till 2:00.
I'm a sad little puppy.
Oh.
It wasn't because we were bothering each other.
It's because the bunk was uncomfortable.
Okay.
It was comfortable for me.
Ellie, what are you doing?
It was weird.
Yeah, it was a weird night.
Are you trying to sneak the snacks?","Ребята, вы готовы к завтраку?
Ага, ага, ага.
Мне кажется, внизу кто-то есть.
Ты не заснул до двух.
Я как грустный маленький щенок.
Ой.
Это не потому, что мы мешали друг другу.
Просто койка была неудобная.
Ладно.
А мне было удобно.
Элли, ты что делаешь?
Странно было.
Да, ночка выдалась странная.
Ты что, пытаешься незаметно стащить снеки?","Ребята, вы готовы к завтраку?
Да, да, да.
Мне кажется, внизу кто-то есть.
Ты не заснул до двух.
Я как грустный маленький щеночек.
Ой.
Это не потому, что мы мешали друг другу.
Просто койка была неудобная.
Ладно.
А мне было удобно.
Элли, ты что делаешь?
Было странно.
Да, ночь выдалась странная.
Ты что, пытаешься тихонько стащить снеки?",,
best-pair-0033,44635-rus_Cyrl,"```json
[
  ""Set up and manage a Facebook Store right from your Mambalo dashboard. Forget social sharing. You’re ready for social selling."",
  ""Easily add, promote, and sell products, or manage all your Facebook advertising in just a few clicks — right from your Mambalo dashboard."",
  ""Convert window shoppers to paying customers with Facebook remarketing. With a few clicks, we’ll create hyper-targeted ads to remind your customers about products they considered but didn’t buy."",
  ""Sell everywhere"",
  ""Set up and manage a Facebook store right from your Mambalo dashboard. Forget social sharing. You’re ready for social selling."",
  ""Worried about the extra management? Mambalo automatically syncs your product information from your online store with Facebook, so any changes you make will instantly appear in your Facebook ecommerce store. Do it once and forget it."",
  ""Advertising your Facebook store — made easy"",
  ""The Facebook Pixel makes advertising on Facebook much more effective. Easily market to your ideal audiences based on the actions they have taken in your online store and track their conversions. Not only do you know exactly who you’re advertising to, but you also have a better understanding of how your ads are performing. All in all, you can make your messaging more powerful, leading to a better return on your advertising dollars."",
  ""Remarket. To everyone who visits your site, or just to people who visit specific pages or take specific actions."",
  ""Streamlined shipping and taxes: Integrates with major carriers such as USPS, UPS, FedEx, and many others internationally to automatically calculate shipping rates."",
  ""WordPress e-commerce Capabilities: Add your online store to WordPress and showcase the same products, prices, and descriptions on your Facebook store as your WordPress storefront or any other site builder like Weebly, Wix, and Adobe Muse."",
  ""E-commerce mobile apps: With Mambalo’s free iOS and Android apps, you can manage sales, track inventory, and accept online payments wherever you are."",
  ""PCI DSS validated level 1 service: Provides 55+ payment options and secure HTTPS checkout capabilities to ensure you comply with PCI DSS Level 1 requirements."",
  ""Is it possible to migrate my store from WooCommerce to Facebook with Mambalo?"",
  ""I am still confused and need extra help with the Mambalo Facebook commerce app. What should I do?"",
  ""Don't forget about our Knowledge Base, either. If you want to learn about Mambalo basics, how to manage your Mambalo Facebook store, and other Mambalo Facebook commerce app topics, our Knowledge Base may prove to be a great resource."",
  ""The Mambalo team is happy to help you too. Feel free to send us a message at any time, and we will respond as soon as possible."",
  ""Google Smart Shopping takes your products beyond Google search to help you advertise across Shopping, YouTube, Gmail, and the Google Display Network."",
  ""Maximize sales without the guesswork"",
]
```","[""Настраивайте магазин Facebook и управляйте им прямо из панели Mambalo. Забудьте о простом присутствии в соцсетях — вы готовы к продажам в них."",""Легко добавляйте, продвигайте и продавайте товары или управляйте всей своей рекламой в Facebook всего в несколько кликов — прямо из панели Mambalo."",""Превращайте посетителей, которые только присматриваются, в реальных покупателей с помощью ремаркетинга Facebook. За несколько кликов мы создадим гипертаргетированные объявления, чтобы напомнить вашим клиентам о товарах, которые они рассматривали, но так и не купили."",""Продавайте везде"",""Настраивайте магазин Facebook и управляйте им прямо из панели Mambalo. Забудьте о простом присутствии в соцсетях — вы готовы к продажам в них."",""Беспокоитесь о лишних хлопотах с управлением? Mambalo автоматически синхронизирует данные о товарах из вашего интернет-магазина с Facebook, поэтому любые внесённые вами изменения сразу же появятся в вашем магазине Facebook. Настройте один раз — и больше не беспокойтесь об этом."",""Реклама вашего магазина Facebook — это просто"",""Пиксель Facebook делает рекламу в Facebook гораздо эффективнее. Легко продвигайте товары среди своей идеальной аудитории на основе действий, которые пользователи совершали в вашем интернет-магазине, и отслеживайте их конверсии. Вы не только точно знаете, кому показываете рекламу, но и лучше понимаете, насколько эффективно работают ваши объявления. В результате вы сможете сделать свои рекламные сообщения более убедительными и повысить отдачу от рекламного бюджета."",""Используйте ремаркетинг для всех посетителей вашего сайта или только для тех, кто открывал определённые страницы либо совершал определённые действия."",""Упрощённые доставка и налогообложение: интеграция с крупными службами доставки, такими как USPS, UPS, FedEx, и многими другими по всему миру позволяет автоматически рассчитывать стоимость доставки."",""Возможности электронной коммерции для WordPress: добавьте свой интернет-магазин в WordPress и показывайте в магазине Facebook те же товары, цены и описания, что и на витрине WordPress или на сайте, созданном в любом другом конструкторе, таком как Weebly, Wix или Adobe Muse."",""Мобильные приложения для электронной коммерции: с бесплатными приложениями Mambalo для iOS и Android вы можете управлять продажами, отслеживать товарные запасы и принимать онлайн-платежи, где бы вы ни находились."",""Сервис уровня 1 с подтверждённым соответствием PCI DSS: более 55 способов оплаты и безопасное оформление заказа по HTTPS помогают обеспечить соответствие требованиям PCI DSS Level 1."",""Можно ли перенести мой магазин из WooCommerce в Facebook с помощью Mambalo?"",""Я всё ещё не до конца понимаю, как пользоваться приложением Mambalo для торговли в Facebook, и мне нужна дополнительная помощь. Что делать?"",""Также не забывайте о нашей Базе знаний. Если вы хотите изучить основы Mambalo, узнать, как управлять вашим магазином Mambalo в Facebook, и разобраться в других вопросах, связанных с приложением Mambalo для торговли в Facebook, наша База знаний может стать отличным источником информации."",""Команда Mambalo тоже будет рада помочь вам. Смело отправляйте нам сообщение в любое время, и мы ответим как можно скорее."",""Google Smart Shopping выводит ваши товары за пределы поиска Google и помогает размещать рекламу в Shopping, YouTube, Gmail и Контекстно-медийной сети Google."",""Увеличивайте продажи без догадок""]","[""Настраивайте магазин Facebook и управляйте им прямо из панели управления Mambalo. Забудьте о простом постинге в соцсетях — вы готовы к продажам через социальные сети."",""Легко добавляйте, продвигайте и продавайте товары или управляйте всей рекламой в Facebook всего за несколько кликов — прямо из панели управления Mambalo."",""Превращайте просто интересующихся посетителей в реальных покупателей с помощью ремаркетинга Facebook. Всего за несколько кликов мы создадим гипертаргетированные объявления, чтобы напомнить вашим клиентам о товарах, которые они смотрели, но не купили."",""Продавайте везде"",""Настраивайте магазин Facebook и управляйте им прямо из панели управления Mambalo. Забудьте о простом постинге в соцсетях — вы готовы к продажам через социальные сети."",""Вас беспокоит дополнительная нагрузка по управлению? Mambalo автоматически синхронизирует информацию о товарах из вашего интернет-магазина с Facebook, поэтому любые внесённые вами изменения мгновенно появятся в вашем магазине Facebook. Настройте один раз — и больше не возвращайтесь к этому."",""Реклама вашего магазина Facebook — это просто"",""Facebook Pixel делает рекламу в Facebook значительно эффективнее. Легко продвигайте товары среди вашей идеальной аудитории на основе действий, которые пользователи совершают в вашем интернет-магазине, и отслеживайте их конверсии. Вы не только точно знаете, кому показываете рекламу, но и лучше понимаете, насколько эффективно работают ваши объявления. В итоге вы сможете сделать свои рекламные сообщения более убедительными и получить более высокую отдачу от рекламного бюджета."",""Запускайте ремаркетинг для всех, кто посещает ваш сайт, или только для тех, кто посещает определённые страницы либо совершает определённые действия."",""Упрощённые доставка и налогообложение: интеграция с крупными службами доставки, такими как USPS, UPS, FedEx, а также многими другими по всему миру, позволяет автоматически рассчитывать стоимость доставки."",""Возможности электронной коммерции для WordPress: добавьте свой интернет-магазин в WordPress и показывайте в магазине Facebook те же товары, цены и описания, что и в вашей витрине WordPress или на сайте, созданном в любом другом конструкторе, например Weebly, Wix или Adobe Muse."",""Мобильные приложения для электронной коммерции: с бесплатными приложениями Mambalo для iOS и Android вы можете управлять продажами, отслеживать складские остатки и принимать онлайн-платежи, где бы вы ни находились."",""Сервис уровня 1 с подтверждённым соответствием PCI DSS: предоставляет более 55 способов оплаты и безопасное оформление заказа по HTTPS, чтобы обеспечить соответствие требованиям PCI DSS Level 1."",""Можно ли перенести мой магазин из WooCommerce в Facebook с помощью Mambalo?"",""Я всё ещё не до конца понимаю, как пользоваться приложением Mambalo для торговли в Facebook, и мне нужна дополнительная помощь. Что мне делать?"",""Также не забывайте о нашей Базе знаний. Если вы хотите узнать больше об основах Mambalo, о том, как управлять вашим магазином Mambalo в Facebook, а также изучить другие темы, связанные с приложением Mambalo для торговли в Facebook, наша База знаний может стать отличным источником информации."",""Команда Mambalo тоже с радостью вам поможет. Отправьте нам сообщение в любое время, и мы ответим как можно скорее."",""Google Smart Shopping выводит ваши товары за пределы поиска Google и помогает размещать рекламу в Shopping, YouTube, Gmail и Контекстно-медийной сети Google."",""Увеличивайте продажи без догадок""]",,
best-pair-0034,44711-rus_Cyrl,"<p>i am hesitant to declare it but i may be right around the point of behavior calculation optimization where there's nothing more that can be done without actually decimating the number of paths being processed.<br>And that might actually be the play because things like UCT are smarter about traversing a tree with a budget and splitting how deep vs broad you go</p>
<p>at the end of the day, it's always going to be possible that some enemy picks up some combination of abilities/items where the combinatorial explosion of possibility space is unable to calculate fast on any hardware, so I was always going to need to cap it somewhere, just that theoretical cap is now 40x bigger than it was in january</p>
<p>Welp think I'm going to implement UCT because my game's just Go now this is going to be a journey</p>","<p>мне немного стрёмно это заявлять, но, кажется, я почти дошёл до той точки оптимизации расчёта поведения, где уже ничего больше не сделать, если только реально не сократить в разы количество обрабатываемых путей.<br>И, возможно, именно так и надо, потому что штуки вроде UCT умнее обходят дерево в рамках ограниченного бюджета и лучше решают, насколько идти в глубину, а насколько в ширину</p>
<p>в конечном счёте всегда будет возможно, что какой-нибудь враг соберёт такую комбинацию способностей/предметов, при которой комбинаторный взрыв пространства вариантов нельзя будет быстро просчитать вообще ни на каком железе, так что мне в любом случае пришлось бы где-то это ограничить, просто теперь этот теоретический лимит в 40 раз больше, чем был в январе</p>
<p>Ну что ж, думаю, буду внедрять UCT, потому что моя игра теперь просто Go, это будет то ещё приключение</p>","<p>мне немного стрёмно это говорить, но, кажется, я уже почти упёрся в ту точку оптимизации расчёта поведения, где дальше ничего не улучшить, если только не порезать в хлам количество обрабатываемых путей.<br>И, возможно, в этом и есть правильный ход, потому что штуки вроде UCT умнее обходят дерево при ограниченном бюджете и лучше балансируют между тем, насколько идти в глубину, а насколько в ширину</p>
<p>в конце концов всегда может случиться так, что какой-нибудь враг соберёт такую комбинацию способностей/предметов, при которой комбинаторный взрыв пространства вариантов будет невозможно быстро просчитать вообще ни на каком железе, так что мне в любом случае пришлось бы где-то ставить предел, просто теперь этот теоретический предел в 40 раз выше, чем был в январе</p>
<p>Ну что ж, похоже, буду внедрять UCT, потому что моя игра теперь просто Go, и это будет то ещё приключение</p>",,
best-pair-0035,44743-rus_Cyrl,"With a super comfy night in this extremely large bed, it's a good change to our small tent.
Look at this, guys.
It's got posts and everything.
Yeah, this hotel is a very old hotel and it's got loads of character to it.
It's got like loads of vintage pieces of furniture.
Look at this desk.
You just want to kind of sit there and get your fountain pen out and start.
I don't know, writing letters or something.
Established in 1860.","После невероятно комфортной ночи в этой огромной кровати это такая приятная перемена после нашей маленькой палатки.
Посмотрите-ка, ребята.
У неё балдахин и всё как положено.
Да, этот отель очень старый, и в нём невероятно много характера.
Здесь полно винтажной мебели.
Посмотрите на этот письменный стол.
Так и хочется сесть за него, достать перьевую ручку и начать.
Не знаю, писать письма или что-нибудь такое.
Основан в 1860 году.","После ночи на этой огромной, невероятно удобной кровати это такая приятная перемена после нашей маленькой палатки.
Посмотрите, ребята.
У неё даже балдахинные стойки есть — всё как полагается.
Да, этот отель очень старый, и в нём море характера.
Тут полно винтажной мебели.
Посмотрите на этот письменный стол.
Так и тянет сесть за него, достать перьевую ручку и начать...
Не знаю, писать письма или что-нибудь такое.
Основан в 1860 году.",,
best-pair-0036,44785-rus_Cyrl,"It's raining, man.
It's raining man.
The rain has begun.
It said 90% chance of rain today.
So it's pretty happy that it wasn't raining when we arrived.
But it's like 230 now and the rain is coming down.
I'm glad I actually remembered to pack my umbrella.
We're covering you with two.","Дождь идёт, чувак.
Ну да, дождь пошёл.
Дождь начался.
Говорили, что сегодня вероятность дождя — 90%.
Так что я очень рад, что когда мы приехали, дождя не было.
Но сейчас уже где-то полтретьего, и дождь льёт как из ведра.
Хорошо, что я всё-таки вспомнил взять с собой зонт.
Мы прикрываем тебя двумя зонтами.","Дождь идёт, чувак.
Да, дождь пошёл.
Дождь начался.
Говорили, что сегодня вероятность дождя — 90%.
Так что я очень рад, что когда мы приехали, дождя не было.
Но сейчас уже где-то полтретьего, и дождь льёт как из ведра.
Хорошо, что я всё-таки вспомнил взять с собой зонт.
Мы прикрываем тебя сразу двумя зонтами.",,
best-pair-0037,44789-rus_Cyrl,"I just need a minute.
Take your time, ma'am.
This can't be happening.
He just went to get something from the office.
Oh, God.
Emily.
Oh my God.
What's going on here?","Мне просто нужна минутка.
Не торопитесь, мэм.
Этого не может быть.
Он просто пошёл взять кое-что из кабинета.
О боже.
Эмили.
Боже мой.
Что здесь происходит?","Мне просто нужна минутка.
Не спешите, мэм.
Этого не может быть.
Он просто пошёл взять кое-что из офиса.
О боже.
Эмили.
О боже мой.
Что здесь происходит?",,
best-pair-0038,44723-rus_Cyrl,"<p>@Maker_of_Things <br>Is there any bruising or swelling? If it’s swelling then let the practice know and keep an eye on it. <br>Assuming she took it from the veins around the elbow, theres a chance she went too deep and hit the back wall of the vein, and an underlying tendon then bruised it on the way out. All depends on technique and equipment. I could never get the hang of a fixed needle draw but was a deft hand at a butterfly draw, you could be much kinder. <br>Hope it’s eased now.</p>
<p>@tempusfelix<br>Yeah, from my elbow. It is still sore, but getting better. No bruising or bleeding though.</p>
<p>@Maker_of_Things <br>Good. She may well have been too deep so remember if they’re not urgent, you can often ask for a specific practitioner if your surgery allows it. For example I like the sister at mine, she’s so smooth.</p>","<p>@Maker_of_Things <br>Есть синяк или припухлость? Если припухлость, то сообщи в поликлинику и последи, как оно будет. <br>Если она брала кровь из вены у локтя, то могла зайти слишком глубоко и проколоть вену насквозь, а сухожилие под ней потом задело это место, когда иглу вытаскивали. Тут всё зависит от техники и оборудования. У меня никогда не получалось нормально брать кровь обычной иглой, а вот с «бабочкой» я управлялась ловко — так можно гораздо аккуратнее. <br>Надеюсь, сейчас уже отпустило.</p>
<p>@tempusfelix<br>Ага, из локтя. Всё ещё побаливает, но уже проходит. Но ни синяка, ни крови нет.</p>
<p>@Maker_of_Things <br>Хорошо. Очень может быть, что она просто вошла слишком глубоко, так что имей в виду: если не срочно, часто можно попросить конкретного специалиста, если у вас в поликлинике это практикуют. Например, мне у себя нравится старшая медсестра, у неё всё проходит очень мягко.</p>","<p>@Maker_of_Things <br>Есть синяк или отёк? Если это отёк, то дай знать в поликлинике и последи за этим. <br>Если она брала кровь из вены в районе локтя, то есть шанс, что игла вошла слишком глубоко и задела заднюю стенку вены, а сухожилие под ней потом ещё травмировало это место, когда иглу вытаскивали. Тут всё зависит от техники и оборудования. У меня никогда толком не получалось брать кровь обычной иглой, а вот с «бабочкой» я управлялась ловко — так можно быть куда аккуратнее. <br>Надеюсь, сейчас уже полегче.</p>
<p>@tempusfelix<br>Ага, из локтя. Всё ещё болит, но уже лучше. Но ни синяка, ни крови нет.</p>
<p>@Maker_of_Things <br>Хорошо. Вполне возможно, она просто вошла слишком глубоко, так что имей в виду: если это не срочно, часто можно попросить конкретного специалиста, если у вас в поликлинике это разрешают. Например, мне у себя нравится старшая медсестра — у неё всё проходит очень легко.</p>",,
best-pair-0039,44615-rus_Cyrl,"What's the matter with you?
Are you in a trance or something?
You're in the wrong lane.
Oh, I'm sorry.
Helen.
There goes my whole week's salary.
I haven't had a full paycheck since Christmas.
Oh, that's all going to be changed tonight.
But, gee, what if they just say strike and leave us out on a limb?
They won't.
Our demands are reasonable.
Yeah.
If I lose this job, it'll mean pedaling, chewing gum and lead pencils for me.
I ain't a looker.","Что с тобой?
Ты что, как в трансе?
Ты не на той полосе.
Ой, прости.
Хелен.
Ну вот, вся моя недельная зарплата коту под хвост.
С самого Рождества я ни разу не получала полный заработок.
Ой, сегодня вечером всё это изменится.
Но, господи, а вдруг они просто объявят забастовку и бросят нас на произвол судьбы?
Не бросят.
Наши требования разумные.
Ага.
Если я потеряю эту работу, мне останется только крутить педали и торговать жвачкой да карандашами.
Я не из красавиц.","Что с тобой?
Ты что, в трансе, что ли?
Ты едешь не по той полосе.
Ой, прости.
Хелен.
Вот и вся моя недельная зарплата накрылась.
С самого Рождества я ни разу не получала полный чек.
Ой, сегодня вечером всё изменится.
Но, господи, а вдруг они просто объявят забастовку и оставят нас ни с чем?
Не оставят.
Наши требования разумны.
Ага.
Если я потеряю эту работу, мне останется только крутить педали и торговать жвачкой да карандашами.
Я не красавица.",,
best-pair-0040,44600-rus_Cyrl,"Hello?
Yes, Lois.
I'll hold the wire, please.
Lois, phone.
Take the message, will you, please?
Dad.
She's busy right now.
I'll take the message.
Uh, what was that?
Ralph is calling for instead of Henry.
What?
But he can't meet her in front of the gymnasium.
Can she?
Go where?
Uh, well, wait a minute.","Алло?
Да, Лоис.
Я подожду у телефона, пожалуйста.
Лоис, к телефону.
Примешь сообщение, пожалуйста?
Пап.
Она сейчас занята.
Я приму сообщение.
Что вы сказали?
Ральф звонит вместо Генри.
Что?
Но он не может встретить её перед спортзалом.
А она может?
Куда идти?
Ну, подождите минутку.","Алло?
Да, Лоис.
Я подожду у телефона, пожалуйста.
Лоис, тебя к телефону.
Примешь сообщение, пожалуйста?
Пап.
Она сейчас занята.
Я приму сообщение.
Что вы сказали?
Ральф звонит вместо Генри.
Что?
Но он не может встретить её перед спортзалом.
А она сможет?
Куда прийти?
Ну, подождите минутку.",,
best-pair-0041,44778-rus_Cyrl,"<p>This morning while walking to work I had a thought: is it possible that the reason why the perception of the #replyGuy problem being worse on #Mastodon (and the #Fediverse in general) is due to sheer (lack of) numbers?<br>So I came up with a simplified model to check if this was indeed sufficient to explain the phenomenon.<br>Let's assume that, similarly to Mario Cipolla's Basic Laws of Human Stupidity, the fraction of reply guys in a population is a given constant ρ.<br>1/n<br>#maths</p>
<p>Let's also assume for simplicity that reply guys operate mechanically, i.e. do not use some kind of automation to find posts to reply to. This puts an upper limit to the total number of posts a reply guy can reply to in the course of a single day. Let's call this D.<br>We can also assume that on average a single non-reply-guy will generally post P &lt; D posts per day.<br>Ignoring for a moment larger timeframes than a single day (but the discussion is similar if we extend the observation period) …<br>2/n</p>
<p> … and assuming replyguys select randomly the posts to reply to (i.e. they don't specifically target a person for any particular reason), can we calculate what is the probability that a given person will see at least one reply from a reply guy?<br>Before doing the actual math, let's look at some practical example. Let's say that 1 in 10 users are reply guys, a reply guy goes through 100 posts per day, and a regular user posts 10 messages per day.<br>3/n</p>
<p>If there are 10 users in the network, 9 are regular users and 1 is a reply guy. There are 90 regular posts per day, and the the single reply guy will see ALL of them (because they can read 100 posts per day, so they see all the posts made on that network on that day.<br>However, if there are 100 users in the network, 10 of which are reply guys, the network will produce 900 posts in a day, but reply guys will NOT necessarily see all of them!<br>4/n</p>
<p>In the second scenario, each reply guy will see 100 random posts of the 900. Even if there are 10 reply guys, this does NOT mean that each post will be found by a reply guy! There may be posts that are seen by multiple reply guys, and posts that will not be seen by any reply guy!<br>So how do we compute the probability for a post to be seen by a reply guy in this case?<br>One way to do this is to compute the probability of NOT being seen by ANY reply guy, and taking the complement.<br>5/n</p>
<p>Now, since each reply guy sees 100 of the 900 posts, each post has a 1/9 probability of being seen by any particular reply guy, i.e. an 8/9 probability of NOT being seen by that particular reply guy. The probability of not being seen by ANY reply guy is thus 8/9 for each reply guy and assuming that the probabilities are independent, this means that the probability of not being seen by any of the 10 reply guys is (8/9)^10, which is 0.30794....<br>6/n</p>
<p>This means that the probability for each post to be seen by AT LEAST ONE reply guy is 1-(8/9)^10 or approximately 69%.<br>Of course, if someone posts 10 posts per day, then the probability for them to come across a reply guy is higher than that, because it will be the probability of at least on their post being seen by at least one reply guy!<br>Again assuming that for each post the probabilities are independent, the math is only slightly more complex:<br>6/n</p>
<p>each post has a (8/9)^10 probability of not being seen, but for the probability for ALL posts not being seen, that has to be further elevated to the number of posts made by the same person, which is 10, so (8/9)^100, and the probability of AT LEAST ONE POST being seen by AT LEAST ONE reply guys becomes 1 - (8/9)^100 = 0.99999233… which is not 100% but very close to it.<br>This was the case of a network 100 people, 10 of which are reply guys. Let's do one more and then go general.<br>7/n</p>
<p>Let's now assume the network has 100K users, still with the same 10% of reply guys (90K regular users, 10K reply guys).<br>Each reply guy still reads 100 posts per day, and the regular users still produce 10 posts per day.<br>This means that in a single day the regular users produce 900K posts, and each reply guys reads 100 of those 900K posts!<br>Still under the randomness assumption, this means that a single reply guy will only see 100/900K posts!<br>8/n</p>","<p>Сегодня утром, пока шёл на работу, мне пришла в голову мысль: а может быть так, что ощущение, будто проблема #комментаторов-прилипал на #Mastodon (и в #Федивёрсе вообще) острее, связано просто с банальной нехваткой людей?<br>И я придумал упрощённую модель, чтобы проверить, достаточно ли этого, чтобы объяснить явление.<br>Давайте предположим, что, как и в «Основных законах человеческой глупости» Марио Чиполлы, доля reply guys в популяции — это некоторая постоянная величина ρ.<br>1/n<br>#математика</p>
<p>Давайте ещё для простоты предположим, что reply guys действуют механически, то есть не используют никакую автоматизацию, чтобы находить посты для ответов. Это задаёт верхний предел общего числа постов, на которые reply guy может ответить за один день. Обозначим его как D.<br>Можно ещё предположить, что в среднем один обычный пользователь, не относящийся к reply guys, публикует P &lt; D постов в день.<br>Если на минутку не брать промежутки времени длиннее одного дня (хотя рассуждение будет похожим и при более длинном периоде наблюдения) …<br>2/n</p>
<p> … и если предположить, что reply guys случайным образом выбирают посты, на которые отвечают (то есть не целятся намеренно в какого-то конкретного человека по какой-то особой причине), можем ли мы посчитать вероятность того, что какой-то конкретный человек увидит хотя бы один ответ от reply guy?<br>Прежде чем переходить к самой математике, давайте посмотрим на практический пример. Допустим, 1 из 10 пользователей — это reply guy, один reply guy просматривает 100 постов в день, а обычный пользователь публикует 10 сообщений в день.<br>3/n</p>
<p>Если в сети 10 пользователей, 9 из них — обычные, а 1 — reply guy. Тогда в день будет 90 обычных постов, и этот единственный reply guy увидит ИХ ВСЕ (потому что он может прочитать 100 постов в день, а значит, увидит все посты, опубликованные в этой сети за день).<br>Но если в сети 100 пользователей, из которых 10 — reply guys, сеть произведёт 900 постов за день, и reply guys уже НЕ обязательно увидят их все!<br>4/n</p>
<p>Во втором сценарии каждый reply guy увидит 100 случайных постов из 900. Даже если reply guys 10, это НЕ значит, что каждый пост обязательно попадётся какому-то reply guy! Могут быть посты, которые увидят сразу несколько reply guys, и посты, которые не увидит ни один reply guy!<br>Так как же посчитать вероятность того, что пост увидит reply guy в этом случае?<br>Один из способов — посчитать вероятность НЕ быть увиденным НИ ОДНИМ reply guy, а потом взять дополнение.<br>5/n</p>
<p>Итак, раз каждый reply guy видит 100 из 900 постов, у каждого поста есть вероятность 1/9 быть увиденным каким-то конкретным reply guy, то есть вероятность 8/9 НЕ быть увиденным этим конкретным reply guy. Тогда вероятность не быть увиденным НИ ОДНИМ reply guy равна 8/9 для каждого reply guy, и, если предположить, что эти вероятности независимы, это значит, что вероятность не быть увиденным никем из 10 reply guys равна (8/9)^10, то есть 0.30794....<br>6/n</p>
<p>Это значит, что вероятность для каждого поста быть увиденным ХОТЯ БЫ ОДНИМ reply guy равна 1-(8/9)^10, или примерно 69%.<br>Конечно, если кто-то публикует 10 постов в день, то вероятность столкнуться с reply guy у него выше, потому что это уже вероятность того, что хотя бы один из его постов увидит хотя бы один reply guy!<br>Снова предполагая, что для каждого поста вероятности независимы, математика становится лишь чуть сложнее:<br>6/n</p>
<p>у каждого поста вероятность (8/9)^10 остаться неувиденным, но чтобы посчитать вероятность того, что НЕ увидят ВСЕ посты, это число нужно ещё возвести в степень, равную числу постов от одного и того же человека, то есть 10, получаем (8/9)^100, а вероятность того, что ХОТЯ БЫ ОДИН ПОСТ увидит ХОТЯ БЫ ОДИН из reply guys, становится 1 - (8/9)^100 = 0.99999233… это не 100%, но очень близко.<br>Это был случай сети из 100 человек, 10 из которых — reply guys. Давайте сделаем ещё один пример, а потом перейдём к общему случаю.<br>7/n</p>
<p>Теперь давайте предположим, что в сети 100K пользователей, всё с той же долей в 10% reply guys (90K обычных пользователей, 10K reply guys).<br>Каждый reply guy по-прежнему читает 100 постов в день, а обычные пользователи по-прежнему публикуют 10 постов в день.<br>Это значит, что за один день обычные пользователи создают 900K постов, и каждый reply guy читает 100 из этих 900K постов!<br>Всё ещё при предположении о случайности это значит, что один reply guy увидит только 100/900K постов!<br>8/n</p>","<p>Сегодня утром, пока шёл на работу, мне пришла в голову мысль: а может ли быть так, что проблема #реплайгаев на #Mastodon (и вообще в #Федиверсе) кажется более серьёзной просто из-за чистой численности — точнее, её нехватки?<br>Я набросал упрощённую модель, чтобы проверить, достаточно ли этого одного, чтобы объяснить явление.<br>Предположим, что, как и в «Основных законах человеческой глупости» Марио Чиполлы, доля реплайгаев в популяции — это некоторая постоянная величина ρ.<br>1/n<br>#математика</p>
<p>Для простоты предположим ещё и то, что реплайгаи действуют механически, то есть не используют никакую автоматизацию для поиска постов, на которые можно ответить. Это задаёт верхнюю границу общего числа постов, на которые один реплайгай может ответить в течение одного дня. Обозначим её D.<br>Можно также предположить, что в среднем один обычный пользователь, не реплайгай, публикует P &lt; D постов в день.<br>Если пока не учитывать промежутки времени длиннее одного дня (хотя при расширении периода наблюдения рассуждение будет похожим) …<br>2/n</p>
<p> … и если предположить, что реплайгаи случайным образом выбирают посты, на которые отвечают (то есть не целятся специально в какого-то человека по какой-то особой причине), можем ли мы посчитать вероятность того, что конкретный человек увидит хотя бы один ответ от реплайгая?<br>Прежде чем переходить к самой математике, давайте посмотрим на практический пример. Допустим, 1 из 10 пользователей — реплайгай, один реплайгай просматривает 100 постов в день, а обычный пользователь публикует 10 сообщений в день.<br>3/n</p>
<p>Если в сети 10 пользователей, то 9 из них — обычные, а 1 — реплайгай. Тогда в день будет 90 обычных постов, и этот единственный реплайгай увидит ИХ ВСЕ (потому что он может прочитать 100 постов в день, а значит, увидит все посты, опубликованные в этой сети за этот день).<br>Но если в сети 100 пользователей, из которых 10 — реплайгаи, то сеть создаст 900 постов за день, и реплайгаи уже НЕ обязательно увидят их все!<br>4/n</p>
<p>Во втором сценарии каждый реплайгай увидит 100 случайных постов из 900. Даже если реплайгаев 10, это НЕ значит, что каждый пост обязательно попадётся хотя бы одному реплайгаю! Некоторые посты могут увидеть сразу несколько реплайгаев, а некоторые не увидит вообще ни один реплайгай!<br>Так как же в таком случае посчитать вероятность того, что пост увидит реплайгай?<br>Один из способов — вычислить вероятность НЕ быть увиденным НИ ОДНИМ реплайгаем, а потом взять дополнение.<br>5/n</p>
<p>Теперь, поскольку каждый реплайгай видит 100 из 900 постов, у каждого поста есть вероятность 1/9 быть увиденным любым конкретным реплайгаем, то есть вероятность 8/9 НЕ быть увиденным именно этим реплайгаем. Значит, вероятность не быть увиденным НИ ОДНИМ реплайгаем равна 8/9 для каждого отдельного реплайгая, и если предположить, что эти вероятности независимы, то вероятность не быть увиденным никем из 10 реплайгаев равна (8/9)^10, то есть 0.30794....<br>6/n</p>
<p>Это значит, что вероятность для каждого поста быть увиденным ХОТЯ БЫ ОДНИМ реплайгаем равна 1-(8/9)^10, или примерно 69%.<br>Конечно, если человек публикует 10 постов в день, вероятность столкнуться с реплайгаем будет выше, потому что тогда речь уже о вероятности того, что хотя бы один его пост увидит хотя бы один реплайгай!<br>Снова предполагая, что для каждого поста вероятности независимы, математика становится лишь немного сложнее:<br>6/n</p>
<p>у каждого поста вероятность (8/9)^10 остаться неувиденным, но чтобы получить вероятность того, что не увидят ВСЕ посты, нужно ещё возвести это число в степень, равную числу постов от одного и того же человека, то есть 10, получаем (8/9)^100, а вероятность того, что ХОТЯ БЫ ОДИН ПОСТ увидит ХОТЯ БЫ ОДИН из реплайгаев, становится равной 1 - (8/9)^100 = 0.99999233… это не 100%, но очень близко к этому.<br>Это был случай сети из 100 человек, 10 из которых — реплайгаи. Давайте сделаем ещё один пример, а потом перейдём к общему случаю.<br>7/n</p>
<p>Теперь предположим, что в сети 100K пользователей, и доля реплайгаев всё ещё та же — 10% (90K обычных пользователей и 10K реплайгаев).<br>Каждый реплайгай по-прежнему читает 100 постов в день, а обычные пользователи по-прежнему публикуют 10 постов в день.<br>Это значит, что за один день обычные пользователи создают 900K постов, и каждый реплайгай читает 100 из этих 900K постов!<br>Если по-прежнему исходить из предположения о случайности, это значит, что один реплайгай увидит только 100/900K постов!<br>8/n</p>",,
best-pair-0042,44764-rus_Cyrl,"Today is Wednesday.
Meaning that I only have one more day to polish up my design before I share my latest update at the design critique session.
How much time do you usually take.
When you present?
I don't take that much time.
Sometimes it depends on the project.
Like sometimes I do take like 30 to 45 minutes.
Mhm.
Oh, wow.
Okay.
A lot of people have different.
It's not you just talking like a lot of people have different things that they say.
Okay.
Okay.
Like, yeah.","Сегодня среда.
Это значит, что у меня остался всего один день, чтобы доработать свой дизайн, прежде чем я покажу последнее обновление на разборе дизайна.
Сколько времени у тебя это обычно занимает?
Когда ты презентуешь?
У меня это не занимает много времени.
Иногда всё зависит от проекта.
Ну, иногда у меня на это уходит где-то от 30 до 45 минут.
Угу.
Ого.
Понятно.
У всех по-разному.
Не то чтобы только ты один говоришь — у многих есть что сказать.
Понятно.
Понятно.
Ну да.","Сегодня среда.
Это значит, что у меня остался всего один день, чтобы довести свой дизайн до ума, прежде чем я покажу последнее обновление на дизайн-критике.
Сколько у тебя обычно времени уходит?
Когда презентуешь?
У меня это не занимает так уж много времени.
Иногда всё зависит от проекта.
Ну, иногда у меня на это уходит где-то от 30 до 45 минут.
Угу.
Ого.
Понятно.
У разных людей всё по-разному.
Не то чтобы только ты говорил, просто у многих есть что сказать.
Понятно.
Понятно.
Ну да.",,
best-pair-0043,44703-rus_Cyrl,"<p>@hannorein@mastodon.social sooo, we’re tagging verified human content now for them to have a dataset with less slop to train on?<br>I don’t know, they should asphyxiate from their own barfed up slop mess they’ve created until their latent vector space converges to unity.</p>
<p>@helpsterTee @hannorein My first thought as well. I killed off my personal site since I didn't want to feed the various Torment Nexuses. Marking genuine human content just makes building new, unpoisoned and slop free data sets easier.<br>I thought about doing the opposite and building a ""poison pot"" for AI crawlers but my poor little server is not that beefy.</p>
<p>@CodingPhysicist@mstdn.social @hannorein@mastodon.social yeah, if we suffer, let them suffer.<br>If your employer stuffs AI in your daily routine, instead of resigning, use malicious compliance and apply it to totally mundane problems and embrace slightly-wrong answers while burning through corporate token credit to ruin quarterly performance.<br>I’m so fed up with this and they’re using it anyways against us, so let’s have a little fun, while we can 🫤<br>Edit: they’re making up numbers all the time and faking profits for a while now, the usage that’ll bankrupt your employer won’t place a dent at slop headquarters unprofitable scam business anyways or their forest burning slopetuum mobile.</p>","<p>@hannorein@mastodon.social тааак, теперь мы помечаем проверенный человеческий контент, чтобы у них был датасет с меньшим количеством ИИ-помоев для обучения?<br>Не знаю, по-моему, им надо задохнуться в той блевотной жиже из помоев, которую они сами и создали, пока их латентное векторное пространство не схлопнется в единицу.</p>
<p>@helpsterTee @hannorein У меня была ровно первая такая же мысль. Я прикрыл свой личный сайт, потому что не хотел подкармливать все эти Нексусы Мучений. Помечать настоящий человеческий контент — это просто облегчать создание новых, неотравленных и свободных от ИИ-помоев датасетов.<br>Я думал сделать наоборот и собрать «горшочек с ядом» для ИИ-краулеров, но мой бедный маленький сервер для такого слабоват.</p>
<p>@CodingPhysicist@mstdn.social @hannorein@mastodon.social ага, если страдаем мы, пусть страдают и они.<br>Если твой работодатель пихает ИИ в твою повседневную работу, вместо увольнения включай злонамеренное следование инструкциям и натравливай его на совершенно бытовые задачи, принимай слегка неправильные ответы и сжигай корпоративный лимит токенов, чтобы угробить квартальные показатели.<br>Меня это уже так достало, а они всё равно используют это против нас, так что давайте хоть немного повеселимся, пока можем 🫤<br>Редактирование: они уже давно выдумывают цифры и рисуют прибыль, так что использование, которое обанкротит твоего работодателя, всё равно не пробьёт даже маленькую вмятину в штаб-квартире этих помоев, в их убыточной скам-конторе и их вечном двигателе из ИИ-помоев, который ещё и леса сжигает.</p>","<p>@hannorein@mastodon.social тааак, то есть теперь мы помечаем верифицированный человеческий контент, чтобы у них был датасет для обучения с меньшим количеством шлака?<br>Не знаю, по-моему, им бы захлебнуться в той блевотной шлачной жиже, которую они сами и наплодили, пока их латентное векторное пространство не сойдётся в единицу.</p>
<p>@helpsterTee @hannorein У меня была ровно та же мысль. Я прикрыл свой личный сайт, потому что не хотел кормить все эти Torment Nexus. Пометка настоящего человеческого контента только облегчает сбор новых, неотравленных и очищенных от шлака датасетов.<br>Я даже думал сделать наоборот и собрать «отравленную приманку» для ИИ-краулеров, но мой бедный маленький сервер для такого не очень-то мощный.</p>
<p>@CodingPhysicist@mstdn.social @hannorein@mastodon.social ага, если страдаем мы, пусть страдают и они.<br>Если твой работодатель пихает ИИ в твою повседневную работу, то вместо того, чтобы увольняться, включай злонамеренное следование правилам: спихивай на него совсем уж банальные задачи, принимай слегка неправильные ответы и прожигай корпоративный лимит токенов, чтобы угробить квартальные показатели.<br>Меня это уже просто задолбало, а они всё равно используют это против нас, так что давайте хоть немного повеселимся, пока можем 🫤<br>Апдейт: они уже давно на ходу выдумывают цифры и рисуют прибыль, так что даже такое использование, которое обанкротит твоего работодателя, всё равно не оставит вмятины ни на этой убыточной скам-конторе — штаб-квартире шлака, ни на их slopetuum mobile, которое ещё и леса сжигает.</p>",,
best-pair-0044,44729-rus_Cyrl,"Oh, did you see that?
A dog who can dance.
I think maybe that beats the time you yawn and got your mouth stuck open.
Daddy, can we keep him?
No one's claimed him yet.
Yeah, and he's so much fun.
I don't know girls, I don't know.
I don't know, maybe, maybe, maybe we'll talk about it.
And, Joey, if you need me, I'll be at Nick's.
It's opening night.
See you.
Later.
Hey, Barbara.
Let's go take pictures of Joey dancing, okay.
Good idea.","Ой, ты это видел?
Собака, которая умеет танцевать.
По-моему, это даже лучше, чем тот раз, когда ты зевнул и у тебя рот так и заклинило открытым.
Папа, можно мы его оставим?
Его пока никто не забрал.
Ага, и с ним так весело.
Не знаю, девочки, не знаю.
Не знаю, может, может, может, мы ещё это обсудим.
И, Джоуи, если я тебе понадоблюсь, я буду у Ника.
Сегодня премьера.
Увидимся.
Пока.
Эй, Барбара.
Пойдём сфотографируем, как Джоуи танцует, ладно?
Хорошая идея.","Ой, ты это видел?
Собака, которая умеет танцевать.
По-моему, это даже круче, чем тогда, когда ты зевнул и у тебя рот так и остался открытым.
Папа, можно мы его оставим?
Его пока никто не забрал.
Ага, и с ним так весело.
Не знаю, девочки, не знаю.
Не знаю, может, может, может, мы ещё это обсудим.
И, Джоуи, если я тебе понадоблюсь, я буду у Ника.
Сегодня вечер премьеры.
Увидимся.
Пока.
Эй, Барбара.
Пойдём пофотографируем, как Джоуи танцует, ладно?
Хорошая идея.",,
best-pair-0045,44632-rus_Cyrl,"<p>Local stable out to cash in at Coffs with four contenders</p>
<p>Local trainer Noel Mayfield-Smith is hoping to have a lucrative day at Sunday's Coffs Harbour meeting with four runners stepping out for the stable on the six-race card.</p>
<p>The Group 1-winning horseman will start his day in the second event of the day when Ausbred Yahoo contests the Komatsu Country Boosted Benchmark 58 Handicap (1605m) with two-kilogram claiming apprentice Ella Drew taking the ride.</p>
<p>Racing returns to Coffs Harbour on Sunday.</p>
<p>Ausbred Yahoo has been racing in good form with a third placing at Kempsey three starts ago being followed by two successive seconds at Coffs Harbour, the latest when beaten by Sunday's rival Caledonian.</p>
<p>Mayfield-Smith links with another apprentice, three-kilogram claimer Leanne Boyd, when Never Island starts in the Insurance Advisernet Australia Pink Silks F&amp;M Benchmark 58 Handicap (1305m).</p>
<p>A winner of three of her 15 starts, Never Island will carry 59.5 kilograms after Boyd's allowance. Never Island was beaten less than a length when second behind Montgomery at Grafton and backed that up with a last-start fifth at Coffs Harbour behind In The Fine Print when again beaten less than a length.</p>
<p>Raymond Spokes takes the ride on the Mayfield-Smith-prepared Monte Cruise in the O'Brien Plumbing Relining Wayne Glenn Pink Silks Cup Benchmark 82 Handicap (1205m).</p>
<p>Monte Cruise is also a three-time winner from just the nine starts. She hasn't raced since July when finishing last of eight at Eagle Farm and has had two trials at this track in preparation for her return, finishing second behind Saturday's Wyong winner Petticoat before winning the latest of them.</p>
<p>Mayfield-Smith rounds out the day when he again links with Boyd when she rides Cardsharp in the Key Community Group C,G&amp;E Benchmark 58 Handicap (1305m).</p>","<p>Местная конюшня рассчитывает заработать в Коффс-Харборе с четырьмя участниками</p>
<p>Местный тренер Ноэл Мейфилд-Смит рассчитывает на прибыльный день на воскресных скачках в Коффс-Харборе: в программе из шести заездов его конюшню представят четыре лошади.</p>
<p>Победитель скачек Группы 1 начнёт день со второго заезда, где Ausbred Yahoo выступит в Komatsu Country Boosted Benchmark 58 Handicap (1605 м), а в седле будет ученица-жокей Элла Дрю, имеющая скидку в два килограмма.</p>
<p>В воскресенье скачки возвращаются в Коффс-Харбор.</p>
<p>Ausbred Yahoo подходит к старту в хорошей форме: после третьего места в Кемпси три старта назад последовали два подряд вторых места в Коффс-Харборе, в том числе в последнем забеге, где он уступил сопернику по воскресному старту Caledonian.</p>
<p>В другом заезде Мейфилд-Смит вновь доверится ученице-жокею: Never Island выйдет на старт Insurance Advisernet Australia Pink Silks F&amp;M Benchmark 58 Handicap (1305 м) под управлением Лиэнн Бойд, чья скидка составляет три килограмма.</p>
<p>Never Island выиграла три из 15 стартов и после скидки Бойд понесёт 59,5 кг. В Графтоне она финишировала второй позади Montgomery, уступив менее корпуса, а затем в последнем старте в Коффс-Харборе стала пятой вслед за In The Fine Print, вновь проиграв менее корпуса.</p>
<p>Раймонд Споукс будет в седле подготовленной Мейфилд-Смитом Monte Cruise в O'Brien Plumbing Relining Wayne Glenn Pink Silks Cup Benchmark 82 Handicap (1205 м).</p>
<p>Monte Cruise также одержала три победы всего в девяти стартах. Она не выступала с июля, когда финишировала последней среди восьми участниц на ипподроме Игл-Фарм, и в рамках подготовки к возвращению провела на этой трассе два барьерных испытания: сначала стала второй позади субботней победительницы в Уайонге Petticoat, а затем выиграла последнее из них.</p>
<p>Завершит день Мейфилд-Смит ещё одним сотрудничеством с Бойд: она будет ехать Cardsharp в Key Community Group C,G&amp;E Benchmark 58 Handicap (1305 м).</p>","<p>Местная конюшня рассчитывает сорвать куш в Коффсе с четырьмя претендентами</p>
<p>Местный тренер Ноэл Мейфилд-Смит надеется на прибыльный день на воскресных скачках в Коффс-Харборе: в шести заездах программы его конюшню представят четыре лошади.</p>
<p>Тренер, побеждавший в скачках первой группы, начнёт день во втором заезде, где Ausbred Yahoo выступит в гандикапе Komatsu Country Boosted Benchmark 58 Handicap (1605 м), а в седле будет ученица-жокей Элла Дрю, заявившая скидку в два килограмма.</p>
<p>В воскресенье скачки возвращаются в Коффс-Харбор.</p>
<p>Ausbred Yahoo находится в хорошей форме: после третьего места в Кемпси три старта назад последовали два подряд вторых места в Коффс-Харборе, последнее — после поражения от нынешнего соперника по воскресному заезду Caledonian.</p>
<p>Мейфилд-Смит также сотрудничает с другой ученицей-жокеем, Лиэнн Бойд, заявившей скидку в три килограмма, когда Never Island выйдет на старт в гандикапе Insurance Advisernet Australia Pink Silks F&amp;M Benchmark 58 Handicap (1305 м).</p>
<p>Победительница трёх из 15 стартов, Never Island понесёт 59,5 килограмма с учётом скидки Бойд. Never Island уступила менее корпуса, финишировав второй позади Montgomery в Графтоне, а затем подтвердила форму, заняв в последнем старте пятое место в Коффс-Харборе позади In The Fine Print, вновь проиграв менее корпуса.</p>
<p>Раймонд Споукс будет в седле Monte Cruise, которую готовит Мейфилд-Смит, в гандикапе O'Brien Plumbing Relining Wayne Glenn Pink Silks Cup Benchmark 82 Handicap (1205 м).</p>
<p>Monte Cruise также одержала три победы всего в девяти стартах. Она не выступала с июля, когда финишировала последней из восьми на ипподроме Игл-Фарм, и в рамках подготовки к возвращению провела на этой трассе два барьерных испытания: сначала стала второй после субботней победительницы в Уайонге Petticoat, а затем выиграла последнее из них.</p>
<p>Завершит день Мейфилд-Смит вновь в связке с Бойд, которая будет ехать Cardsharp в гандикапе Key Community Group C,G&amp;E Benchmark 58 Handicap (1305 м).</p>",,
best-pair-0046,44664-rus_Cyrl,"<p>Arthur Okonkwo's penalty shootout heroics causes FA Cup shock as Wrexham beat Nottingham Forest</p>
<p>Wrexham won an FA Cup third-round thriller in front of Hollywood owner Ryan Reynolds as Nottingham Forest were dumped out of the competition on penalties after a 3-3 draw.</p>
<p>Arthur Okonkwo was the Wrexham hero with stops from Igor Jesus and Omari Hutchinson giving them a 4-3 victory on spot-kicks after Josh Windass, Callum Doyle, George Thomason and Jay Rodriguez had converted from the spot.</p>
<p>First-half goals from Liberato Cacace and Oliver Rathbone gave Wrexham early control and had Reynolds trading high fives and hugs from his vantage point in the main stand.</p>
<p>Jesus cut the deficit before Dominic Hyam's diving header restored Wrexham's two-goal advantage with 16 minutes remaining.</p>
<p>Forest looked dead and buried but substitute Callum Hudson-Odoi produced two outstanding finishes, the equaliser coming in the 89th minute.</p>
<p>Wrexham have won three successive promotions to go from non-league to the Championship, but this was the first time since being taken over by Reynolds and fellow actor Rob Mac nearly five years ago they had met Premier League opposition.</p>
<p>Forest made eight changes after beating West Ham on Tuesday, with goalkeeper Matz Sels, Jesus and Hutchinson remaining and Wales international Neco Williams on a stacked bench at his local club.</p>
<p>Callum Hudson-Odoi came off the bench and scored twice to force the match to penalties (REUTERS)</p>
<p>Kieffer Moore was not risked after injury as Wrexham sought to extend a four-game winning streak that had taken them a point from the Championship play-off places.</p>
<p>Forest started on the front front with Jesus shooting over and Douglas Luiz found the net after 17 minutes.</p>
<p>Referee Paul Tierney initially awarded the goal, but then ruled it out after deciding Luiz had controlled the ball with his arm before volleying home.</p>
<p>Wrexham had been tidy in possession without a cutting edge but that was to change in the final 10 minutes of the first half.</p>
<p>Ollie Rathbone doubled Wrexham's lead after Liberato Cacace's opener (REUTERS)</p>
<p>Sam Smith dragged wide before Cacace took advantage after 37 minutes to drive home his maiden Wrexham goal from 20 yards aided by the faintest of deflections off Morato's heel.</p>
<p>Wrexham smiles were even wider three minutes later as Rathbone broke through Morato's challenge to fire in his third goal in four games.</p>
<p>It should have been three - and possibly contest over - when Smith scampered through the Forest half unchecked but failed to beat Sels"" outstretched leg.</p>
<p>Forest boss Sean Dyche made a triple substitution at half-time with Williams, Morgan Gibbs-White and Nicolas Dominguez sent on to salvage the situation.</p>
<p>Okonkwo saved the decisive penalty to deny Omari Hutchinson in the shootout (Martin Rickett/PA Wire)</p>
<p>The visitors were instantly more fluid as Okonkwo tipped over Luiz's free-kick and kept out Nicolo Savona's strike.</p>
<p>Sels saved well from Broadhead but Forest were in the ascendancy and struck when Savona set up the leaping Jesus for a header that hit the post and just about crossed the line.</p>
<p>The drama rose as Hyam headed in a superb George Dobson free-kick and Hudson-Odoi swept home 60 seconds later to set up a grandstand finish.</p>
<p>Hudson-Odoi took the tie into extra time in fantastic fashion, taking a touch on his chest and lofting a perfect volley over Okonkwo, but Wrexham were not to be denied their first top-flight FA Cup scalp for 26 years.</p>
<p>Sean Dyche made eight changes to the Forest side and called on his first choice players but couldn't get over the line (Martin Rickett/PA Wire)</p>
<p>Elsewhere in the FA Cup, Oxford United advanced to the fourth round with a 4-3 penalty shootout win over MK Dons and Port Vale defeated Fleetwood 1-0.</p>
<p>Wigan Athletic also progressed after a superb display at Deepdale saw the League One side beat Championship play-off chasers Preston North End 1-0 as well.</p>","<p>Подвиги Артура Оконкво в серии пенальти принесли сенсацию в Кубке Англии: «Рексем» обыграл «Ноттингем Форест»</p>
<p>«Рексем» в присутствии своего голливудского владельца Райана Рейнольдса выиграл захватывающий матч третьего раунда Кубка Англии, выбив «Ноттингем Форест» из турнира в серии пенальти после ничьей 3:3.</p>
<p>Героем «Рексема» стал Артур Оконкво: он отразил удары Игора Жезуса и Омари Хатчинсона и принёс своей команде победу в послематчевой серии со счётом 4:3 после того, как Джош Уиндасс, Каллум Дойл, Джордж Томасон и Джей Родригес реализовали свои попытки с «точки».</p>
<p>Голы Либерато Какаче и Оливера Рэтбоуна в первом тайме обеспечили «Рексему» раннее преимущество, а Рейнольдс на главной трибуне не скрывал эмоций, обмениваясь «дай пять» и объятиями.</p>
<p>Жезус сократил отставание, но за 16 минут до конца Доминик Хайэм, забив головой в падении, восстановил преимущество «Рексема» в два мяча.</p>
<p>«Форест» казался обречённым, однако вышедший на замену Каллум Хадсон-Одои дважды блестяще завершил атаки, а сравнял счёт на 89-й минуте.</p>
<p>«Рексем» трижды подряд добивался повышения в классе, пройдя путь от внепрофессионального футбола до Чемпионшипа, но с тех пор как почти пять лет назад клуб приобрели Рейнольдс и его коллега-актёр Роб Мак, команда впервые встретилась с соперником из Премьер-лиги.</p>
<p>После победы над «Вест Хэмом» во вторник «Форест» сделал восемь изменений в составе: место сохранили лишь вратарь Матц Селс, Жезус и Хатчинсон, а игрок сборной Уэльса Неко Уильямс начал матч на сильной скамейке запасных клуба своего родного города.</p>
<p>Каллум Хадсон-Одои вышел на замену и оформил дубль, переведя матч в серию пенальти (REUTERS)</p>
<p>Киффером Муром после травмы решили не рисковать, тогда как «Рексем» стремился продлить победную серию, которая уже насчитывала четыре матча и позволила команде приблизиться на расстояние одного очка к зоне плей-офф Чемпионшипа.</p>
<p>«Форест» начал активнее: Жезус пробил выше ворот, а на 17-й минуте Дуглас Луис отправил мяч в сетку.</p>
<p>Судья Пол Тирни сначала засчитал гол, но затем отменил его, посчитав, что перед ударом с лёта Луис подыграл себе рукой.</p>
<p>«Рексем» аккуратно действовал в контроле мяча, но команде не хватало остроты впереди — впрочем, в последние 10 минут первого тайма всё изменилось.</p>
<p>Олли Рэтбоун удвоил преимущество «Рексема» после гола Либерато Какаче (REUTERS)</p>
<p>Сэм Смит сначала пробил мимо, а затем на 37-й минуте Какаче воспользовался своим шансом и мощным ударом с 20 ярдов забил первый гол за «Рексем» — не без едва заметного рикошета от пятки Морато.</p>
<p>Ещё через три минуты поводов для радости у «Рексема» стало больше: Рэтбоун прорвался сквозь попытку Морато остановить его и забил свой третий мяч в четырёх матчах.</p>
<p>Счёт должен был стать 3:0 — и, возможно, исход встречи был бы предрешён, — когда Смит без помех убежал через половину поля «Форест», но не сумел переиграть Селса, выставившего ногу.</p>
<p>Главный тренер «Форест» Шон Дайч в перерыве сделал тройную замену, выпустив Уильямса, Моргана Гиббса-Уайта и Николаса Домингеса, чтобы спасти положение.</p>
<p>Оконкво отразил решающий пенальти, не позволив Омари Хатчинсону отличиться в серии (Martin Rickett/PA Wire)</p>
<p>Гости сразу стали действовать заметно острее: Оконкво перевёл через перекладину штрафной Дугласа Луиса, а затем справился и с ударом Николо Савоны.</p>
<p>Селс выручил после удара Бродхеда, однако инициативой уже владел «Форест», и команда всё же забила, когда Савона навесил на Жезуса, который в прыжке пробил головой в штангу, а мяч едва пересёк линию ворот.</p>
<p>Напряжение нарастало: Хайэм головой замкнул великолепную подачу Джорджа Добсона со штрафного, а спустя 60 секунд Хадсон-Одои точно пробил, обеспечив нервную концовку.</p>
<p>Хадсон-Одои эффектно перевёл встречу в дополнительное время, приняв мяч на грудь и идеальным ударом с лёта перебросив Оконкво, но «Рексем» всё же добился своей первой за 26 лет победы в Кубке Англии над представителем высшего дивизиона.</p>
<p>Шон Дайч сделал восемь изменений в составе «Форест», а затем был вынужден обратиться к своим основным игрокам, но довести дело до победы так и не сумел (Martin Rickett/PA Wire)</p>
<p>В других матчах Кубка Англии «Оксфорд Юнайтед» вышел в четвёртый раунд, победив «МК Донс» в серии пенальти со счётом 4:3, а «Порт Вейл» обыграл «Флитвуд» — 1:0.</p>
<p>В следующий раунд прошёл и «Уиган Атлетик»: команда из Лиги один после великолепного выступления на «Дипдейле» также обыграла со счётом 1:0 «Престон Норт Энд», ведущий борьбу за место в плей-офф Чемпионшипа.</p>","<p>Подвиги Артура Оконкво в серии пенальти принесли громкую сенсацию в Кубке Англии: «Рексем» обыграл «Ноттингем Форест»</p>
<p>«Рексем» в присутствии своего голливудского владельца Райана Рейнольдса выиграл захватывающий матч третьего раунда Кубка Англии, а «Ноттингем Форест» выбыл из турнира, уступив в серии пенальти после ничьей 3:3.</p>
<p>Героем «Рексема» стал Артур Оконкво: он отразил удары Игора Жезуса и Омари Хатчинсона и принёс своей команде победу в серии со счётом 4:3 после того, как Джош Уиндасс, Каллум Дойл, Джордж Томасон и Джей Родригес реализовали свои попытки.</p>
<p>Голы Либерато Какаче и Оливера Рэтбоуна в первом тайме позволили «Рексему» быстро завладеть инициативой, а Рейнольдс на главной трибуне обменивался «пятюнями» и объятиями.</p>
<p>Жезус сократил отставание, однако за 16 минут до конца Доминик Хайэм, забив головой в падении, вновь довёл преимущество «Рексема» до двух мячей.</p>
<p>«Форест» казался обречённым, но вышедший на замену Каллум Хадсон-Одои дважды блестяще завершил атаки, а сравнял счёт на 89-й минуте.</p>
<p>«Рексем» трижды подряд добивался повышения в классе, пройдя путь от внепрофессионального футбола до Чемпионшипа, однако с тех пор как почти пять лет назад клуб приобрели Рейнольдс и его коллега-актёр Роб Мак, команда впервые встретилась с соперником из Премьер-лиги.</p>
<p>После победы над «Вест Хэмом» во вторник «Форест» произвёл восемь изменений в составе: место сохранили только вратарь Матц Селс, Жезус и Хатчинсон, а игрок сборной Уэльса Неко Уильямс остался на скамейке в клубе своего родного города.</p>
<p>Каллум Хадсон-Одои вышел на замену и оформил дубль, переведя матч в серию пенальти (REUTERS)</p>
<p>Киффера Мура после травмы решили поберечь, тогда как «Рексем» стремился продлить победную серию до четырёх матчей, благодаря которой команда приблизилась на расстояние одного очка к зоне плей-офф Чемпионшипа.</p>
<p>«Форест» начал активнее: Жезус пробил выше ворот, а на 17-й минуте Дуглас Луис отправил мяч в сетку.</p>
<p>Судья Пол Тирни сначала засчитал гол, но затем отменил его, посчитав, что перед ударом с лёта Луис подыграл себе рукой.</p>
<p>«Рексем» уверенно контролировал мяч, но до поры действовал без остроты впереди — впрочем, в последние 10 минут первого тайма всё изменилось.</p>
<p>Олли Рэтбоун удвоил преимущество «Рексема» после гола Либерато Какаче (REUTERS)</p>
<p>Сэм Смит сначала пробил мимо, а затем на 37-й минуте Какаче воспользовался шансом и мощным ударом с 20 ярдов забил свой первый гол за «Рексем» — не без едва заметного рикошета от пятки Морато.</p>
<p>Ещё через три минуты поводов для радости у «Рексема» стало больше: Рэтбоун продавил Морато и забил свой третий мяч в четырёх матчах.</p>
<p>Счёт должен был стать 3:0 — и, возможно, на этом всё было бы кончено, — когда Смит без помех убежал через половину поля «Форест», но не сумел переиграть Селса, выставившего ногу.</p>
<p>Главный тренер «Форест» Шон Дайч в перерыве сделал тройную замену, выпустив Уильямса, Моргана Гиббса-Уайта и Николаса Домингеса, чтобы спасти ситуацию.</p>
<p>Оконкво отразил решающий пенальти, не позволив отличиться Омари Хатчинсону в серии (Martin Rickett/PA Wire)</p>
<p>Гости сразу стали действовать заметно острее: Оконкво перевёл через перекладину штрафной Дугласа Луиса, а затем справился и с ударом Николо Савоны.</p>
<p>Селс выручил после удара Бродхеда, однако инициативой уже владел «Форест», и команда всё же забила, когда Савона вывел Жезуса на удар головой: тот в прыжке пробил в штангу, а мяч едва пересёк линию ворот.</p>
<p>Драма нарастала: Хайэм головой замкнул великолепную подачу Джорджа Добсона со штрафного, а спустя 60 секунд Хадсон-Одои точно пробил, обеспечив напряжённую концовку.</p>
<p>Хадсон-Одои эффектно перевёл встречу в дополнительное время, приняв мяч на грудь и идеальным ударом с лёта перебросив Оконкво, но «Рексем» всё же добился своей первой за 26 лет победы в Кубке Англии над представителем высшего дивизиона.</p>
<p>Шон Дайч сделал восемь изменений в составе «Форест», а затем был вынужден обратиться к своим основным игрокам, но довести дело до победы так и не сумел (Martin Rickett/PA Wire)</p>
<p>В других матчах Кубка Англии «Оксфорд Юнайтед» вышел в четвёртый раунд, победив «МК Донс» в серии пенальти со счётом 4:3, а «Порт Вейл» обыграл «Флитвуд» — 1:0.</p>
<p>В следующий раунд прошёл и «Уиган Атлетик»: команда из Лиги Один после великолепного выступления на «Дипдейле» также обыграла со счётом 1:0 «Престон Норт Энд», ведущий борьбу за место в плей-офф Чемпионшипа.</p>",,
best-pair-0047,44649-rus_Cyrl,"The BBC not here yet.
There was a terrible queue at the chemist's, but I thought the occasion warranted a new comb.
Patricia, have you got nits?
No, I haven't got nits.
I've had my hair done.
I'm trying to look nice for the telly.
Patricia, the whole point of this exercise is to show us as we are.
What sort of example are you setting to the constable's?","BBC ещё не приехала.
В аптеке была ужасная очередь, но я подумала, что ради такого случая стоит купить новую расчёску.
Патрисия, у тебя вши?
Нет, вшей у меня нет.
Я сделала причёску.
Хочу хорошо выглядеть для телевизора.
Патрисия, весь смысл этой затеи в том, чтобы показать нас такими, какие мы есть.
Какой пример ты подаёшь констеблям?","BBC ещё не приехали.
В аптеке была ужасная очередь, но я подумала, что ради такого случая стоит купить новую расчёску.
Патрисия, у тебя гниды?
Нет, у меня нет гнид.
Я сделала причёску.
Пытаюсь хорошо выглядеть для телека.
Патрисия, весь смысл этой затеи в том, чтобы показать нас такими, какие мы есть.
Какой пример ты подаёшь констеблям?",,
best-pair-0048,44617-rus_Cyrl,"Aren't you going to say goodbye to me?
How did you know I was going?
I knew it this afternoon.
The way you faced up to him.
Well, I would have told him then.
Except for you.
I thought it would be best if I slipped out this way.
Are you sure you're doing the right thing?
There's nothing else I can do.
Will you.
Will you let me know where you are?
Paul?
As soon as I know myself.","Ты не собираешься со мной попрощаться?
Как ты узнала, что я уезжаю?
Я поняла это ещё днём.
По тому, как ты с ним держался.
Ну, я бы тогда ему всё сказал.
Если бы не ты.
Я подумал, что будет лучше, если я вот так тихо уйду.
Ты уверен, что поступаешь правильно?
Я больше ничего не могу сделать.
Ты...
Ты дашь мне знать, где ты?
Пол?
Как только сам узнаю.","Ты не собираешься со мной попрощаться?
Откуда ты узнала, что я уезжаю?
Я поняла это ещё днём.
По тому, как ты ему противостоял.
Ну, я бы тогда ему сказал.
Если бы не ты.
Я подумал, что будет лучше, если я тихо уйду вот так.
Ты уверен, что поступаешь правильно?
Я больше ничего не могу сделать.
Ты...
Ты дашь мне знать, где ты будешь?
Пол?
Как только сам узнаю.",,
best-pair-0049,44638-rus_Cyrl,"<p>Ate a little more chicken and had a wash. Also had a little more fight when I made her take her fluids last. <br>We phoned the vet at 830 this morning to ask if they looked under her soft pallet while she was sedated, as she has major ear polyps. Was told the vet would call back. They didn't, rang just now (1645 local) and was told the vet wasn't in today. I was a bit annoyed and said ""we paid you over £600 yesterday, you said phone if we have questions, we have questions you're not answering!""<br>""I don't like your tone, sir ""<br>""It's not your fault personally, but when I pay the better part of a grand I expect a level of service that you're not providing""<br>""I'll get a vet from the other branch to ring you""</p>
<p>Seeing vet at other practise at half seven for more anti nausea medicine. They're not going to charge out of hours rate as we rang first thing. <br>Just got another 10ml of rescue fluids into her.</p>
<p>Back. Anti nausea jab, gabapentin, and she's home. Ate some chicken and some cheese. <br>Got more gabapentin in pill form for her, too</p>
<p>Won't stop eating. Having to slow her down to prevent her from vomiting. She's also absolutely, completely, totally, off her tits. Mullered. Stoned. Caned. Fully in the yellow submarine.<br>Vet says this'll reset her appetite, or, when we stop giving her painkillers, show it's pain stopping her eating, which would mean medical imaging time.</p>
<p>She's eating a bit, and even played a little, but she's still on the medications so it might be that. Still giving her recovery fluids, which she's still not fighting as she would normally.</p>
<p>Valencia has decided we are all Suspicious. Won't come when called, runs if you go to her. Still comes on her own terms, so it's fine, she's just seen her adoptive sister repeatedly wrapped in a towel and made to drink Stuff, and she wants none of that, thank you very much.</p>
<p>Ming update: she's a little more active, but still floppy and sleeping a lot. She's on two lots of painkillers still, so she's probably fairly stoned. <br>She IS eating, little and often, and finished off the last of her rescue fluids from a saucer by herself. She's washing, but she hasn't slapped valencia in ages, and she's still not right. Hoping it's the painkillers, and that when we withdraw them, her appetite remains.</p>
<p>Ming has finished the course of painkillers and is showing determined desire to go out, which we're not allowing yet. She's eating, playing, but it'll be a few days until the drugs are cleared from her system and we'll then see how she is. <br>Cautiously optimistic.</p>","<p>Съела ещё немного курицы и умылась. И ещё немного поборолась, когда я в последний раз заставил её выпить жидкости. <br>Мы позвонили ветеринару в 8:30 утра, чтобы спросить, заглядывали ли ей под мягкое нёбо, пока она была под седацией, так как у неё большие полипы в ушах. Нам сказали, что вет позвонит позже. Не позвонил, перезвонили только что (16:45 по местному), и нам сказали, что сегодня вета нет. Я немного разозлился и сказал: ""мы вчера заплатили вам больше £600, вы сказали звонить, если будут вопросы, у нас есть вопросы, а вы не отвечаете!""<br>""Мне не нравится ваш тон, сэр""<br>""Лично вы не виноваты, но когда я плачу почти штуку, я жду уровень сервиса, который вы не предоставляете""<br>""Я попрошу вета из другого филиала вам перезвонить""</p>
<p>В половину восьмого идём к ветеринару в другой клинике за ещё одним лекарством от тошноты. Они не будут брать тариф за внеурочное время, потому что мы позвонили с самого утра. <br>Только что влил в неё ещё 10 мл спасительных жидкостей.</p>
<p>Вернулись. Укол от тошноты, габапентин, и она дома. Съела немного курицы и немного сыра. <br>Ещё дали нам для неё габапентин в таблетках</p>
<p>Не перестаёт есть. Приходится её притормаживать, чтобы её не вырвало. Её ещё и вообще, совершенно, абсолютно, в хлам размазало. Унесло. Упороло. Вмазало. Полностью в жёлтой подводной лодке.<br>Вет сказал, это либо перезапустит ей аппетит, либо, когда мы перестанем давать обезбол, покажет, что есть ей мешает боль, а это уже значит — пора на обследования.</p>
<p>Она понемногу ест и даже чуть-чуть поиграла, но она всё ещё на лекарствах, так что, может, дело в них. Всё ещё даём ей восстановительные жидкости, и она до сих пор не сопротивляется, как обычно бы сопротивлялась.</p>
<p>Валенсия решила, что мы все какие-то Подозрительные. На зов не подходит, если к ней идёшь — убегает. Но сама приходит, когда ей хочется, так что всё нормально, просто она видела, как её приёмную сестру раз за разом заворачивали в полотенце и заставляли пить Всякое, и ей такого совсем не надо, большое спасибо.</p>
<p>Апдейт по Минг: она стала чуть активнее, но всё ещё вялая и много спит. Она всё ещё на двух видах обезбола, так что её, наверное, довольно сильно штырит. <br>Но она ЕСТ, понемногу и часто, и сама допила из блюдца остатки своих спасительных жидкостей. Умывается, но Валенсию уже сто лет не лупила, и всё ещё не пришла в норму. Надеюсь, это из-за обезбола, и когда мы его отменим, аппетит у неё останется.</p>
<p>Минг закончила курс обезбола и теперь с решительным видом рвётся на улицу, но мы пока не пускаем. Она ест, играет, но нужно ещё несколько дней, чтобы лекарства полностью вышли из организма, и тогда посмотрим, как она будет. <br>Осторожный оптимизм.</p>","<p>Съела ещё немного курицы и умылась. И когда я в последний раз давал ей жидкость, она сопротивлялась чуть сильнее. <br>Мы позвонили ветеринару сегодня в 8:30 утра, чтобы спросить, смотрели ли ей под мягкое нёбо, пока она была под седацией, потому что у неё большие полипы в ушах. Нам сказали, что ветврач перезвонит. Но никто не перезвонил; мы только что набрали снова (16:45 по местному времени), и нам сказали, что сегодня врача вообще нет. Я немного разозлился и сказал: ""мы вчера заплатили вам больше £600, вы сами сказали звонить, если будут вопросы, у нас есть вопросы, а вы на них не отвечаете!""<br>""Мне не нравится ваш тон, сэр""<br>""Лично вы не виноваты, но когда я плачу почти тысячу, я рассчитываю на такой уровень сервиса, которого вы сейчас не даёте""<br>""Я попрошу ветеринара из другого филиала вам позвонить""</p>
<p>В половину восьмого идём к ветеринару в другую клинику за ещё одним лекарством от тошноты. Они не будут брать оплату как за приём в нерабочее время, потому что мы позвонили с самого утра. <br>Только что влил в неё ещё 10 мл поддерживающей жидкости.</p>
<p>Вернулись. Укол от тошноты, габапентин — и она дома. Съела немного курицы и немного сыра. <br>Ещё нам дали для неё габапентин в таблетках</p>
<p>Не перестаёт есть. Приходится её притормаживать, чтобы её не вырвало. И её ещё просто вообще, совершенно, абсолютно размазало. В хлам. В дым. Вмазало. Полностью в жёлтой подводной лодке.<br>Вет говорит, это либо перезапустит ей аппетит, либо, когда мы перестанем давать обезболивающее, станет ясно, что есть ей мешает именно боль — а значит, пора делать обследование.</p>
<p>Она понемногу ест и даже немного поиграла, но она всё ещё на лекарствах, так что, может, дело в них. Всё ещё даём ей восстановительные жидкости, и она до сих пор не сопротивляется этому так, как обычно бы сопротивлялась.</p>
<p>Валенсия решила, что мы все какие-то Подозрительные. На зов не идёт, если к ней подходишь — убегает. Но сама всё равно приходит, когда ей хочется, так что всё нормально: просто она видела, как её приёмную сестру раз за разом заворачивали в полотенце и заставляли пить Всякое, и ей такого вообще не надо, спасибо большое.</p>
<p>Апдейт по Минг: она стала чуть активнее, но всё ещё вялая и много спит. Она всё ещё на двух видах обезболивающих, так что её, наверное, довольно неслабо штырит. <br>Но она ЕСТ, понемногу и часто, и сама допила из блюдца остатки своей поддерживающей жидкости. Умывается, но Валенсию уже сто лет не шлёпала, и всё ещё не совсем в порядке. Надеюсь, это из-за обезболивающих, и когда мы их отменим, аппетит у неё останется.</p>
<p>Минг закончила курс обезболивающих и теперь очень решительно рвётся на улицу, но мы пока не пускаем. Она ест, играет, но должно пройти ещё несколько дней, чтобы препараты полностью вышли из организма, и тогда уже посмотрим, как она будет. <br>Осторожный оптимизм.</p>",,
best-pair-0050,44606-rus_Cyrl,"I'm not quite sure.
Looks like it's kind of frying.
Okay, I'll add some more.
Maybe I didn't put enough breadcrumbs on them.
Dude, I don't know what I'm doing.
Just dropping them in.","Я не совсем уверен.
Похоже, они вроде как жарятся.
Ладно, добавлю ещё.
Может, я недостаточно обвалял их в панировке.
Чувак, я вообще не знаю, что делаю.
Просто кидаю их туда.","Я не совсем уверен.
Похоже, они как будто жарятся.
Ладно, добавлю ещё немного.
Может, я недостаточно обвалял их в панировочных сухарях.
Чувак, я не знаю, что делаю.
Просто опускаю их туда.",,
best-pair-0051,44629-rus_Cyrl,"<p>Tonight in #MMRPG! My back finally shuts up enough that I can GM again as the heroes continue their search for the missing girl Cammie. Vega the Digital Dragon surprises a trio of mischievous scamps who snuck into her arcade in the middle of the night but one of them recognizes her as a town superhero and they end up having a heartwarming moment geeking out over video games. Unfortunately, the moment is interrupted by somebody or something landing on the roof of the arcade... 1/?</p>
<p>Vega goes to investigate and finds Dr. Vesper, in his monstrous bat form that the press has dubbed the ""Gargoyle Man,"" along with a harpy-like creature that Vesper describes as his ""little protegee."" Vesper says that they have come to introduce themselves and invite Vega to join their society of man-creature misfits that is led by ""The Madame,"" Dr. Diana Laughton of the Laughton Institute. 2/?</p>
<p>Vega buys some time to get the mischievous scamps out of the arcade and call the rest of the Mythics for backup, then plays along at being interested in joining this ""new family."" Vesper and Harpy (who does not speak once during the interaction) lead Vega to a ship in the harbor, where the Laughton Institute appears to be packing up their things... presumably because they know they're drawing attention from Agent Carter and A.R.G.E.N.T. among others. 3/?</p>","<p>Сегодня в #ММОРПГ! Спина наконец-то отпустила достаточно, чтобы я снова мог водить игру, пока герои продолжают поиски пропавшей девочки Кэмми. Вега, Цифровой Дракон, застукивает троих мелких шкодников, которые среди ночи пробрались в её аркаду, но один из них узнаёт в ней местную супергероиню, и в итоге у них выходит очень тёплый момент, когда они вместе увлечённо гикают по видеоиграм. К сожалению, этот момент прерывает кто-то или что-то, приземлившееся на крышу аркады... 1/?</p>
<p>Вега идёт проверить, что там, и находит доктора Веспера — в его чудовищной форме летучей мыши, которую пресса окрестила «Человеком-Гаргульей», — а с ним ещё и существо, похожее на гарпию, которое Веспер называет своей «юной протеже». Веспер говорит, что они пришли представиться и пригласить Вегу присоединиться к их обществу человеко-звериных изгоев, которым руководит «Мадам» — доктор Диана Лоутон из Института Лоутон. 2/?</p>
<p>Вега тянет время, чтобы вывести шкодников из аркады и вызвать остальных Мификов на подмогу, а потом делает вид, что ей и правда интересно стать частью этой «новой семьи». Веспер и Гарпия (которая за всё это время не произносит ни слова) отводят Вегу к кораблю в гавани, где Институт Лоутон, похоже, уже собирает вещи... видимо, потому что они понимают, что привлекают внимание агента Картер, A.R.G.E.N.T. и не только. 3/?</p>","<p>Сегодня в #ММОРПГ! Моя спина наконец-то угомонилась настолько, что я снова могу водить, пока герои продолжают искать пропавшую девочку Кэмми. Вега, Цифровой Дракон, застает врасплох троицу мелких шкодников, которые среди ночи пробрались в её аркадный зал, но один из них узнаёт в ней городскую супергероиню, и в итоге всё выливается в очень тёплый момент, где они вместе по-гиковски фанатеют от видеоигр. К сожалению, этот момент прерывает кто-то или что-то, приземлившееся на крышу аркады... 1/?</p>
<p>Вега идёт проверить, в чём дело, и находит доктора Веспера — в его чудовищной форме летучей мыши, которую пресса прозвала «Человеком-Гаргульей», — а вместе с ним существо, похожее на гарпию, которое Веспер называет своей «юной протеже». Веспер говорит, что они пришли представиться и пригласить Вегу вступить в их общество человеко-звериных изгоев, которым руководит «Мадам» — доктор Диана Лоутон из Института Лоутон. 2/?</p>
<p>Вега тянет время, чтобы вывести шкодников из аркады и вызвать остальных Мификов на подмогу, а потом подыгрывает, будто ей и правда интересно стать частью этой «новой семьи». Веспер и Гарпия (которая за весь разговор не произносит ни слова) приводят Вегу к кораблю в гавани, где Институт Лоутон, похоже, уже сворачивает вещи... видимо, потому что они понимают, что привлекают внимание агента Картер, A.R.G.E.N.T. и не только. 3/?</p>",,
best-pair-0052,44607-rus_Cyrl,"This is my favorite part.
Well.
Second favorite part because the cream is the best part.
I'm putting extra on for myself, hehe.
How good does this look?
Oh my god, look at that.
Oh, it also just like seeps into the coffee so beautifully.","Вот моя любимая часть.
Ну.
Вообще-то вторая любимая, потому что сливки — это самое лучшее.
Себе я положу побольше.
Ну разве не аппетитно выглядит?
О боже, вы только посмотрите.
Ох, и как же красиво это растекается в кофе.","Это моя любимая часть.
Ну.
Вторая любимая часть, потому что сливки — это самое лучшее.
Я кладу себе побольше.
Ну как, аппетитно выглядит?
О боже, только посмотрите на это.
Ох, оно ещё и так красиво просачивается в кофе.",,
best-pair-0053,44720-rus_Cyrl,"Oh, well, uh, you know, I figured since you like doing regular stuff, um, well, there's this dance at our school Friday night, and I was wondering, how'd you like to spend a really regular evening with a regular old me?
I'd love that.
I never get to go to high school dances.
Oh, really?
Well, look, now, don't get your hopes up, okay?
This ain't going to be some big, fancy evening.
In fact, you may need to give me a couple dollars for the gas.","Ну, знаешь, я подумал: раз тебе нравятся обычные вещи, в пятницу вечером у нас в школе будут танцы, и я хотел спросить — не хочешь провести самый обычный вечер с таким самым обычным парнем, как я?
С удовольствием.
Мне никогда не удавалось ходить на школьные танцы.
Правда?
Только смотри, губу не раскатывай, ладно?
Это не будет какой-то шикарный вечер.
Вообще-то, тебе, может, даже придётся подкинуть мне пару долларов на бензин.","Ну, знаешь, я подумал: раз тебе нравятся обычные вещи, в пятницу вечером у нас в школе будут танцы, и я хотел спросить — не хочешь провести самый обычный вечер с таким самым обычным парнем, как я?
С удовольствием.
Мне никогда не удавалось попасть на школьные танцы.
Правда?
Только смотри, особо не обольщайся, ладно?
Это не будет какой-то большой шикарный вечер.
Вообще-то, тебе, может, ещё придётся дать мне пару долларов на бензин.",,
best-pair-0054,44651-rus_Cyrl,"Jade, if you want to get back together with Beck, then why don't you just tell him?
I did, but he rejected me.
Um, not to be mean, but why are you coming to me for help?
Because I don't want anyone who's cool to see me like this.
Okay, maybe you should wait.
Are we.
We're not even friends.
Well, yeah, but if you help me.
Maybe I'll like you.
So if I help you, I get a mean friend and a broken kite.
Please, just please talk to Beck for me.","Джейд, если ты хочешь снова сойтись с Беком, почему бы тебе просто не сказать ему?
Я сказала, но он меня отшил.
Слушай, не хочу грубить, но почему ты вообще просишь помощи у меня?
Потому что я не хочу, чтобы кто-то клёвый видел меня такой.
Ладно, может, тебе стоит подождать.
Мы что.
Мы даже не друзья.
Ну да, но если ты мне поможешь.
Может, ты мне понравишься.
То есть если я тебе помогу, мне достанутся злая подруга и сломанный воздушный змей.
Пожалуйста, просто пожалуйста, поговори с Беком за меня.","Джейд, если ты хочешь снова быть с Беком, почему бы тебе просто не сказать ему об этом?
Я сказала, но он меня отшил.
Слушай, не хочу показаться грубой, но почему ты вообще пришла за помощью ко мне?
Потому что я не хочу, чтобы кто-то клёвый видел меня в таком виде.
Ладно, может, тебе стоит немного подождать.
Мы что.
Мы даже не друзья.
Ну да, но если ты мне поможешь.
Может, ты мне понравишься.
То есть если я тебе помогу, у меня будет злая подруга и сломанный воздушный змей.
Пожалуйста, ну пожалуйста, поговори с Беком за меня.",,
best-pair-0055,44707-rus_Cyrl,"It's nice to meet you, Chuck.
His dad's National Guard regiment was just called up.
So he and his mom are staying with me on the ranch.
MM.
Are you going into the newspaper business, Chuck?
Hey, Chuck, why don't you show Camila the sights of our town while I catch up with Kelly?
Sounds like a good idea.
Why don't you go?","Приятно познакомиться, Чак.
Полк Национальной гвардии, в котором служит его отец, только что мобилизовали.
Так что он и его мама пока поживут у меня на ранчо.
Угу.
Ты собираешься заняться газетным делом, Чак?
Эй, Чак, почему бы тебе не показать Камиле наш город, пока я поболтаю с Келли?
Звучит неплохо.
Ну так иди.","Приятно познакомиться, Чак.
Его полк Национальной гвардии, где служит его отец, только что призвали.
Так что он и его мама поживут у меня на ранчо.
Угу.
Ты собираешься заняться газетным делом, Чак?
Эй, Чак, почему бы тебе не показать Камиле достопримечательности нашего городка, пока я поболтаю с Келли?
Звучит как хорошая идея.
Почему бы тебе не пойти?",,
best-pair-0056,44779-rus_Cyrl,"```json
{
  ""landing_page.why_join_company.free.description"": ""We don't get in the way of you interacting with people and having fun. People can support us for nice to have features."",
  ""landing_page.testimonials.description"": ""Thousands of members have found friendships, a community, love, and much more with us. Here are just a few of their stories:"",
  ""advertise.page_title"": ""Advertise on {{website_name}}"",
  ""advertise.why_advertise.title"": ""Why Advertise on with us?"",
  ""advertise.why_advertise.content.description"": ""Here are just a few reasons:"",
  ""advertise.why_advertise.content.item_2"": ""With ~100,000 new members joining us every month, you'll reach new customers daily."",
  ""advertise.why_advertise.content.item_3"": ""You'll have access to a dashboard so you know how your ads are doing 24/7."",
  ""advertise.why_advertise.content.item_4"": ""You can change up your ads throughout the month to keep things fresh."",
  ""advertise.how_it_works.content.description"": ""Rather than selling impressions or clicks, we’ve divided our ad space into equally sized slots:"",
  ""advertise.how_it_works.content.item_3"": ""Ads run from the 1st to the last day of the month"",
  ""advertise.cost.content.description"": ""A slot starts at $500 USD per month. If you would like to run more than one slot a month, each additional slot starts at $400 USD per month."",
  ""advertise.cost.content.note"": ""Renew by the 15th of the month to guarantee your slots for the next month."",
  ""advertise.contact_us.content.description"": ""If you have any questions or would like to advertise on our website please email us at:"",
  ""advertise.aside.ad_image_specs.title"": ""Ad Image Specs"",
  ""advertise.aside.ad_image_specs.specs.aspect_ratio"": ""Aspect ratio:"",
  ""advertise.aside.ad_image_specs.specs.display_size"": ""Display size:"",
  ""advertise.aside.ad_text_specs.title"": ""Ad Text Specs"",
  ""advertise.aside.ad_text_specs.specs.lines_label"": ""# of lines:"",
  ""advertise.aside.help_note"": ""Don't have an ad? We can help you with that. All you have to do is just get into {{link_tag_start}}contact with us{{link_tag_end}}."",
  ""advertise.sample_ads.title"": ""Sample Ads"",
  ""advertise.sample_ads.cta_label"": ""view all"",
  ""welcome.interstitial.slides.intro.heading"": ""Welcome Home"",
  ""welcome.interstitial.slides.intro.subheading"": ""Setting yourself up for success."",
  ""welcome.interstitial.slides.intro.pace.heading"": ""Go at Your Own Pace"",
  ""welcome.interstitial.slides.intro.consent.description"": ""You will get the most out of the app by respecting people’s boundaries."",
  ""welcome.interstitial.slides.love.description"": ""Love what you find appealing and interesting. The more you love, the better we can recommend stuff you'll enjoy."",
  ""welcome.interstitial.slides.scene.heading"": ""Find Your Local Scene""
}
```","{""landing_page.why_join_company.free.description"":""Мы не мешаем вам знакомиться, общаться и хорошо проводить время. Пользователи могут поддержать нас, оформив доступ к дополнительным функциям."",""landing_page.testimonials.description"":""Тысячи участников нашли у нас друзей, сообщество, любовь и многое другое. Вот лишь несколько их историй:"",""advertise.page_title"":""Реклама на {{website_name}}"",""advertise.why_advertise.title"":""Почему стоит размещать рекламу у нас?"",""advertise.why_advertise.content.description"":""Вот лишь несколько причин:"",""advertise.why_advertise.content.item_2"":""К нам каждый месяц присоединяются около 100\u00a0000 новых участников, поэтому вы сможете ежедневно привлекать новых клиентов."",""advertise.why_advertise.content.item_3"":""У вас будет доступ к панели управления, где вы сможете круглосуточно отслеживать эффективность своей рекламы."",""advertise.why_advertise.content.item_4"":""Вы можете менять объявления в течение месяца, чтобы они оставались актуальными и привлекали внимание."",""advertise.how_it_works.content.description"":""Вместо продажи показов или кликов мы разделили рекламное пространство на слоты одинакового размера:"",""advertise.how_it_works.content.item_3"":""Реклама размещается с 1-го числа до последнего дня месяца"",""advertise.cost.content.description"":""Стоимость одного слота начинается от 500 USD в месяц. Если вы хотите размещать больше одного слота в месяц, каждый дополнительный слот стоит от 400 USD в месяц."",""advertise.cost.content.note"":""Продлите размещение до 15-го числа месяца, чтобы гарантированно сохранить свои слоты на следующий месяц."",""advertise.contact_us.content.description"":""Если у вас есть вопросы или вы хотите разместить рекламу на нашем сайте, напишите нам по адресу:"",""advertise.aside.ad_image_specs.title"":""Требования к рекламному изображению"",""advertise.aside.ad_image_specs.specs.aspect_ratio"":""Соотношение сторон:"",""advertise.aside.ad_image_specs.specs.display_size"":""Размер показа:"",""advertise.aside.ad_text_specs.title"":""Требования к рекламному тексту"",""advertise.aside.ad_text_specs.specs.lines_label"":""Количество строк:"",""advertise.aside.help_note"":""Нет готового объявления? Мы можем вам с этим помочь. Для этого просто {{link_tag_start}}свяжитесь с нами{{link_tag_end}}."",""advertise.sample_ads.title"":""Примеры объявлений"",""advertise.sample_ads.cta_label"":""посмотреть все"",""welcome.interstitial.slides.intro.heading"":""Добро пожаловать домой"",""welcome.interstitial.slides.intro.subheading"":""Настройтесь на успех."",""welcome.interstitial.slides.intro.pace.heading"":""Двигайтесь в своём темпе"",""welcome.interstitial.slides.intro.consent.description"":""Вы получите максимум от приложения, если будете уважать личные границы других людей."",""welcome.interstitial.slides.love.description"":""Отмечайте всё, что кажется вам привлекательным и интересным. Чем больше таких отметок, тем точнее будут рекомендации."",""welcome.interstitial.slides.scene.heading"":""Найдите своё местное сообщество""}","{""landing_page.why_join_company.free.description"":""Мы не мешаем вам знакомиться, общаться и хорошо проводить время. Пользователи могут поддержать нас, оформив доступ к дополнительным функциям."",""landing_page.testimonials.description"":""Тысячи участников нашли у нас друзей, сообщество, любовь и многое другое. Вот лишь несколько их историй:"",""advertise.page_title"":""Реклама на {{website_name}}"",""advertise.why_advertise.title"":""Почему стоит размещать рекламу у нас?"",""advertise.why_advertise.content.description"":""Вот лишь несколько причин:"",""advertise.why_advertise.content.item_2"":""Каждый месяц к нам присоединяется около 100 000 новых участников, поэтому вы сможете ежедневно привлекать новых клиентов."",""advertise.why_advertise.content.item_3"":""У вас будет доступ к панели управления, чтобы вы могли отслеживать эффективность своей рекламы 24/7."",""advertise.why_advertise.content.item_4"":""В течение месяца вы можете менять свои объявления, чтобы они оставались актуальными и привлекали внимание."",""advertise.how_it_works.content.description"":""Вместо того чтобы продавать показы или клики, мы разделили рекламное пространство на слоты одинакового размера:"",""advertise.how_it_works.content.item_3"":""Реклама размещается с 1-го числа до последнего дня месяца"",""advertise.cost.content.description"":""Стоимость одного слота начинается от 500 долларов США в месяц. Если вы хотите размещать более одного слота в месяц, стоимость каждого дополнительного слота начинается от 400 долларов США в месяц."",""advertise.cost.content.note"":""Продлите размещение до 15-го числа месяца, чтобы гарантированно сохранить свои слоты на следующий месяц."",""advertise.contact_us.content.description"":""Если у вас есть вопросы или вы хотите разместить рекламу на нашем сайте, напишите нам по адресу:"",""advertise.aside.ad_image_specs.title"":""Требования к рекламному изображению"",""advertise.aside.ad_image_specs.specs.aspect_ratio"":""Соотношение сторон:"",""advertise.aside.ad_image_specs.specs.display_size"":""Размер отображения:"",""advertise.aside.ad_text_specs.title"":""Требования к рекламному тексту"",""advertise.aside.ad_text_specs.specs.lines_label"":""Количество строк:"",""advertise.aside.help_note"":""Нет готового объявления? Мы можем помочь. Для этого просто {{link_tag_start}}свяжитесь с нами{{link_tag_end}}."",""advertise.sample_ads.title"":""Примеры объявлений"",""advertise.sample_ads.cta_label"":""посмотреть все"",""welcome.interstitial.slides.intro.heading"":""Добро пожаловать"",""welcome.interstitial.slides.intro.subheading"":""Подготовьте себя к успешному старту."",""welcome.interstitial.slides.intro.pace.heading"":""Двигайтесь в своём темпе"",""welcome.interstitial.slides.intro.consent.description"":""Вы получите максимум от приложения, если будете уважать личные границы других людей."",""welcome.interstitial.slides.love.description"":""Отмечайте то, что кажется вам привлекательным и интересным. Чем больше отметок «Нравится», тем точнее будут наши рекомендации."",""welcome.interstitial.slides.scene.heading"":""Найдите своё местное сообщество""}",,
best-pair-0057,44782-rus_Cyrl,"I'm so glad you're here.
Nothing better than sharing Christmas with friends and family.
I thought we could do the decorating together.
Is this the Earl of Shannon?
Indeed.
He's in the study.
Shall we?
Darling?
It's Isabella Caldwell and her lovely granddaughter.
Oh, won't she make someone a wonderful wife?","Я так рада, что вы приехали.
Нет ничего лучше, чем проводить Рождество в кругу друзей и семьи.
Я подумала, мы могли бы вместе всё украсить.
Это граф Шеннон?
Совершенно верно.
Он в кабинете.
Пойдём?
Дорогой?
Это Изабелла Колдуэлл и её очаровательная внучка.
О, из неё выйдет кому-то замечательная жена.","Я так рада, что вы приехали.
Нет ничего лучше, чем проводить Рождество с друзьями и семьёй.
Я подумала, мы могли бы вместе всё украсить.
Это граф Шеннон?
Именно.
Он в кабинете.
Пойдём?
Дорогой?
Это Изабелла Колдуэлл и её прелестная внучка.
О, из неё выйдет кому-то чудесная жена.",,
best-pair-0058,44678-rus_Cyrl,"Yeah, y'all, that's a pretty tough scrub right there.
And turn off the hose.
Do you have any metal brushes, Mark?
I know, I think that's all we have.
I know we're going to need a stronger brush because that's going to take a long time to scrub.","Да, ребята, это придётся оттирать с большим трудом.
И перекрой шланг.
Марк, у тебя есть металлические щётки?
Знаю, думаю, это всё, что у нас есть.
Знаю, нам понадобится щётка пожёстче, потому что оттирать это придётся очень долго.","Да, ребята, тут придётся как следует поскоблить.
И выключи шланг.
Марк, у тебя есть металлические щётки?
Знаю, думаю, это всё, что у нас есть.
Знаю, нам понадобится щётка пожёстче, потому что оттирать это придётся очень долго.",,
best-pair-0059,44770-rus_Cyrl,"<p>Campanīle<br>A #poetry thread<br>i.<br>A Roman church belfry,<br>gold cross reaching for clouds:<br>bell tolls, sets brass note free,<br>sings out through misty shroud,<br>its high peal an appeal<br>to the faithful long gone.<br>No more piety’s zeal:<br>many sunsetted dawns.<br>Its stone tower keeps watch<br>through the mask of dusk-rain,<br>skies loosing their barrage<br>upon roof tiles again.<br>🧵👇🏼<br>#poem #poemaday #moody #neoclassical #church #night #photography</p>
<p>ii.<br>Who pulled on the bell cord?<br>Lone monk in his cloister<br>with none left in accord.<br>He, grain in church oyster —<br>yet no cell holds his bed,<br>no dust stirred by his shoes,<br>his name never was said,<br>no old books that he used.<br>The bell rope hangs, worn, frayed,<br>gnawed by church mice’s teeth.<br>It’s been long since it swayed,<br>pulled by hands underneath.<br>🧵👇🏼</p>
<p>iii.<br>The night wind whispers psalms<br>and breathes canticles’ chant<br>to swing the clapper of bronze,<br>I answer in descant —<br>but not with my own voice.<br>The wind swallows my call,<br>chimes its own holy noise<br>with the hands of its squall.<br>✋🏼🧵</p>","<p>Кампанила<br>Тред со стихами<br>i.<br>Римская церковная колокольня,<br>золотой крест тянется к облакам:<br>колокол бьёт, выпуская медный звук,<br>поёт сквозь туманный покров,<br>и его высокий звон — как призыв<br>к давно ушедшим верным.<br>Больше нет былого благочестивого пыла:<br>слишком много рассветов ушло в закат.<br>Её каменная башня всё так же дозорит<br>сквозь маску сумеречного дождя,<br>пока небо снова обрушивает<br>свой залп на черепичные крыши.<br>🧵👇🏼<br>#стихи #стихкаждыйдень #атмосферно #неоклассика #церковь #ночь #фотография</p>
<p>ii.<br>Кто тянул за колокольную верёвку?<br>Одинокий монах в своём клуатре,<br>ни с кем уже не в созвучии.<br>Он — песчинка в церковной раковине —<br>но ни одна келья не хранит его ложа,<br>ни одна пылинка не взвилась от его шагов,<br>его имя никогда не произносили,<br>не осталось старых книг, что он читал.<br>Колокольная верёвка висит — истёртая, растрёпанная,<br>обглоданная зубами церковных мышей.<br>Давно уже она не качалась,<br>не тянули её руки снизу.<br>🧵👇🏼</p>
<p>iii.<br>Ночной ветер шепчет псалмы<br>и дышит напевом кантиков,<br>раскачивая бронзовый язык колокола,<br>а я отвечаю дискантом —<br>но не собственным голосом.<br>Ветер глотает мой зов,<br>вызванивает свой священный шум<br>руками своей бури.<br>✋🏼🧵</p>","<p>Кампанила<br>Поэтический тред<br>i.<br>Колокольня римской церкви,<br>золотой крест тянется к облакам:<br>колокол бьёт, высвобождая медный звук,<br>поёт сквозь туманную пелену,<br>и его высокий звон — словно зов<br>к верным, давно ушедшим.<br>Уже нет былого пыла благочестья:<br>слишком много рассветов ушло в закат.<br>Её каменная башня всё так же сторожит<br>сквозь маску дождя в сумерках,<br>пока небеса снова обрушивают<br>свой залп на черепичные крыши.<br>🧵👇🏼<br>#стихи #стихдня #атмосферно #неоклассика #церковь #ночь #фото</p>
<p>ii.<br>Кто тянул за колокольную верёвку?<br>Одинокий монах в своём клуатре,<br>и больше никого с ним в созвучии.<br>Он — песчинка в церковной раковине —<br>но ни одна келья не хранит его ложа,<br>ни одна пылинка не взвилась от его обуви,<br>его имя так и не было произнесено,<br>не осталось старых книг, которыми он жил.<br>Колокольная верёвка висит — истёртая, растрёпанная,<br>обглоданная зубами церковных мышей.<br>Давно уже она не качалась,<br>не тянули её руки снизу.<br>🧵👇🏼</p>
<p>iii.<br>Ночной ветер шепчет псалмы<br>и дышит напевом кантиков,<br>раскачивая бронзовый язык колокола,<br>а я отвечаю дискантом —<br>но не своим голосом.<br>Ветер глотает мой зов,<br>вызванивает свой святой гул<br>руками собственной бури.<br>✋🏼🧵</p>",,
best-pair-0060,44670-rus_Cyrl,"They're narcissists.
They think the whole world revolves around them.
Everything is about them.
So if they cut you off, that's because they needed that spot more than you did.
And how dare you question that?
How dare you question that?
They made a move and they're the most important person.
Anyways, yeah, it is what it is, right?","Они нарциссы.
Они думают, что весь мир вертится вокруг них.
Для них всё только о них.
Так что если они вас подрезали, значит, это место им было нужнее, чем вам.
И как вы смеете это оспаривать?
Как вы смеете это оспаривать?
Они так поступили, потому что считают себя самым важным человеком.
В общем, да, что есть, то есть, да?","Они нарциссы.
Они думают, что весь мир крутится вокруг них.
Для них всё сводится к ним самим.
Так что если они вас подрезали, значит, это место было им нужнее, чем вам.
И как вы смеете это оспаривать?
Как вы смеете это оспаривать?
Они так поступили, потому что считают себя самым важным человеком.
В общем, да, что есть, то есть, да?",,
best-pair-0061,44683-rus_Cyrl,"That is the Baltic Sea.
Like that thing is the size of my head.
Like shooting from here.
Imagine how hard it would be to hit something with this cannon.
Maybe the best weather.","Это Балтийское море.
Ну, эта штука размером с мою голову.
Ну, стрелять отсюда.
Представь, как трудно было бы из этой пушки во что-нибудь попасть.
Наверное, лучшая погода.","Это Балтийское море.
Типа эта штука размером с мою голову.
Ну, стрелять отсюда.
Представь, как трудно было бы попасть во что-то из этой пушки.
Может, самая лучшая погода.",,
best-pair-0062,44725-rus_Cyrl,"A couple of weeks ago, my boyfriend and I did pottery.
I mean, actual pottery.
And it's now time to collect our masterpieces.
So I'm in the office today, and it is literally just a 20 minute walk away from the office.
But the one time I went, I obviously used my phone map because I'd never been in that area before.
So let's hope I can remember some orientation skills and use this thing.","Пару недель назад мы с моим парнем ходили на гончарку.
Ну, в смысле, на самую настоящую.
И вот теперь пришло время забрать наши шедевры.
Сегодня я в офисе, а от офиса туда буквально двадцать минут пешком.
Но в тот единственный раз, когда я туда ходила, я, конечно, пользовалась картой в телефоне, потому что раньше никогда не была в этом районе.
Так что будем надеяться, что я ещё не разучилась ориентироваться и смогу дойти сама.","Пару недель назад мы с моим парнем ходили лепить керамику.
В смысле, занимались самой настоящей керамикой.
И вот теперь пришло время забрать наши шедевры.
Сегодня я в офисе, а это место буквально в двадцати минутах ходьбы отсюда.
Но в тот раз, когда я туда ходила, я, конечно, пользовалась картой в телефоне, потому что раньше никогда не была в этом районе.
Так что будем надеяться, что я вспомню хоть какие-то навыки ориентирования и разберусь с этой штукой.",,
best-pair-0063,44642-rus_Cyrl,"<p>Tinkering with my stereo system this week has got me thinking about an oddity that I've never been able to get to the bottom of...let's see if the Mastodon hive mine can help.<br>The amp is a Philips FA454 and the CD Player is a Philips CD150.<br>According to the amp manual I can connect the units with a ""8-pole DIN to 5-pole DIN + 2 x single-pole CINCH"" cable.""<br>I take this to mean an 8 pin din to a 5 pin + stereo RCA cable...which sounds cursed.<br>Never been able to find one. Can anyone make one?</p>
<p>The service manual for the amp is nice and clear (picture 2 in above toot), but I can't find anything as nice for the CD player. I've attached a picture (picture 4 in the above toot) from the service manual that I *think* is the relevant section.<br>Currently I have the CD player hooked up with just the RCA cables and it all works fine, but if I could find/make the correct Din to Din + RCA cable then I could use some additional functionality and free up the only RCA stereo inputs on my amp.</p>
<p>There's a repair café this weekend in the town where I live...if I'm still puzzling over it all by then I might take it all along there and see if they can help me hack together a cable.</p>","<p>Ковырялся на этой неделе со своей стереосистемой, и это снова заставило меня задуматься об одной странности, в которой я так и не смог разобраться...посмотрим, может, коллективный разум Mastodon поможет.<br>Усилитель — Philips FA454, а CD-плеер — Philips CD150.<br>Судя по инструкции к усилителю, я могу соединить устройства кабелем «8-полюсный DIN — 5-полюсный DIN + 2 x однополюсный CINCH».<br>Я так понимаю, имеется в виду кабель с 8-контактным DIN на 5-контактный DIN + стерео RCA...что звучит слегка проклято.<br>Ни разу не смог такой найти. Может, кто-нибудь сделать такой?</p>
<p>Сервис-мануал к усилителю очень понятный и наглядный (картинка 2 в посте выше), но ничего настолько же внятного для CD-плеера я найти не могу. Я прикрепил картинку (картинка 4 в посте выше) из сервис-мануала, которая, *как мне кажется*, и есть нужный раздел.<br>Сейчас CD-плеер у меня подключён только через RCA-кабели, и всё работает нормально, но если бы я смог найти/сделать правильный кабель DIN на DIN + RCA, то получил бы доступ к дополнительным функциям и освободил бы единственный стереовход RCA на усилителе.</p>
<p>В эти выходные в городе, где я живу, будет repair café...если к тому времени я всё ещё буду ломать над этим голову, может, оттащу всё это туда и посмотрю, помогут ли мне там собрать такой кабель на коленке.</p>","<p>Возился на этой неделе со своей стереосистемой, и опять задумался об одной странности, в которой так и не смог разобраться...посмотрим, может, коллективный разум Mastodon поможет.<br>Усилитель — Philips FA454, CD-плеер — Philips CD150.<br>Судя по инструкции к усилителю, устройства можно соединить кабелем «8-pole DIN to 5-pole DIN + 2 x single-pole CINCH».<br>Я это понимаю так: 8-контактный DIN на 5-контактный DIN + стерео RCA...и звучит это, конечно, диковато.<br>Ни разу такой не встречал. Может, кто-нибудь может сделать?</p>
<p>Сервис-мануал к усилителю очень понятный и наглядный (картинка 2 в посте выше), а вот для CD-плеера ничего столь же внятного найти не могу. Прикрепил картинку (картинка 4 в посте выше) из сервис-мануала — *мне кажется*, это как раз нужный раздел.<br>Сейчас CD-плеер у меня подключён только через RCA-кабели, и всё отлично работает, но если бы удалось найти/сделать правильный кабель DIN на DIN + RCA, я бы получил доступ к дополнительным функциям и освободил единственный RCA-стереовход на усилителе.</p>
<p>В эти выходные у нас в городе будет repair café...если к тому времени я всё ещё буду над этим ломать голову, может, притащу всё туда и посмотрю, смогут ли мне помочь на скорую руку собрать такой кабель.</p>",,
best-pair-0064,44627-rus_Cyrl,"Here we are.
All right.
Let's see.
Low key.
Shocked to see so many people here already.
But obviously it's much quieter than if I came midday or later this evening.
So we're gonna just go along the aisles and, uh, get everything we need.
Absolutely love these as a little healthy snack.
We need bread.","Ну вот мы и на месте.
Так.
Посмотрим.
Если честно,
я удивлён, что здесь уже столько людей.
Но, конечно, тут намного спокойнее, чем было бы, если бы я пришёл в середине дня или позже вечером.
Так что сейчас просто пройдёмся по рядам и возьмём всё, что нам нужно.
Просто обожаю это как небольшой полезный перекус.
Нам нужен хлеб.","Ну вот мы и здесь.
Ладно.
Посмотрим.
Если честно,
я в шоке, что здесь уже так много людей.
Но, конечно, тут намного тише, чем было бы, если бы я пришёл в середине дня или позже вечером.
Так что мы просто пройдёмся по проходам и возьмём всё, что нам нужно.
Просто обожаю это как небольшой полезный перекус.
Нам нужен хлеб.",,
best-pair-0065,44621-rus_Cyrl,"Once upon a time in a kingdom of great beauty.
There was a beast of a property market.
We have seen 40 houses.
The market's just too fast.
Prices are realistic.
If only there was a fearless hero to save the day.
I could kiss you.
Or a fairy godmother.
To make dreams come true.
Oh, angel.
But we live in the real world.
They'll just have to make do with us.
We're back.","В некотором царстве, в удивительно прекрасном королевстве.
Царил просто зверский рынок недвижимости.
Мы уже посмотрели сорок домов.
Рынок слишком быстрый.
Цены вполне адекватные.
Вот бы нашёлся бесстрашный герой, который всех спасёт.
Я бы тебя расцеловала.
Или фея-крёстная.
Чтобы мечты сбывались.
О, ангел.
Но мы живём в реальном мире.
Так что им придётся довольствоваться нами.
Мы вернулись.","Жили-были в одном невероятно прекрасном королевстве.
И царил там просто зверский рынок недвижимости.
Мы уже посмотрели сорок домов.
Рынок слишком бешеный.
Цены вполне адекватные.
Вот бы нашёлся бесстрашный герой, который всех спасёт.
Я бы тебя расцеловала.
Или фея-крёстная.
Чтобы мечты сбывались.
О, ангел.
Но мы живём в реальном мире.
Так что им придётся довольствоваться нами.
Мы снова с вами.",,
best-pair-0066,44671-rus_Cyrl,"<p>My brother in He-Who-Shall-Not-Be-Named, what you are describing is a consequence of _misogyny_, not ""misandry.""</p>
<p>I desperately need men to realize that just because it's directed at them and an actual serious problem doesn't mean it is ""misandry."" <br>Just saw someone describe being discriminated against _for being considered effeminate_ as ""misandry"" and I just.</p>
<p>It's not that you aren't experiencing something real. You very well may be. But it isn't ""misandry."" Because ""misandry"" doesn't exist.<br>Yes, this applies to trans men as well. ""Transmisandry"" _also_ isn't a thing and just contributes to anti-feminist narratives. It treats itself as a mirror of transmisogyny, but transmisogyny is _intersective_: we experience transphobia _and_ we experience misogyny _and_ we experience this unholy thing that happens when the two interact. It's not a subset, even an exclusive subset, it's an intersection.<br>But the following all are absolutely problems that can be talked about! <br>* Transphobia/Transmisia<br>* Antitransmasculity<br>* Transemasculation<br>* Misogyny<br>It sucks to be discriminated against, but the language that we use is so, so important here.</p>","<p>Брат мой во имя Того-Кого-Нельзя-Называть, то, что ты описываешь, — это следствие _мизогинии_, а не «мизандрии».</p>
<p>Мне очень нужно, чтобы мужчины поняли: то, что это направлено против них и что это правда серьёзная проблема, ещё не значит, что это «мизандрия». <br>Только что увидела, как кто-то назвал дискриминацию _за то, что его считают женоподобным_, «мизандрией», и я просто.</p>
<p>Не то чтобы ты не сталкивался с чем-то реальным. Очень даже мог сталкиваться. Но это не «мизандрия». Потому что «мизандрии» не существует.<br>Да, это относится и к транс-мужчинам тоже. «Трансмизандрия» _тоже_ не существует и лишь подпитывает антифеминистские нарративы. Её подают как зеркальное отражение трансмизогинии, но трансмизогиния _интерсекциональна_: мы сталкиваемся с трансфобией _и_ сталкиваемся с мизогинией _и_ сталкиваемся с этой богомерзкой хренью, которая возникает, когда одно накладывается на другое. Это не подвид, даже не отдельный подвид, это пересечение.<br>Но всё нижеперечисленное — абсолютно реальные проблемы, о которых можно говорить! <br>* Трансфобия/трансмизия<br>* Антитрансмаскулинность<br>* Трансэмаскуляция<br>* Мизогиния<br>Когда тебя дискриминируют — это отстой, но слова, которые мы тут используем, очень, очень важны.</p>","<p>Брат мой во имя Того-Кого-Нельзя-Называть, то, что ты описываешь, — это следствие _мизогинии_, а не «мизандрии».</p>
<p>Мне очень нужно, чтобы мужчины наконец поняли: то, что это направлено против них и что это реально серьёзная проблема, ещё не делает это «мизандрией». <br>Только что увидела, как кто-то назвал дискриминацию _из-за того, что его считают женоподобным_, «мизандрией», и я просто.</p>
<p>Дело не в том, что ты не переживаешь ничего реального. Очень даже может быть, что переживаешь. Но это не «мизандрия». Потому что «мизандрии» не существует.<br>Да, это касается и транс-мужчин тоже. «Трансмизандрия» _тоже_ не существует и только подпитывает антифеминистские нарративы. Её пытаются выставить зеркалом трансмизогинии, но трансмизогиния _интерсекциональна_: мы сталкиваемся с трансфобией _и_ сталкиваемся с мизогинией _и_ сталкиваемся с этой богомерзкой хренью, которая возникает, когда одно пересекается с другим. Это не подмножество, даже не отдельное подмножество, это пересечение.<br>Но всё из списка ниже — это абсолютно реальные проблемы, о которых можно говорить! <br>* Трансфобия/трансмизия<br>* Антитрансмаскулинность<br>* Трансэмаскуляция<br>* Мизогиния<br>Подвергаться дискриминации — это отстой, но слова, которые мы здесь используем, очень, очень важны.</p>",,
best-pair-0067,44601-rus_Cyrl,"<p>Robin Roefs"" penalty saves secures Sunderland's spot in FA Cup fourth round</p>
<p>Get the Adam Clery Football Column. A newsletter that unpacks the absurdities and oddities of the beautiful game</p>
<p>The ACFC newsletter: unpacking football's absurdities</p>
<p>Unpack football's oddities with the ACFC newsletter</p>
<p>Robin Roefs was Sunderland's hero as Everton's FA Cup hopes came to a premature end once again after three woeful penalties in a shootout saw the Black Cats reach round four.</p>
<p>David Moyes"" threadbare squad looked like exiting in normal time until James Garner's 89th-minute spot-kick cancelled out Enzo Le Fee's brilliant first-half strike.</p>
<p>But extra time was the last thing the hosts, down to just 12 senior players, needed and when the shootout came around Garner, Thierno Barry and Beto all saw their efforts saved by Roefs.</p>
<p>Le Fee, Granit Xhaka and Luke O'Nien confidently scored their first three attempts to help Sunderland into the fourth round for only the second time in 11 seasons.</p>
<p>It was a hammer blow to Everton, who were dragged back into the game by Adam Aznou, a £7.8million signing from Valladolid in the summer who had not had a sniff of first-team action.</p>
<p>The teenager's only senior football was two appearances in the EFL Trophy back in September and October and his 86th-minute introduction for Merlin Rohl was only because Moyes had little to no option.</p>
<p>But the Spanish-born Moroccan showed more drive in the four minutes of regulation time than many of his battle-weary team-mates had in the preceding 86 - particularly fellow 19-year-old and summer arrival Tyler Dibling, who cost five times as much.</p>
<p>Within three minutes he won an admittedly soft penalty after a shoulder-to-shoulder challenge by Trai Hume allowing Garner to equalise.</p>
<p>Replays of the foul on the big screens at full-time enraged Xhaka, who hurled his water bottle into the turf and raged at the perceived injustice to anyone in earshot, but the Black Cats"" captain was soon celebrating.</p>
<p>It is rare for Sunderland, promoted from the Championship last season, to be favourites in any game but the fact Regis Le Bris was able to make five changes and still have the likes of Dan Ballard, Brian Brobbey, Omar Alderete and Wilson Isidor in reserve swung the odds in their favour.</p>
<p>Injuries, the Africa Cup of Nations and suspensions for Michael Keane and Jack Grealish were compounded by Tim Iroegbunam's hamstring problem which took the absences to nine.</p>
<p>Barry, the one senior player he left out, accounted for 23 of the 27 first-team appearances among the substitutes with five of six academy players not having previously featured at all.</p>
<p>After Harrison Armstrong sliced wide their only first chance of the first half, Sunderland took control and should have been comfortably ahead by the interval.</p>
<p>Their first shot resulted in the opener - and what a goal.</p>
<p>Everton failed to deal with a long throw and Eliezer Mayenda teed up Le Fee to send a cushioned right-footed volley curling past Jordan Pickford.</p>
<p>Moyes had a face like thunder and his demeanour was not improved as Pickford clawed away a Nordi Mukiele overhead kick and tipped away, at full-stretch, Romaine Mundle's strike from distance.</p>
<p>Surprisingly, the Everton boss did not make the only change available to him and sacrifice one of his five midfielders for Barry at the start of the second half, but they did not come to life until Mayenda rolled an angled shot just wide with less than half an hour remaining.</p>
<p>Beto's appeal for a penalty for a shirt pull by Hume was waved away but referee John Brooks obliged when Aznou went down and Garner equalised.</p>
<p>Unfortunately for Everton their subsequent penalties were not as confident, with Barry and Beto's stuttering run-ups far from convincing, as Roefs saved all three.</p>","<p>Сейвы Робина Рёфса в серии пенальти вывели «Сандерленд» в четвёртый раунд Кубка Англии</p>
<p>Подпишитесь на футбольную колонку Адама Клери — рассылку, в которой разбираются абсурд и причуды прекрасной игры</p>
<p>Рассылка ACFC: о футбольных абсурдах</p>
<p>Разбирайте футбольные странности вместе с рассылкой ACFC</p>
<p>Героем «Сандерленда» стал Робин Рёфс: надежды «Эвертона» на Кубок Англии вновь преждевременно рухнули, после того как три неудачно исполненных удара в послематчевой серии пенальти вывели «чёрных котов» в четвёртый раунд.</p>
<p>Крайне ослабленный состав Дэвида Мойеса, казалось, вылетит ещё в основное время, однако пенальти Джеймса Гарнера на 89-й минуте перечеркнул великолепный гол Энцо Ле Фе в первом тайме.</p>
<p>Но дополнительное время было для хозяев, у которых в распоряжении оставалось лишь 12 опытных игроков, совсем некстати, а когда дело дошло до серии пенальти, Гарнер, Тьерно Барри и Бету не сумели переиграть Рёфса.</p>
<p>Ле Фе, Гранит Джака и Люк О'Ниен уверенно реализовали свои первые три попытки и помогли «Сандерленду» выйти в четвёртый раунд лишь во второй раз за 11 сезонов.</p>
<p>Для «Эвертона» это стало тяжёлым ударом: в игру команду вернул Адам Азну — приобретённый летом у «Вальядолида» за 7,8 млн фунтов футболист, который до этого не имел никакого опыта выступлений за первую команду.</p>
<p>Единственным опытом подростка на взрослом уровне оставались два матча в Трофее Английской футбольной лиги в сентябре и октябре, а его выход на 86-й минуте вместо Мерлина Роля был продиктован лишь тем, что у Мойеса почти не осталось выбора.</p>
<p>Однако родившийся в Испании марокканец за четыре минуты основного времени проявил больше напора, чем многие его измотанные партнёры за предыдущие 86, — особенно другой 19-летний новичок, пришедший летом, Тайлер Диблинг, который обошёлся в пять раз дороже.</p>
<p>Уже через три минуты он заработал, пусть и довольно спорный, пенальти после единоборства плечом в плечо с Траем Хьюмом, позволив Гарнеру сравнять счёт.</p>
<p>Повторы этого эпизода на больших экранах после финального свистка привели Джаку в ярость: он швырнул бутылку с водой на газон и громко возмущался тем, что считал несправедливостью, всем, кто мог его услышать, но вскоре капитан «чёрных котов» уже праздновал победу.</p>
<p>Редко бывает, чтобы «Сандерленд», поднявшийся из Чемпионшипа в прошлом сезоне, считался фаворитом в каком-либо матче, однако тот факт, что Режис Ле Бри смог сделать пять изменений в составе и при этом оставить в запасе таких игроков, как Дэн Баллард, Брайан Бробби, Омар Альдерете и Уилсон Изидор, склонил шансы в пользу его команды.</p>
<p>Травмы, отъезды на Кубок африканских наций и дисквалификации Майкла Кина и Джека Грилиша усугубились проблемой с подколенным сухожилием у Тима Ироэгбунама, из-за чего число отсутствующих выросло до девяти.</p>
<p>Барри, единственный опытный игрок, оставшийся вне стартового состава, имел на своём счету 23 из 27 матчей за первую команду среди всех запасных, тогда как пятеро из шести представителей академии прежде вообще не выходили на поле.</p>
<p>После того как Харрисон Армстронг неточно пробил в их первом и единственном опасном эпизоде первого тайма, «Сандерленд» захватил инициативу и к перерыву должен был вести с комфортным преимуществом.</p>
<p>Их первый же удар завершился голом — и каким.</p>
<p>«Эвертон» не справился с дальним вбрасыванием, и Элиэзер Майенда выкатил мяч Ле Фе, который мягким ударом с правой ноги с лёта закрутил его мимо Джордана Пикфорда.</p>
<p>Мойес был мрачнее тучи, и настроение у него не улучшилось, когда Пикфорд вытащил удар Норди Мукиеле через себя, а затем в эффектном прыжке перевёл на угловой дальний выстрел Ромена Мандла.</p>
<p>Удивительно, но главный тренер «Эвертона» не воспользовался единственной доступной ему перестановкой и не убрал одного из пяти полузащитников ради Барри в начале второго тайма, а команда не ожила до тех пор, пока менее чем за полчаса до конца Майенда не пробил по диагонали чуть мимо.</p>
<p>Апелляции Бету на пенальти после захвата за футболку со стороны Хьюма остались без внимания, однако арбитр Джон Брукс указал на точку, когда в штрафной упал Азну, и Гарнер сравнял счёт.</p>
<p>К сожалению для «Эвертона», в последующей серии пенальти их игрокам не хватило той же уверенности: сбивчивые разбеги Барри и Бету выглядели совсем неубедительно, а Рёфс отразил все три удара.</p>","<p>Сейвы Робина Рёфса в серии пенальти вывели «Сандерленд» в четвёртый раунд Кубка Англии</p>
<p>Подпишитесь на футбольную колонку Адама Клери — рассылку, в которой разбираются абсурдности и странности прекрасной игры</p>
<p>Рассылка ACFC: о футбольных абсурдностях</p>
<p>Разбирайте футбольные странности вместе с рассылкой ACFC</p>
<p>Героем «Сандерленда» стал Робин Рёфс: надежды «Эвертона» на Кубок Англии вновь преждевременно рухнули после того, как три бездарно исполненных пенальти в послематчевой серии позволили «чёрным котам» выйти в четвёртый раунд.</p>
<p>Ослабленный до предела состав Дэвида Мойеса, казалось, вылетит ещё в основное время, однако пенальти Джеймса Гарнера на 89-й минуте свёл на нет блестящий гол Энцо Ле Фе в первом тайме.</p>
<p>Но дополнительное время было хозяевам, у которых в распоряжении оставалось всего 12 игроков основного состава, совершенно ни к чему, а когда дело дошло до серии пенальти, Гарнер, Тьерно Барри и Бету не сумели переиграть Рёфса.</p>
<p>Ле Фе, Гранит Джака и Люк О'Ниен уверенно реализовали свои первые три попытки и помогли «Сандерленду» выйти в четвёртый раунд лишь во второй раз за 11 сезонов.</p>
<p>Для «Эвертона» это стало сокрушительным ударом: в игру команду вернул Адам Азну — купленный летом у «Вальядолида» за 7,8 млн фунтов футболист, который до этого не имел ни малейшего опыта выступлений за первую команду.</p>
<p>Единственным опытом подростка на взрослом уровне были два матча в Трофее Английской футбольной лиги в сентябре и октябре, а его выход на 86-й минуте вместо Мерлина Роля был продиктован лишь тем, что у Мойеса практически не осталось выбора.</p>
<p>Однако родившийся в Испании марокканец за четыре минуты основного времени проявил больше напора, чем многие его измотанные партнёры за предыдущие 86, — особенно другой 19-летний летний новичок Тайлер Диблинг, который обошёлся в пять раз дороже.</p>
<p>Уже через три минуты он заработал, пусть и довольно спорный, пенальти после единоборства плечом в плечо с Траем Хьюмом, и Гарнер сравнял счёт.</p>
<p>Повторы этого эпизода на больших экранах после финального свистка привели Джаку в ярость: он швырнул бутылку с водой на газон и громко возмущался тем, что считал вопиющей несправедливостью, всем, кто мог его услышать, но вскоре капитан «чёрных котов» уже праздновал победу.</p>
<p>Редко бывает, чтобы «Сандерленд», поднявшийся из Чемпионшипа в прошлом сезоне, считался фаворитом в каком-либо матче, однако тот факт, что Режис Ле Бри смог сделать пять изменений в составе и при этом оставить в запасе таких игроков, как Дэн Баллард, Брайан Бробби, Омар Альдерете и Уилсон Изидор, склонил шансы в пользу его команды.</p>
<p>Травмы, отъезд игроков на Кубок африканских наций и дисквалификации Майкла Кина и Джека Грилиша усугубились проблемой с подколенным сухожилием у Тима Ироэгбунама, из-за чего число отсутствующих выросло до девяти.</p>
<p>Барри, единственный опытный игрок, которого он оставил в запасе, имел на своём счету 23 из 27 матчей за первую команду среди всех запасных, тогда как пятеро из шести представителей академии прежде вообще не появлялись на поле.</p>
<p>После того как Харрисон Армстронг пробил мимо в их первом и единственном опасном моменте первого тайма, «Сандерленд» захватил инициативу и к перерыву должен был вести с комфортным преимуществом.</p>
<p>Их первый же удар завершился голом — и каким.</p>
<p>«Эвертон» не справился с дальним вбрасыванием, и Элиэзер Майенда выложил мяч Ле Фе, который мягким ударом с правой ноги с лёта закрутил его мимо Джордана Пикфорда.</p>
<p>Мойес был мрачнее тучи, и его настроение не улучшилось, когда Пикфорд вытащил удар Норди Мукиеле через себя, а затем в полном прыжке перевёл на угловой дальний выстрел Ромена Мандла.</p>
<p>Удивительно, но главный тренер «Эвертона» не сделал единственную доступную ему перестановку и не пожертвовал одним из пяти полузащитников ради Барри в начале второго тайма, а команда не ожила до тех пор, пока менее чем за полчаса до конца Майенда не пробил низом по диагонали чуть мимо.</p>
<p>Апелляции Бету на пенальти после захвата за футболку со стороны Хьюма остались без внимания, однако арбитр Джон Брукс указал на точку, когда в штрафной упал Азну, и Гарнер сравнял счёт.</p>
<p>К несчастью для «Эвертона», в последующей серии пенальти их игрокам не хватило той же уверенности: сбивчивые разбеги Барри и Бету выглядели совсем неубедительно, а Рёфс отразил все три удара.</p>",,
best-pair-0068,44610-rus_Cyrl,"It's not a citrus.
It's nice.
You're having a good time.
Oh, yeah.
One more show to go.
And then my mom and I.
And I think Laura Lee and Ralston and Renee are gonna go to dinner, and I think we're gonna have Mexican.
Very excited.
I've been craving Mexican food since I got here.
So it's gonna hit the spot.","Это не цитрус.
Хорошо.
Ты отлично проводишь время.
О да.
Осталось ещё одно шоу.
А потом мы с мамой...
И, кажется, Laura Lee, Ralston и Renee пойдут ужинать, и, думаю, мы будем есть мексиканскую еду.
Я очень рада.
Мне с самого приезда сюда хотелось мексиканской еды.
Так что это будет то что надо.","Это не цитрус.
Хорошо.
Ты отлично проводишь время.
О да.
Осталось ещё одно шоу.
А потом мы с мамой...
И, кажется, Laura Lee, Ralston и Renee пойдут ужинать, и, кажется, мы будем есть мексиканскую еду.
Я очень рада.
Мне с самого приезда сюда хотелось мексиканской еды.
Так что это будет прямо то, что надо.",,
best-pair-0069,44608-rus_Cyrl,"<p>In a surprise Inspector Clouseau twist, I now have an extra thing to investigate for Spooky Kitties Sciences!<br>I was doing a quick scroll through the evenings secondary camera video, when I spotted a curious The Inspector standing on the trunk of the tree near the feeding station. Kept jumping around, finding him near where the magpies had been, so I initially suspect(edit) he was simply chasing them as they sometimes let him do, until I randomly chance stop... <br>#SpookyKittiesSciences</p>
<p>There Inspector Clouseau was, rolling around like crazing about 2 meters NE of the tree, mostly hidden by the unfortunate placement of the awnings east post. Still, there he was for 5 minutes, at which point he ran back up the tree, walked across the lawn to the hill, flattened himself at the bottom, and then ran off camera, presumably in the middle of The Zoomies.<br>2/<br>#SpookyKittiesSciences</p>
<p>Now, as some of my Spooky Kitties Sciences readers may know, the motivations behind that tests are not just to entertain the kitties. While the most important aspect is the genuine curiosity I had seeing the kitties rolling around in the snow, I really wanted to find something that The Inspector liked. I came out of the initial testing with only a single moment to hint that he liked something. What that was is still a mystery. <br>3/<br>#SpookyKittiesSciences</p>","<p>Вот это неожиданный поворот в стиле инспектора Клузо: теперь у меня есть ещё одна штука для расследования в рамках Жутко-Кошачьей Науки!<br>Я быстренько просматривал(а) вечернюю запись со второй камеры, когда заметил(а) любопытную картину: Инспектор стоял на стволе дерева рядом с кормушкой. Он всё время скакал туда-сюда, и я постоянно натыкался(ась) на него рядом с тем местом, где только что были сороки, так что сначала я решил(а) — поправка: заподозрил(а) — что он просто гоняется за ними, как они иногда ему позволяют, пока я совершенно случайно не остановил(а) видео... <br>#ЖуткоКошачьяНаука</p>
<p>И там был инспектор Клузо — катался по земле как сумасшедший примерно в двух метрах к северо-востоку от дерева, в основном скрытый из-за ужасно неудачно стоящего восточного столба навеса. Но всё же он возился там целых 5 минут, после чего снова взбежал на дерево, прошёл через лужайку к холму, припал внизу к земле, а потом умчался за пределы кадра — видимо, в самом разгаре тыгыдыка.<br>2/<br>#ЖуткоКошачьяНаука</p>
<p>Итак, как некоторые читатели моей Жутко-Кошачьей Науки, возможно, знают, смысл этих тестов не только в том, чтобы развлечь котиков. Хотя самый важный момент тут — моё искреннее любопытство после того, как я увидел(а), как котики катаются в снегу, мне очень хотелось найти что-то, что понравится Инспектору. После первых тестов у меня был только один-единственный момент, который намекал, что ему что-то зашло. Что именно — до сих пор загадка. <br>3/<br>#ЖуткоКошачьяНаука</p>","<p>Вот это неожиданный поворот в духе инспектора Клузо: теперь у меня есть ещё одна штука для расследования в рамках Жутко-Кошачьей Науки!<br>Я быстренько пролистывал(а) вечернее видео со второй камеры, когда заметил(а) любопытного Инспектора — он стоял на стволе дерева возле места кормёжки. Он всё время скакал туда-сюда, и я постоянно находил(а) его там, где до этого были сороки, так что сначала я подумал(а) (поправка), что он просто гонялся за ними, как они иногда ему позволяют, пока я случайно не остановил(а) видео... <br>#ЖуткоКошачьяНаука</p>
<p>И там был инспектор Клузо — катался по земле как сумасшедший примерно в двух метрах к северо-востоку от дерева, в основном скрытый из-за неудачно стоящего восточного столба навеса. Но всё же он возился там целых 5 минут, после чего снова взбежал на дерево, прошёл через лужайку к холму, припал внизу к земле, а потом унёсся из кадра, видимо, в самом разгаре бешеных тыгыдыков.<br>2/<br>#ЖуткоКошачьяНаука</p>
<p>Итак, как некоторые читатели моей Жутко-Кошачьей Науки, возможно, знают, смысл этих тестов не только в том, чтобы развлекать котиков. Хотя самое главное тут — моё искреннее любопытство после того, как я увидел(а), как котики катаются в снегу, мне очень хотелось найти что-то, что понравится Инспектору. После первых тестов у меня был только один-единственный момент, который намекал, что ему что-то зашло. Что именно — до сих пор загадка. <br>3/<br>#ЖуткоКошачьяНаука</p>",,
best-pair-0070,44680-rus_Cyrl,"I am waiting, professor.
Well, what do you see in my hand?
I see the hand of a of a charming young man.
Within the next few months Lord Arthur will go on a voyage.
Naturally, his honeymoon.
And lose a relative.
Well, we all lose relatives.
Sometimes I think they were created for the purpose.
Can you tell us any more?
No, Lady Clementine.
That's all I can say.","Я жду, профессор.
Ну, что вы видите у меня на ладони?
Я вижу руку очаровательного молодого человека.
В ближайшие несколько месяцев лорд Артур отправится в путешествие.
Разумеется, в свадебное.
И потеряет родственника.
Что ж, мы все теряем родственников.
Иногда мне кажется, что их именно для этого и создают.
Можете сказать нам ещё что-нибудь?
Нет, леди Клементина.
Это всё, что я могу сказать.","Я жду, профессор.
Ну, что вы видите у меня на руке?
Я вижу руку очаровательного молодого человека.
В ближайшие несколько месяцев лорд Артур отправится в путешествие.
Естественно, в свадебное.
И потеряет родственника.
Ну, мы все теряем родственников.
Иногда мне кажется, что их для того и создали.
Можете сказать нам что-нибудь ещё?
Нет, леди Клементина.
Это всё, что я могу сказать.",,
best-pair-0071,44643-rus_Cyrl,"Thank you, Malcolm.
Not at all, Mr. Dreiser.
Tell Paul I said goodbye.
I will.
What are you sniffling about, Theodore?
I'm not sniffling.
Look here, son, I'm tired of having you mope around because Paul's going away to school.
You should be happy that your brother's going to be a minister.
I am happy.","Спасибо, Малкольм.
Не за что, мистер Драйзер.
Передай Полу, что я попрощался.
Хорошо.
Ты чего носом шмыгаешь, Теодор?
Я не шмыгаю.
Послушай, сын, мне надоело смотреть, как ты ходишь мрачный из-за того, что Пол уезжает учиться.
Ты должен радоваться, что твой брат станет священником.
Я рад.","Спасибо, Малкольм.
Не за что, мистер Драйзер.
Передай Полу, что я с ним попрощался.
Передам.
Ты чего шмыгаешь носом, Теодор?
Я не шмыгаю.
Слушай, сын, мне надоело, что ты ходишь мрачнее тучи из-за того, что Пол уезжает учиться.
Ты должен радоваться, что твой брат станет священником.
Я рад.",,
best-pair-0072,44676-rus_Cyrl,"```json
{
  ""Captcha.Invitation"": ""We are receiving a high volume of automated requests from your region. Please check the checkbox to confirm that you’re not a robot."",
  ""Captcha.Retry"": ""Please check the checkbox to confirm that you’re not a robot."",
  ""CartPage.EmailMarketingConsent.agree"": ""Keep me up to date on news and exclusive offers"",
  ""CartPage.NextSteps.Shipping.description"": ""Select how the order will be shipped to you."",
  ""CartPage.Terms.General.Default.label.DE"": ""Terms & Conditions apply."",
  ""Checkout.Loyalty.Login.description"": ""To redeem previously earned Loyalty,"",
  ""Checkout.Loyalty.Redeem.notice.fail"": ""Something went wrong, and Loyalty couldn’t be redeemed for this order. Please refresh the page and try again."",
  ""Checkout.Loyalty.Redeem.notice.success"": ""You have redeemed Loyalty and got {{redeemAmount}} off for this order."",
  ""Checkout.Shipping.ConflictingProducts.error_with_carts_description"": ""But you can purchase everything that you have chosen if you split your shopping cart content and order each set of items separately. Here’s an example of how you can split your cart into multiple orders:"",
  ""Notice.TrackingConsent.description_new"": ""We use cookies and similar technologies to remember your preferences and keep you logged in (“essential” cookies); to measure effectiveness of our campaigns and analyze depersonalized data to improve performance of our site (“non-essential” cookies). By choosing “Accept All Cookies”, you consent to the use of all the cookies. To set up your cookie preferences, click “Cookie Settings”. You can change your cookie preferences anytime in My Account → Cookie consent or at the bottom of the site."",
  ""OnePageCatalog.Categories.ViewMore.subtitle"": ""Shop More Categories"",
  ""ProductFilters.no_products_matching"": ""No products match selected filters. Try adjusting filters to widen your search."",
  ""ProductSearch.Page.no_matches"": ""Nothing found. Please try a different search."",
  ""ResetPassword.we_will_email_you"": ""We’ll send a password reset link to this email."",
  ""SignInPage.PanelText.valid"": ""Track your orders, checkout faster, and sync your favorites. Just enter your email and we’ll send you a special link that will sign you in instantly."",
  ""Subscribe.Unsuccessful.description"": ""This might have happened because you followed an outdated link or the subscription service is temporarily unavailable."",
  ""Unsubscribe.Unsuccessful.description"": ""Something went wrong, failed to unsubscribe. Please try again or change your email preferences on your account page."",
  ""SignInPage.EnterCodeCard.NoEmailGuide.description"": ""Didn’t get the email?"",
  ""SignInPage.EnterCodeCard.NoEmailGuide.Step3.description"": ""Email delivery might take some time. Please wait a moment after sending."",
  ""ReviewsSection.ReviewForm.Submit.Terms.note"": ""By clicking the button, you agree to show your name and first letter of surname, country, and city in the review and accept"",
  ""Notice.Reviews.Submitted"": ""Thank you for your review. Once checked, it will be published in the store."",
  ""Confirmation.XE.Summary.LoyaltyStoreCreditGiftCard.PaymentStatus.label"": ""Order is fully covered by applied Loyalty, store credit, and gift card"",
  ""Confirmation.XE.Summary.StoreCredit.PhysicalStore.notice"": ""You can redeem the store credit at the checkout of the physical store"",
  ""Checkout.StoreCredit.Redeem.notice.fail"": ""Something went wrong, and store credit couldn’t be applied to this order. Please refresh the page and try again."",
  ""CartPage.LoyaltyStoreCredit.PaymentInfo.notice"": ""No payment required. Order fully covered by applied Loyalty and store credit."",
  ""Stripe.Payment.Checkout.MinimumSubtotal.error"": ""Minimum order subtotal is {{limit}}."",
  ""Stripe.Payment.Checkout.SubtotalExceeds.error"": ""Order subtotal cannot exceed {{limit}}."",
  ""Stripe.Payment.Checkout.MinimumOrder.AddItems.error"": ""Please add some more items to your bag.""
}
```","{""Captcha.Invitation"":""Мы получаем большое количество автоматических запросов из вашего региона. Пожалуйста, установите флажок, чтобы подтвердить, что вы не робот."",""Captcha.Retry"":""Пожалуйста, установите флажок, чтобы подтвердить, что вы не робот."",""CartPage.EmailMarketingConsent.agree"":""Сообщать мне о новостях и эксклюзивных предложениях"",""CartPage.NextSteps.Shipping.description"":""Выберите способ доставки вашего заказа."",""CartPage.Terms.General.Default.label.DE"":""Применяются Условия и положения."",""Checkout.Loyalty.Login.description"":""Чтобы использовать ранее накопленные бонусы лояльности,"",""Checkout.Loyalty.Redeem.notice.fail"":""Что-то пошло не так, и бонусы лояльности не удалось применить к этому заказу. Пожалуйста, обновите страницу и попробуйте снова."",""Checkout.Loyalty.Redeem.notice.success"":""Вы использовали бонусы лояльности и получили скидку {{redeemAmount}} на этот заказ."",""Checkout.Shipping.ConflictingProducts.error_with_carts_description"":""Однако вы можете купить всё, что выбрали, если разделите содержимое корзины и оформите каждый набор товаров отдельным заказом. Вот пример того, как можно разделить корзину на несколько заказов:"",""Notice.TrackingConsent.description_new"":""Мы используем файлы cookie и аналогичные технологии, чтобы запоминать ваши предпочтения и сохранять ваш вход в систему («обязательные» файлы cookie), а также измерять эффективность наших кампаний и анализировать обезличенные данные для улучшения работы сайта («необязательные» файлы cookie). Выбирая «Принять все файлы cookie», вы соглашаетесь на использование всех файлов cookie. Чтобы настроить параметры файлов cookie, нажмите «Настройки файлов cookie». Вы можете изменить свои настройки файлов cookie в любое время в разделе «Моя учётная запись» → «Согласие на использование cookie» или внизу сайта."",""OnePageCatalog.Categories.ViewMore.subtitle"":""Покупайте в других категориях"",""ProductFilters.no_products_matching"":""Нет товаров, соответствующих выбранным фильтрам. Попробуйте изменить фильтры, чтобы расширить поиск."",""ProductSearch.Page.no_matches"":""Ничего не найдено. Попробуйте изменить поисковый запрос."",""ResetPassword.we_will_email_you"":""Мы отправим ссылку для сброса пароля на этот адрес электронной почты."",""SignInPage.PanelText.valid"":""Отслеживайте свои заказы, оформляйте покупки быстрее и синхронизируйте избранное. Просто введите свой email, и мы отправим вам специальную ссылку для мгновенного входа."",""Subscribe.Unsuccessful.description"":""Это могло произойти, если вы перешли по устаревшей ссылке или сервис подписки временно недоступен."",""Unsubscribe.Unsuccessful.description"":""Что-то пошло не так: не удалось отменить подписку. Пожалуйста, попробуйте ещё раз или измените настройки email-рассылки на странице своей учётной записи."",""SignInPage.EnterCodeCard.NoEmailGuide.description"":""Не получили письмо?"",""SignInPage.EnterCodeCard.NoEmailGuide.Step3.description"":""Доставка письма может занять некоторое время. Пожалуйста, немного подождите после отправки."",""ReviewsSection.ReviewForm.Submit.Terms.note"":""Нажимая кнопку, вы соглашаетесь на отображение в отзыве вашего имени, первой буквы фамилии, страны и города, а также принимаете"",""Notice.Reviews.Submitted"":""Спасибо за ваш отзыв. После проверки он будет опубликован в магазине."",""Confirmation.XE.Summary.LoyaltyStoreCreditGiftCard.PaymentStatus.label"":""Заказ полностью оплачен применёнными бонусами лояльности, кредитом магазина и подарочной картой"",""Confirmation.XE.Summary.StoreCredit.PhysicalStore.notice"":""Вы можете использовать кредит магазина при оплате в физическом магазине"",""Checkout.StoreCredit.Redeem.notice.fail"":""Что-то пошло не так, и кредит магазина не удалось применить к этому заказу. Пожалуйста, обновите страницу и попробуйте снова."",""CartPage.LoyaltyStoreCredit.PaymentInfo.notice"":""Оплата не требуется. Заказ полностью покрыт применёнными бонусами лояльности и кредитом магазина."",""Stripe.Payment.Checkout.MinimumSubtotal.error"":""Минимальная сумма заказа составляет {{limit}}."",""Stripe.Payment.Checkout.SubtotalExceeds.error"":""Сумма заказа не может превышать {{limit}}."",""Stripe.Payment.Checkout.MinimumOrder.AddItems.error"":""Пожалуйста, добавьте в корзину ещё несколько товаров.""}","{""Captcha.Invitation"":""Мы получаем большое количество автоматических запросов из вашего региона. Пожалуйста, установите флажок, чтобы подтвердить, что вы не робот."",""Captcha.Retry"":""Пожалуйста, установите флажок, чтобы подтвердить, что вы не робот."",""CartPage.EmailMarketingConsent.agree"":""Сообщать мне о новостях и эксклюзивных предложениях"",""CartPage.NextSteps.Shipping.description"":""Выберите способ доставки заказа."",""CartPage.Terms.General.Default.label.DE"":""Применяются Условия и положения."",""Checkout.Loyalty.Login.description"":""Чтобы использовать ранее накопленные бонусы лояльности,"",""Checkout.Loyalty.Redeem.notice.fail"":""Что-то пошло не так, и бонусы лояльности не удалось применить к этому заказу. Пожалуйста, обновите страницу и попробуйте снова."",""Checkout.Loyalty.Redeem.notice.success"":""Вы использовали бонусы лояльности и получили скидку {{redeemAmount}} на этот заказ."",""Checkout.Shipping.ConflictingProducts.error_with_carts_description"":""Однако вы можете купить всё выбранное, если разделите содержимое корзины и оформите каждый набор товаров отдельным заказом. Вот пример того, как можно разделить корзину на несколько заказов:"",""Notice.TrackingConsent.description_new"":""Мы используем файлы cookie и аналогичные технологии, чтобы запоминать ваши предпочтения и сохранять ваш вход в систему («обязательные» файлы cookie), а также измерять эффективность наших кампаний и анализировать обезличенные данные для улучшения работы нашего сайта («необязательные» файлы cookie). Выбирая «Принять все файлы cookie», вы соглашаетесь на использование всех файлов cookie. Чтобы настроить параметры файлов cookie, нажмите «Настройки файлов cookie». Вы можете изменить свои настройки файлов cookie в любое время в разделе «Моя учётная запись» → «Согласие на использование файлов cookie» или внизу сайта."",""OnePageCatalog.Categories.ViewMore.subtitle"":""Покупайте товары из других категорий"",""ProductFilters.no_products_matching"":""Нет товаров, соответствующих выбранным фильтрам. Попробуйте изменить фильтры, чтобы расширить поиск."",""ProductSearch.Page.no_matches"":""Ничего не найдено. Попробуйте изменить поисковый запрос."",""ResetPassword.we_will_email_you"":""Мы отправим ссылку для сброса пароля на этот адрес электронной почты."",""SignInPage.PanelText.valid"":""Отслеживайте свои заказы, оформляйте покупки быстрее и синхронизируйте избранное. Просто введите свой email, и мы отправим вам специальную ссылку для мгновенного входа."",""Subscribe.Unsuccessful.description"":""Это могло произойти, если вы перешли по устаревшей ссылке или сервис подписки временно недоступен."",""Unsubscribe.Unsuccessful.description"":""Что-то пошло не так, и отменить подписку не удалось. Пожалуйста, попробуйте ещё раз или измените настройки email-рассылки на странице своей учётной записи."",""SignInPage.EnterCodeCard.NoEmailGuide.description"":""Не получили письмо?"",""SignInPage.EnterCodeCard.NoEmailGuide.Step3.description"":""Доставка письма может занять некоторое время. Пожалуйста, немного подождите после отправки."",""ReviewsSection.ReviewForm.Submit.Terms.note"":""Нажимая кнопку, вы соглашаетесь на отображение в отзыве вашего имени, первой буквы фамилии, страны и города, а также принимаете"",""Notice.Reviews.Submitted"":""Спасибо за ваш отзыв. После проверки он будет опубликован в магазине."",""Confirmation.XE.Summary.LoyaltyStoreCreditGiftCard.PaymentStatus.label"":""Заказ полностью оплачен применёнными бонусами лояльности, кредитом магазина и подарочной картой"",""Confirmation.XE.Summary.StoreCredit.PhysicalStore.notice"":""Вы можете использовать кредит магазина при оплате в физическом магазине"",""Checkout.StoreCredit.Redeem.notice.fail"":""Что-то пошло не так, и кредит магазина не удалось применить к этому заказу. Пожалуйста, обновите страницу и попробуйте снова."",""CartPage.LoyaltyStoreCredit.PaymentInfo.notice"":""Оплата не требуется. Заказ полностью оплачен применёнными бонусами лояльности и кредитом магазина."",""Stripe.Payment.Checkout.MinimumSubtotal.error"":""Минимальная сумма заказа составляет {{limit}}."",""Stripe.Payment.Checkout.SubtotalExceeds.error"":""Сумма заказа не может превышать {{limit}}."",""Stripe.Payment.Checkout.MinimumOrder.AddItems.error"":""Пожалуйста, добавьте в корзину ещё несколько товаров.""}",,
best-pair-0073,44792-rus_Cyrl,"<p>$partner has a video consult with Ikea to quote for a fitted kitchen. It's a fascinating glimpse into the ecosystem of online services for boomers.<br>1. They send link for video consult, three weeks ago. It uses Ikea's proprietary videoconf solution<br>2. They request the designs &amp; 3D renders for the new kitchen<br>3. they send an email saying ""thanks for sending through the design<br>4. We dial in today, they start the call with ""our system blocked your files, let's design your kitchen together""<br>1/x</p>
<p>5. Partner asks if there's any way to share the (very detailed, took us like a full man week to put together) designs, but the Ikea salesdrone is on a script, and isn't having a bar of it.<br>6. The next step in the script is ""laboriously do the design from scratch over the phone with the client, hunting and pecking on the keyboard and not fast using the UI of their design software""<br>2/x</p>
<p>7. They cannot share their screen, so it's a clown show of repeated misunderstanding about which part of which image is being referred to</p>
<p>8. the clock has just ticked past what should have been the full consult, and they're 35% the way thru getting the required measurements.</p>
<p>9. So far there's been literally 8 minutes of salesdrone laboriously inputting the measurements supplied</p>","<p>У $partner видеоконсультация с Ikea, чтобы прикинуть цену на встроенную кухню. Это просто офигенно показательный взгляд на экосистему онлайн-сервисов для бумеров.<br>1. Они присылают ссылку на видеоконсультацию, три недели назад. Там используется собственное решение Ikea для видеосвязи<br>2. Они просят прислать планы и 3D-рендеры новой кухни<br>3. Они отправляют письмо: «спасибо, что прислали дизайн<br>4. Мы созваниваемся сегодня, и они начинают звонок с: «наша система заблокировала ваши файлы, давайте спроектируем вашу кухню вместе»<br>1/x</p>
<p>5. Партнёр спрашивает, можно ли как-нибудь показать эти (очень подробные, у нас ушла где-то целая человеко-неделя, чтобы их собрать) планы, но продаван из Ikea прёт по скрипту и вообще ни в какую.<br>6. Следующий шаг по скрипту — «мучительно делать дизайн с нуля по телефону вместе с клиентом, тыкая одним пальцем в клавиатуру и ужасно медленно пользуясь интерфейсом их софта для проектирования»<br>2/x</p>
<p>7. Они не могут показать экран, так что это просто цирк с постоянными недопониманиями насчёт того, о какой части какой картинки вообще идёт речь</p>
<p>8. Часы только что перевалили за то время, которое и должно было занять всю консультацию, а они прошли только 35% пути до того, чтобы снять все нужные размеры.</p>
<p>9. Пока что было буквально 8 минут, как продаван мучительно вбивал предоставленные размеры</p>","<p>У $partner видеоконсультация с Ikea, чтобы посчитали встроенную кухню. Это просто потрясающий взгляд на экосистему онлайн-сервисов для бумеров.<br>1. Три недели назад присылают ссылку на видеоконсультацию. Она работает на собственной платформе видеосвязи Ikea<br>2. Просят прислать чертежи и 3D-рендеры новой кухни<br>3. Потом приходит письмо: «спасибо, что отправили дизайн<br>4. Сегодня созваниваемся, и они начинают разговор с: «наша система заблокировала ваши файлы, давайте спроектируем вашу кухню вместе»<br>1/x</p>
<p>5. Партнёр спрашивает, можно ли как-то всё же показать эти чертежи (очень подробные, мы на них угрохали буквально целую человеко-неделю), но икеевский продажник жёстко сидит на скрипте и вообще не собирается от него отходить.<br>6. Следующий пункт скрипта — «мучительно проектировать кухню с нуля по телефону вместе с клиентом, одним пальцем тыкая по клавиатуре и очень медленно ковыряясь в интерфейсе их программы для дизайна»<br>2/x</p>
<p>7. Экран они шарить не могут, так что всё превращается в какой-то цирк с постоянными недопониманиями о том, какая именно часть какой картинки имеется в виду</p>
<p>8. Время уже перевалило за тот момент, когда консультация вообще-то должна была бы уже закончиться, а они только на 35% продвинулись в сборе нужных замеров.</p>
<p>9. Пока что буквально 8 минут ушло просто на то, как этот продажник мучительно вбивал присланные размеры</p>",,
best-pair-0074,44628-rus_Cyrl,"Oh, oh, they stopped playing.
What do you mean?
The music has stopped?
What are you saying?
I hear it.
Oh, and it's so beautiful.
How can you hear the music?
You see, they're putting away their instruments.
Oh.
You heard them playing.
Well.
Darling, do you hear things?
Sybil, this is our music played at our engagement party.
I think I'll hear it for the rest of my life.","Ой, ой, они перестали играть.
Что ты имеешь в виду?
Музыка смолкла?
Что ты такое говоришь?
А я её слышу.
О, и она такая прекрасная.
Как ты можешь слышать музыку?
Видишь, они уже убирают инструменты.
О.
Но ты же слышала, как они играли.
Ну.
Дорогая, тебе не чудится?
Сибил, это наша музыка, та самая, что играла на вечере нашей помолвки.
Думаю, я буду слышать её всю оставшуюся жизнь.","Ой, они перестали играть.
Что ты имеешь в виду?
Музыка закончилась?
Что ты такое говоришь?
А я её слышу.
О, и она такая прекрасная.
Как ты можешь слышать музыку?
Видишь, они уже убирают свои инструменты.
О.
Но ты же слышала, как они играли.
Ну.
Дорогая, тебе это мерещится?
Сибил, это наша музыка, та самая, что играла на нашей помолвке.
Думаю, я буду слышать её всю оставшуюся жизнь.",,
best-pair-0075,44694-rus_Cyrl,"<p>I expected to love Project Hail Mary, I LOVED Project Hail Mary, it also destroyed me in a particularly unique way as the wife of a science teacher after a year of watching all science teaching be relentlessly attacked and defunded. People love this movie, which I'm sure will be a success, and they hate my wife's work and destroy her programs and want us to lose our careers. How is it possible for all this to be true at once.</p>
<p>She left at 7am to go teach the hands on labs that she teaches where they handle cells, where they've increased class sizes and reduced TAs, she spends more contact hours with students in lab basements than any other class on the campus. She created a program for community college transfer students to get funded jobs in labs, opening up STEM pathways for those who never would've gotten the chance. For all her above and beyond work she's demonized as ""doing DEI in science"" which they call illegal</p>
<p>But you know, I guess if she were a white male software engineer writing fanfic about science teaching.... she'd be safe.</p>
<p>@grimalkina the same roots are already in Hail Mary tbh. I like Andy Weir a lot and I don't think he meant it, but the whole ""bureaucracy and cooperation are truly the barrier to getting things done, and when shit hits the fan we get a powerful anti-bureaucrat to forego diplomacy and strongarm everyone into doing the project, ethics or what the participants want be damned"" struck me as a very American individualism power fantasy, and I would guess an American wrote it if I didn't know</p>
<p>@jcachada @grimalkina <br>For what it's worth, the book contains this passage that didn't make it to the movie.<br>---<br>“I’m curious,” I say to Stratt. “Once we launch Hail Mary. What will you do then?” <br>“Me?” she said. “Doesn’t matter. Once the Hail Mary launches, my authority ends. I’ll probably be put on trial by a bunch of pissed-off governments for abuse of power. Might spend the rest of my life in jail.” <br>“I’ll be in the cell next to you,” said Leclerc. <br>“Are you at all concerned about that?”<br>She shrugged. “We all have to make sacrifices. If I have to be the world’s whipping boy to secure our salvation, then that’s my sacrifice to make.”<br>---<br>Is she better or worse if she thinks she's sacrificing herself?</p>","<p>Я ожидала, что мне понравится «Проект “Аве Мария”», мне ОЧЕНЬ понравился «Проект “Аве Мария”», но он ещё и особенно больно меня добил — как жену преподавательницы естественных наук — после года, когда я смотрела, как всё преподавание науки безжалостно атакуют и лишают финансирования. Люди обожают этот фильм, и я уверена, он будет успешным, а работу моей жены они ненавидят, разрушают её программы и хотят, чтобы мы лишились своих карьер. Как вообще возможно, что всё это правда одновременно.</p>
<p>Она ушла в 7 утра преподавать практические лабораторные, которые ведёт, где студенты работают с клетками; там увеличили размеры групп и сократили ассистентов, и она проводит со студентами в подвальных лабораториях больше контактных часов, чем любой другой курс в кампусе. Она создала программу, чтобы студенты, переводящиеся из комьюнити-колледжей, могли получать оплачиваемую работу в лабораториях, открывая путь в STEM тем, у кого иначе никогда бы не было такого шанса. И за всю эту работу сверх меры её демонизируют за то, что она якобы «протаскивает DEI в науку», что они называют незаконным</p>
<p>Но знаете, думаю, если бы она была белым мужчиной-программистом, который пишет фанфики о преподавании науки.... она была бы в безопасности.</p>
<p>@grimalkina если честно, те же корни уже есть и в «Аве Марии». Мне очень нравится Энди Вейр, и я не думаю, что он это специально, но вся эта идея, что «бюрократия и сотрудничество на самом деле мешают делать дело, а когда всё летит к чертям, появляется могущественный антибюрократ, который забивает на дипломатию и силой заставляет всех делать проект, и плевать на этику и на то, чего хотят участники», показалась мне очень американской фантазией о силе индивидуализма, и если бы я не знала, то решила бы, что это написал американец</p>
<p>@jcachada @grimalkina <br>Если что, в книге есть вот такой фрагмент, который не попал в фильм.<br>---<br>— Мне любопытно, — говорю я Стратт. — Когда «Аве Мария» запустится. Что вы будете делать потом? <br>— Я? — сказала она. — Неважно. Как только «Аве Мария» стартует, мои полномочия заканчиваются. Скорее всего, меня будут судить куча взбешённых правительств за злоупотребление властью. Возможно, я проведу остаток жизни в тюрьме. <br>— Я буду в камере рядом с вами, — сказал Леклерк. <br>— Вас это совсем не беспокоит?<br>Она пожала плечами. — Всем нам приходится чем-то жертвовать. Если ради нашего спасения мне придётся стать для всего мира мальчиком для битья, значит, это и есть моя жертва.<br>---<br>Она лучше или хуже, если считает, что жертвует собой?</p>","<p>Я ожидала, что влюблюсь в «Проект “Аве Мария”», и я правда в него ВЛЮБИЛАСЬ, но он ещё и разбил меня каким-то совсем особенным образом — как жену преподавательницы естественных наук — после года, в течение которого я наблюдала, как преподавание науки без конца атакуют и лишают финансирования. Люди любят этот фильм, и я уверена, что он станет хитом, но при этом они ненавидят работу моей жены, уничтожают её программы и хотят, чтобы мы лишились профессии. Как вообще может быть, что всё это одновременно правда.</p>
<p>Она ушла в 7 утра вести свои практические лабораторные, где студенты работают руками и имеют дело с клетками; там увеличили группы и сократили ассистентов, и в итоге она проводит со студентами в подвальных лабораториях больше аудиторных часов, чем кто-либо ещё на кампусе. Она создала программу, благодаря которой студенты, переводящиеся из комьюнити-колледжей, могут получить оплачиваемую работу в лабораториях, открывая дорогу в STEM тем, у кого иначе никогда не было бы такого шанса. И за всю эту работу сверх всякой меры её демонизируют как человека, который «тащит DEI в науку», что они вообще-то называют незаконным</p>
<p>Но да, наверное, если бы она была белым мужчиной-инженером-программистом, который пишет фанфики о преподавании науки.... тогда она была бы в безопасности.</p>
<p>@grimalkina если честно, те же самые корни уже есть и в «Аве Марии». Мне очень нравится Энди Вейр, и я не думаю, что он это закладывал намеренно, но вся эта конструкция — что «бюрократия и сотрудничество на самом деле только мешают делать дело, а когда всё летит в тартарары, появляется мощный антибюрократ, который забивает на дипломатию и продавляет проект силой, и к чёрту этику и желания участников» — показалась мне очень американской фантазией о всемогуществе индивидуализма; если бы я не знала автора, я бы и так догадалась, что это написал американец</p>
<p>@jcachada @grimalkina <br>Если уж на то пошло, в книге есть вот этот фрагмент, который в фильм не попал.<br>---<br>— Мне любопытно, — говорю я Стратт. — Когда «Аве Мария» будет запущена, что вы станете делать потом? <br>— Я? — сказала она. — Неважно. Как только «Аве Мария» стартует, мои полномочия закончатся. Скорее всего, меня будут судить правительства, которых я привела в бешенство, за злоупотребление властью. Может, я проведу остаток жизни в тюрьме. <br>— Я буду в камере рядом с вами, — сказал Леклерк. <br>— Вас это совсем не тревожит?<br>Она пожала плечами. — Всем нам приходится чем-то жертвовать. Если, чтобы обеспечить наше спасение, мне придётся стать для мира козлом отпущения, значит, это и есть та жертва, которую должна принести я.<br>---<br>Она лучше или хуже, если считает, что жертвует собой?</p>",,
best-pair-0076,44724-rus_Cyrl,"How amazing is this lighting?
Check this out.
Pretty nice, huh?
So it's about 5 p.m. now.
We're done with patient collection for the day.
We managed to get a lot of work done, so I'm really happy about that.
I'm gonna start heading home because I have a ten minute presentation tomorrow and I haven't started getting ready for that.
So definitely going to need a little bit of time.","Какой здесь потрясающий свет?
Смотрите.
Классно, да?
Сейчас примерно пять вечера.
На сегодня мы уже закончили с приёмом пациентов.
Мы успели сделать очень много, и я этому правда очень рад.
Потихоньку поеду домой, потому что завтра у меня десятиминутная презентация, а я ещё даже не начинал к ней готовиться.
Так что мне точно понадобится немного времени.","Какое потрясающее здесь освещение?
Смотри-ка.
Довольно классно, а?
Сейчас около пяти вечера.
На сегодня мы закончили с приёмом пациентов.
Нам удалось сделать много работы, так что я очень этому рад.
Я, наверное, уже поеду домой, потому что завтра у меня десятиминутная презентация, а я ещё даже не начал к ней готовиться.
Так что мне точно понадобится немного времени.",,
best-pair-0077,44773-rus_Cyrl,"Where is he, Bill?
Out there.
Don't you girls back down tonight?
We got a surprise for you.
That sounds exciting.
Tommy, just you wait and see.
Hello?
Hello.
Hello, Jim.
They told me it was somebody about the hall for tonight.
You don't think they'd let me in the kitchen if they knew I was organizing the strike, do you?
You're pretty smart, aren't you?
Can you get away?
Yes.
Give me one minute to change my dress.","Где он, Билл?
Вон там.
Девочки, вы ведь не отступитесь сегодня вечером?
У нас для вас сюрприз.
Звучит интригующе.
Томми, ты погоди, сам увидишь.
Алло?
Алло.
Здравствуй, Джим.
Мне сказали, что это кто-то насчёт зала на сегодняшний вечер.
Ты же не думаешь, что меня пустили бы на кухню, если бы знали, что я организую забастовку?
А ты довольно сообразительный, да?
Сможешь уйти?
Да.
Дай мне минутку переодеться.","Где он, Билл?
Вон там.
Девочки, вы же не отступите сегодня вечером?
У нас для вас сюрприз.
Звучит заманчиво.
Томми, ты только подожди — сам увидишь.
Алло?
Алло.
Привет, Джим.
Мне сказали, что это кто-то насчёт зала на сегодняшний вечер.
Ты ведь не думаешь, что меня пустили бы на кухню, если бы знали, что я организую забастовку?
А ты довольно умный, да?
Сможешь выбраться?
Да.
Дай мне минутку переодеться.",,
best-pair-0078,44774-rus_Cyrl,"Melody, what has come over you?
You are not my mother.
Just stop it and go.
It's fine, it's fine.
Whatever.
And next time you knock, I get to come in before you come in.
What have I done wrong?","Мелоди, что на тебя нашло?
Ты мне не мать.
Да прекрати уже и уйди.
Всё нормально, всё нормально.
Да как хочешь.
И в следующий раз, когда постучишь, я войду раньше, чем ты.
Что я сделал не так?","Мелоди, что это на тебя нашло?
Ты мне не мать.
Просто прекрати и уйди.
Всё в порядке, всё в порядке.
Да без разницы.
И в следующий раз, когда постучишь, я войду раньше, чем ты.
Что я сделал не так?",,
best-pair-0079,44682-rus_Cyrl,"Nevada, the Silver State.
Yay!
Hey, honey.
We'll be there in about an hour.
Try to have a good attitude, honey.
So what's the plan with grandma?
I don't know.
Selling the ranch?
I don't know, but I don't see any other options.
I think she'll move and come live with us in LA.
I doubt it.
She likes the country.","Невада, Серебряный штат.
Ура!
Привет, милая.
Мы будем там примерно через час.
Постарайся быть в хорошем настроении, милая.
Так какой план насчёт бабушки?
Не знаю.
Продать ранчо?
Не знаю, но других вариантов я не вижу.
Думаю, она переедет и будет жить с нами в Лос-Анджелесе.
Сомневаюсь.
Ей нравится загородная жизнь.","Невада, Серебряный штат.
Ура!
Привет, милая.
Мы будем там примерно через час.
Постарайся не раскисать, милая.
Ну так что будем делать с бабушкой?
Не знаю.
Продадим ранчо?
Не знаю, но других вариантов я не вижу.
Думаю, она переедет и будет жить с нами в Лос-Анджелесе.
Сомневаюсь.
Ей нравится деревенская жизнь.",,
best-pair-0080,44769-rus_Cyrl,"All right, I'm gonna be over here making pasta.
With, like, I don't know if it's gonna work.
The way you do it is.
Wait, what are you doing?
I'm doing it.
I don't like.
It.
This is how you do it.
I've watched.
Guys.
This is.
Nothing's gonna go wrong.
You're gonna take a clump of flour, a little bit of salt, mix it around, you're gonna make a little well in the middle, and that's where you're gonna pour a touch of olive oil.
But mainly like an egg's worth of the liquid aquafaba.","Ладно, я тут буду делать пасту.
Правда, типа, не знаю, получится ли.
Делается это вот так.
Подожди, ты что делаешь?
Я делаю.
Мне не нравится.
Это.
Вот так это делается.
Я видел.
Ребята.
Вот.
Ничего плохого не случится.
Берёте кучку муки, немного соли, всё перемешиваете, делаете в середине небольшое углубление и туда наливаете капельку оливкового масла.
Но главное — примерно одно яйцо по объёму жидкости aquafaba.","Ладно, я буду тут делать пасту.
Хотя, типа, не знаю, получится ли это.
Делается это так.
Подожди, ты что делаешь?
Я делаю.
Мне не нравится.
Это.
Вот так это и делается.
Я видел.
Ребята.
Вот.
Ничего не пойдёт не так.
Берёте комок муки, немного соли, перемешиваете, делаете небольшое углубление посередине, и туда наливаете чуть-чуть оливкового масла.
Но в основном примерно одно яйцо по объёму жидкости aquafaba.",,
best-pair-0081,44742-rus_Cyrl,"```json
{
  ""general.duration.years"": ""{{count}} year"",
  ""general.content_type.ask_me_anything_call_to_action"": ""AMA"",
  ""general.content_type.wall_post"": ""wall post"",
  ""general.content_type.picture_set"": ""picture set"",
  ""general.total_minute"": ""{{count}} minute"",
  ""general.no_business_links"": ""Promotional links aren't allowed in {{content_type}}. Please add them to your {{link_tag_start}}Websites{{link_tag_end}} section instead."",
  ""general.error"": ""Something went wrong, please try again later"",
  ""nav.close_account_menu"": ""Close Account Menu"",
  ""nav.post"": ""Post"",
  ""nav.contribute"": ""Contribute"",
  ""nav.search_placeholder"": ""Search community"",
  ""nav.writings"": ""Writings"",
  ""nav.more_menu.about_company.meet_the_team"": ""Meet the Team"",
  ""nav.more_menu.about_company.advertising"": ""Advertising"",
  ""nav.more_menu.about_company.careers"": ""Careers"",
  ""nav.more_menu.community_trust_safety.content_guidelines"": ""Rules & Policies"",
  ""nav.more_menu.community_trust_safety.bug_bounty"": ""Bug Bounty"",
  ""nav.more_menu.legalese_privacy.label"": ""Privacy & Legal"",
  ""nav.more_menu.legalese_privacy.privacy_policy"": ""Privacy Policy"",
  ""nav.more_menu.legalese_privacy.exempt"": ""2257 Exempt"",
  ""nav.create_menu.post_writing"": ""Post Writing"",
  ""nav.create_menu.organize_event"": ""Organize Event"",
  ""nav.create_menu.create_collection"": ""Create Writing Collection"",
  ""nav.create_menu.create_community_list"": ""Create Community List"",
  ""nav.create_menu.start_group"": ""Start Group"",
  ""sidebar.about_company"": ""Meet the Team"",
  ""sidebar.add_account.switch_button"": ""Switch to another account"",
  ""sidebar.advertising_statistics"": ""Advertising Statistics"",
  ""sidebar.ask_me_anything"": ""Ask Me Anything"",
  ""sidebar.bug_bounty"": ""Security Bug Bounty"",
  ""sidebar.city_guides"": ""City Guides"",
  ""sidebar.content_guidelines"": ""Rules & Policies"",
  ""sidebar.display_preferences.theme_light"": ""Light Theme"",
  ""sidebar.display_preferences.theme_system"": ""System Theme"",
  ""sidebar.invites"": ""Invites"",
  ""sidebar.support"": ""Support us""
}
```","{""general.duration.years"":""{{count}} год"",""general.content_type.ask_me_anything_call_to_action"":""AMA"",""general.content_type.wall_post"":""публикация на стене"",""general.content_type.picture_set"":""набор изображений"",""general.total_minute"":""{{count}} минута"",""general.no_business_links"":""Рекламные ссылки не допускаются в {{content_type}}. Пожалуйста, добавьте их вместо этого в раздел {{link_tag_start}}Websites{{link_tag_end}}."",""general.error"":""Что-то пошло не так. Пожалуйста, попробуйте позже"",""nav.close_account_menu"":""Закрыть меню аккаунта"",""nav.post"":""Опубликовать"",""nav.contribute"":""Внести вклад"",""nav.search_placeholder"":""Поиск по сообществу"",""nav.writings"":""Публикации"",""nav.more_menu.about_company.meet_the_team"":""Наша команда"",""nav.more_menu.about_company.advertising"":""Реклама"",""nav.more_menu.about_company.careers"":""Вакансии"",""nav.more_menu.community_trust_safety.content_guidelines"":""Правила и политики"",""nav.more_menu.community_trust_safety.bug_bounty"":""Программа Bug Bounty"",""nav.more_menu.legalese_privacy.label"":""Конфиденциальность и правовая информация"",""nav.more_menu.legalese_privacy.privacy_policy"":""Политика конфиденциальности"",""nav.more_menu.legalese_privacy.exempt"":""Освобождение 2257"",""nav.create_menu.post_writing"":""Опубликовать текст"",""nav.create_menu.organize_event"":""Организовать мероприятие"",""nav.create_menu.create_collection"":""Создать коллекцию текстов"",""nav.create_menu.create_community_list"":""Создать список сообществ"",""nav.create_menu.start_group"":""Создать группу"",""sidebar.about_company"":""Наша команда"",""sidebar.add_account.switch_button"":""Переключиться на другой аккаунт"",""sidebar.advertising_statistics"":""Статистика рекламы"",""sidebar.ask_me_anything"":""Спроси меня о чём угодно"",""sidebar.bug_bounty"":""Программа вознаграждений за найденные уязвимости"",""sidebar.city_guides"":""Путеводители по городам"",""sidebar.content_guidelines"":""Правила и политики"",""sidebar.display_preferences.theme_light"":""Светлая тема"",""sidebar.display_preferences.theme_system"":""Системная тема"",""sidebar.invites"":""Приглашения"",""sidebar.support"":""Поддержать нас""}","{""general.duration.years"":""{{count}} год"",""general.content_type.ask_me_anything_call_to_action"":""AMA"",""general.content_type.wall_post"":""публикация на стене"",""general.content_type.picture_set"":""набор изображений"",""general.total_minute"":""{{count}} минута"",""general.no_business_links"":""Рекламные ссылки не разрешены в {{content_type}}. Пожалуйста, добавьте их вместо этого в раздел {{link_tag_start}}Веб-сайты{{link_tag_end}}."",""general.error"":""Что-то пошло не так, пожалуйста, попробуйте позже"",""nav.close_account_menu"":""Закрыть меню аккаунта"",""nav.post"":""Опубликовать"",""nav.contribute"":""Участвовать"",""nav.search_placeholder"":""Поиск по сообществу"",""nav.writings"":""Публикации"",""nav.more_menu.about_company.meet_the_team"":""Наша команда"",""nav.more_menu.about_company.advertising"":""Реклама"",""nav.more_menu.about_company.careers"":""Карьера"",""nav.more_menu.community_trust_safety.content_guidelines"":""Правила и политики"",""nav.more_menu.community_trust_safety.bug_bounty"":""Программа по поиску уязвимостей"",""nav.more_menu.legalese_privacy.label"":""Конфиденциальность и правовые вопросы"",""nav.more_menu.legalese_privacy.privacy_policy"":""Политика конфиденциальности"",""nav.more_menu.legalese_privacy.exempt"":""Освобождено по 2257"",""nav.create_menu.post_writing"":""Опубликовать текст"",""nav.create_menu.organize_event"":""Организовать мероприятие"",""nav.create_menu.create_collection"":""Создать коллекцию текстов"",""nav.create_menu.create_community_list"":""Создать список сообществ"",""nav.create_menu.start_group"":""Создать группу"",""sidebar.about_company"":""Наша команда"",""sidebar.add_account.switch_button"":""Переключиться на другой аккаунт"",""sidebar.advertising_statistics"":""Статистика рекламы"",""sidebar.ask_me_anything"":""Спроси меня о чём угодно"",""sidebar.bug_bounty"":""Программа по поиску уязвимостей безопасности"",""sidebar.city_guides"":""Гиды по городам"",""sidebar.content_guidelines"":""Правила и политики"",""sidebar.display_preferences.theme_light"":""Светлая тема"",""sidebar.display_preferences.theme_system"":""Системная тема"",""sidebar.invites"":""Приглашения"",""sidebar.support"":""Поддержать нас""}",,
best-pair-0082,44616-rus_Cyrl,"<p>@hacks4pancakes What do you think is actually going on?<br>Confused? Anxious? Executive Dysfunction? Unrealistic? Bone idle?<br>(I'm NOT confusing ND with idleness in my internal ontology here, but I wonder if either might be contributing...)</p>
<p>@hacks4pancakes @DamonHD Foe emigration at least, I can imagine myself saying “oh I’m so jealous, I would LOVE to do that” when the truth is there are internal or external reasons why I wouldn’t/couldn’t and someone offering to help me with the logistics wouldn’t change that so I politely decline.</p>
<p>@darryl @hacks4pancakes The grown-up way to politely decline would be ""I got ahead of myself: I cannot do that for other reasons much as I'd like to"", not brushing it off as a diary issue!</p>","<p>@hacks4pancakes Как думаешь, что там на самом деле происходит?<br>Растерянность? Тревога? Исполнительная дисфункция? Нереалистичные ожидания? Совсем уж лень?<br>(Я НЕ смешиваю НД с ленью в своей внутренней системе понятий, но мне интересно, не играет ли роль что-то из этого...)</p>
<p>@hacks4pancakes @DamonHD Если говорить хотя бы про эмиграцию, я легко могу представить, как говорю: «ох, я так завидую, я бы С УДОВОЛЬСТВИЕМ так сделала», хотя на самом деле есть внутренние или внешние причины, почему я бы не стала/не смогла, и предложение помочь с организацией ничего бы не изменило, так что я бы вежливо отказалась.</p>
<p>@darryl @hacks4pancakes Вежливо отказаться по-взрослому — это сказать: «Я забежала вперёд: я не могу этого сделать по другим причинам, как бы мне ни хотелось», а не отмахиваться, списывая всё на проблемы с расписанием!</p>","<p>@hacks4pancakes Как думаешь, что там на самом деле происходит?<br>Растерянность? Тревога? Исполнительная дисфункция? Нереалистичные ожидания? Банальная лень?<br>(Я НЕ путаю НД с ленью в своей внутренней системе понятий, но мне интересно, не вносит ли вклад что-то из этого...)</p>
<p>@hacks4pancakes @DamonHD Если говорить хотя бы об эмиграции, я вполне могу представить, как говорю: «ох, я так завидую, я бы ОЧЕНЬ хотела так сделать», хотя на самом деле есть внутренние или внешние причины, почему я не стала бы/не смогла бы, и если бы кто-то предложил помочь мне с организацией, это бы ничего не изменило, так что я бы вежливо отказалась.</p>
<p>@darryl @hacks4pancakes По-взрослому вежливый отказ звучал бы так: «Я забежала вперёд: я не могу этого сделать по другим причинам, как бы мне ни хотелось», а не отмахиваться, сводя всё к проблеме с расписанием!</p>",,
best-pair-0083,44675-rus_Cyrl,"<p>Traction meets fashion: The best weatherproof trainers for rain-slicked pavements</p>
<p>The Cloudhorizon Waterproof feels purpose-built for the stop-start rhythm of winter commuting. Its lightweight waterproof upper keeps your feet dry without adding bulk, and the shoe's smooth rocker shape helps you roll forward easily, even when you're layered up and carrying heavy loads.</p>
<p>Underfoot, Helion foam creates a cushioned bounce that softens long walks between stations, while the grippy rubber outsole keeps things steady on wet steps and shiny tiles. The pared-back design gives it a polished, modern look, ideal if you prefer a trainer that handles lousy weather subtly, without shouting its technical credentials.</p>","<p>Сцепление встречается с модой: лучшие всепогодные кроссовки для мокрых от дождя тротуаров</p>
<p>Cloudhorizon Waterproof словно специально созданы для рваного ритма зимних поездок на работу. Их лёгкий водонепроницаемый верх сохраняет ноги сухими, не добавляя лишнего объёма, а плавная форма подошвы с рокером помогает легко перекатываться вперёд, даже когда на вас многослойная одежда и вы несёте тяжёлые вещи.</p>
<p>Под ногами пена Helion обеспечивает мягкую амортизирующую упругость, смягчая долгие переходы между станциями, а цепкая резиновая подошва сохраняет устойчивость на мокрых ступенях и скользкой плитке. Лаконичный дизайн придаёт модели выверенный современный вид — идеальный выбор, если вы предпочитаете кроссовки, которые ненавязчиво справляются с плохой погодой, не выставляя напоказ свои технические достоинства.</p>","<p>Сцепление в модном исполнении: лучшие всепогодные кроссовки для мокрых от дождя тротуаров</p>
<p>Cloudhorizon Waterproof словно специально созданы для прерывистого ритма зимних поездок на работу. Их лёгкий водонепроницаемый верх сохраняет ноги сухими, не добавляя лишнего объёма, а плавный рокерный профиль подошвы помогает легко перекатываться вперёд, даже если вы тепло одеты и несёте тяжёлые сумки.</p>
<p>Пена Helion обеспечивает под ногами мягкую упругую амортизацию, смягчая долгие переходы между станциями, а цепкая резиновая подошва помогает сохранять устойчивость на мокрых ступенях и скользкой плитке. Сдержанный дизайн придаёт модели выверенный современный вид — идеальный вариант для тех, кто предпочитает кроссовки, которые деликатно справляются с ненастьем, не выставляя напоказ свои технические достоинства.</p>",,
best-pair-0084,44756-rus_Cyrl,"It's so funny.
It's on your.
Teeth.
I just can't wait to to do this to you now.
You're laughing now, but I'm gonna be laughing in a couple minutes when this is done.
You look so funny.
I want to get.
I just want to get straight to this.
Yay!
You can't alter your creation.
I'm so sorry.
I'm a real zombie.
I know how the makeup goes down.
Oh, look at my hand.
You made many rookie mistakes that I will not make.
I did.
Yes, here we go.
Let's do it.
Meg.
Yeah.
Hand me the cream.
All right.
Is this your chin?
Yeah.","Это так смешно.
У тебя это на зубах.
На зубах.
Мне уже не терпится теперь сделать это с тобой.
Сейчас ты смеёшься, но через пару минут, когда всё будет готово, смеяться буду я.
Ты выглядишь так смешно.
Я хочу приступить.
Я просто хочу сразу перейти к делу.
Ура!
Ты не можешь изменить своё творение.
Мне так жаль.
Я настоящий зомби.
Я знаю, как наносить грим.
О, посмотри на мою руку.
Ты наделала много ошибок новичка, которых я не допущу.
Это я сделала.
Да, вот и поехали.
Давай сделаем это.
Мег.
Ага.
Передай мне крем.
Ладно.
Это твой подбородок?
Ага.","Это так смешно.
У тебя это...
На зубах.
Мне уже не терпится теперь сделать это с тобой.
Сейчас ты смеёшься, но через пару минут, когда всё будет готово, смеяться буду я.
Ты выглядишь очень смешно.
Я хочу...
Я просто хочу сразу перейти к делу.
Ура!
Ты не можешь изменить своё творение.
Мне так жаль.
Я настоящий зомби.
Я знаю, как накладывают грим.
Ой, посмотри на мою руку.
Ты допустила много ошибок новичка, а я их не допущу.
Допустила.
Да, поехали.
Давай сделаем это.
Мег.
Ага.
Передай мне крем.
Хорошо.
Это твой подбородок?
Ага.",,
best-pair-0085,44679-rus_Cyrl,"Tori.
Hi.
John.
Hi.
How are you?
Good.
Good.
Things are really good.
How about yourself?
Oh, good.
Yeah, yeah, I've just been really busy with school and other stuff.
So who's your friend here?
Okay.
I'm sorry.
This is Jacob.
Jacob.
Nice to meet you.
I'm John.
George told me a lot about you.
I just want you to know that she's in good hands.
Really?
That's that's that's good to hear.
Very comforting.","Тори.
Привет.
Джон.
Привет.
Как дела?
Хорошо.
Хорошо.
Вообще всё очень хорошо.
А у тебя?
О, тоже хорошо.
Да, да, я просто был очень занят учёбой и другими делами.
Так кто это с тобой?
Ладно.
Извини.
Это Джейкоб.
Джейкоб.
Приятно познакомиться.
Я Джон.
Джордж много мне о тебе рассказывал.
Просто хочу, чтобы ты знал: она в надёжных руках.
Правда?
Это, это, это приятно слышать.
Очень успокаивает.","Тори.
Привет.
Джон.
Привет.
Как дела?
Хорошо.
Хорошо.
У меня правда всё хорошо.
А у тебя?
О, тоже хорошо.
Да, да, я просто был очень занят учёбой и всякими другими делами.
А это кто с тобой?
Ладно.
Извини.
Это Джейкоб.
Джейкоб.
Приятно познакомиться.
Я Джон.
Джордж много о тебе рассказывал.
Просто хочу, чтобы ты знал: она в надёжных руках.
Правда?
Это, это, это приятно слышать.
Очень успокаивает.",,
best-pair-0086,44728-rus_Cyrl,"```json
{
  ""Account.Cookies.decline"": ""Don’t allow cookies. Only essential cookies will be used"",
  ""Account.EmailSettings.Subtitle.declined"": ""Only order status updates allowed"",
  ""Account.Guest.subtitle"": ""You are not signed in"",
  ""Account.Orders.Invoice.title"": ""To complete your purchase, transfer the amount due to PayPal by {{date}}"",
  ""Account.Orders.Pickup.date"": ""Your order will be ready for you to pick up by"",
  ""Account.VatNumber.subtitle_empty"": ""Enter your VAT number for a reverse charge"",
  ""Account.VatNumber.title_empty"": ""Are you a VAT-registered business?"",
  ""ProductDetails.CartItems.OutOfStock.singular"": ""1 item in the bag, no more left in stock"",
  ""ProductDetails.Loyalty.Available.WithBalance.subtitle"": ""Redeem Loyalty at checkout for {{balanceAmount}} off, earn {{rewardAmount}} for your next purchase"",
  ""ProductDetails.Loyalty.tooltip"": ""Loyalty is a discount program that lets you buy products and earn points to redeem on your next purchase. Your Loyalty balance is updated when you pay online or in-store. The Loyalty amount shown on this page can be recalculated at the checkout."",
  ""ProductDetails.Subscriptions.Details.Annually.description.setup_fee"": ""Once you subscribe, we will place a new order with this product every year. You will be charged {{firstChargeAmount}} for your first order, and then {{repeatChargeAmount}} for each repeat order. You can easily manage your subscription or cancel it anytime with no additional charges."",
  ""ProductDetails.Subscriptions.Details.Daily.description.setup_fee"": ""Once you subscribe, we will place a new order with this product every day. You will be charged {{firstChargeAmount}} for your first order, and then {{repeatChargeAmount}} for each repeat order. You can easily manage your subscription or cancel it anytime with no additional charges."",
  ""ProductDetails.Subscriptions.question"": ""Would you like to buy this product one time or subscribe for it?"",
  ""ProductDetails.CompositeProduct.Savings.description"": ""{{discount}}% off this item if bought in a bundle:"",
  ""ProductDetails.CompositeProduct.NoSavings.description"": ""This item can be bought in a bundle:"",
  ""Account.XE.Loyalty.tooltip"": ""Loyalty is a discount program that lets you buy products and earn points to redeem on your next purchase. Your Loyalty balance is updated when you pay online or in-store."",
  ""Account.XE.StoreCredit.tooltip"": ""Store credit is a balance issued by a store, for example, after a return. You can use it on future online or in-store purchases."",
  ""Account.LoyaltyBalance.description"": ""Balance: {{amount}} available to redeem"",
  ""Account.Orders.CantFindOrder.description"": ""If you can’t find your purchase, it may be linked to another email address. Try signing in with the email address you provided during in-store checkout. If you still don’t see any orders or the list looks wrong, contact our store. We will be happy to help!""
}
```","{""Account.Cookies.decline"":""Не разрешать cookies. Будут использоваться только необходимые cookies"",""Account.EmailSettings.Subtitle.declined"":""Разрешены только обновления статуса заказа"",""Account.Guest.subtitle"":""Вы не вошли в систему"",""Account.Orders.Invoice.title"":""Чтобы завершить покупку, переведите сумму к оплате в PayPal до {{date}}"",""Account.Orders.Pickup.date"":""Ваш заказ будет готов к выдаче до"",""Account.VatNumber.subtitle_empty"":""Введите ваш номер НДС для применения механизма обратного начисления"",""Account.VatNumber.title_empty"":""Вы зарегистрированы как плательщик НДС?"",""ProductDetails.CartItems.OutOfStock.singular"":""1 товар в корзине, больше нет в наличии"",""ProductDetails.Loyalty.Available.WithBalance.subtitle"":""Используйте Loyalty при оформлении заказа и получите скидку {{balanceAmount}}, а за следующую покупку получите {{rewardAmount}}"",""ProductDetails.Loyalty.tooltip"":""Loyalty — это программа скидок, которая позволяет покупать товары и накапливать баллы для использования при следующей покупке. Баланс Loyalty обновляется при оплате онлайн или в магазине. Сумма Loyalty, указанная на этой странице, может быть пересчитана при оформлении заказа."",""ProductDetails.Subscriptions.Details.Annually.description.setup_fee"":""После оформления подписки мы будем каждый год создавать новый заказ на этот товар. За первый заказ с вас будет списано {{firstChargeAmount}}, а затем по {{repeatChargeAmount}} за каждый повторный заказ. Вы можете легко управлять подпиской или отменить её в любое время без дополнительных платежей."",""ProductDetails.Subscriptions.Details.Daily.description.setup_fee"":""После оформления подписки мы будем каждый день создавать новый заказ на этот товар. За первый заказ с вас будет списано {{firstChargeAmount}}, а затем по {{repeatChargeAmount}} за каждый повторный заказ. Вы можете легко управлять подпиской или отменить её в любое время без дополнительных платежей."",""ProductDetails.Subscriptions.question"":""Вы хотите купить этот товар один раз или оформить на него подписку?"",""ProductDetails.CompositeProduct.Savings.description"":""Скидка {{discount}}% на этот товар при покупке в комплекте:"",""ProductDetails.CompositeProduct.NoSavings.description"":""Этот товар можно купить в комплекте:"",""Account.XE.Loyalty.tooltip"":""Loyalty — это программа скидок, которая позволяет покупать товары и накапливать баллы для использования при следующей покупке. Баланс Loyalty обновляется при оплате онлайн или в магазине."",""Account.XE.StoreCredit.tooltip"":""Кредит магазина — это баланс, предоставленный магазином, например после возврата. Его можно использовать для будущих покупок онлайн или в магазине."",""Account.LoyaltyBalance.description"":""Баланс: доступно {{amount}} для использования"",""Account.Orders.CantFindOrder.description"":""Если вы не можете найти свою покупку, возможно, она связана с другим адресом электронной почты. Попробуйте войти, используя адрес электронной почты, который вы указали при оформлении покупки в магазине. Если вы по-прежнему не видите заказы или список выглядит неверно, свяжитесь с нашим магазином. Мы будем рады помочь!""}","{""Account.Cookies.decline"":""Не разрешать файлы cookie. Будут использоваться только необходимые файлы cookie"",""Account.EmailSettings.Subtitle.declined"":""Разрешены только уведомления о статусе заказа"",""Account.Guest.subtitle"":""Вы не вошли в систему"",""Account.Orders.Invoice.title"":""Чтобы завершить покупку, переведите сумму к оплате на PayPal до {{date}}"",""Account.Orders.Pickup.date"":""Ваш заказ будет готов к самовывозу до"",""Account.VatNumber.subtitle_empty"":""Введите номер НДС для обратного начисления"",""Account.VatNumber.title_empty"":""Вы являетесь компанией, зарегистрированной как плательщик НДС?"",""ProductDetails.CartItems.OutOfStock.singular"":""1 товар в корзине, больше нет в наличии"",""ProductDetails.Loyalty.Available.WithBalance.subtitle"":""Используйте Loyalty при оформлении заказа и получите скидку {{balanceAmount}}, а за следующую покупку начислится {{rewardAmount}}"",""ProductDetails.Loyalty.tooltip"":""Loyalty — это программа скидок, которая позволяет покупать товары и накапливать баллы для использования при следующей покупке. Ваш баланс Loyalty обновляется при оплате онлайн или в магазине. Сумма Loyalty, указанная на этой странице, может быть пересчитана при оформлении заказа."",""ProductDetails.Subscriptions.Details.Annually.description.setup_fee"":""После оформления подписки мы будем каждый год создавать новый заказ на этот товар. За первый заказ с вас будет списано {{firstChargeAmount}}, а затем по {{repeatChargeAmount}} за каждый последующий заказ. Вы можете легко управлять подпиской или отменить её в любое время без дополнительных платежей."",""ProductDetails.Subscriptions.Details.Daily.description.setup_fee"":""После оформления подписки мы будем каждый день создавать новый заказ на этот товар. За первый заказ с вас будет списано {{firstChargeAmount}}, а затем по {{repeatChargeAmount}} за каждый последующий заказ. Вы можете легко управлять подпиской или отменить её в любое время без дополнительных платежей."",""ProductDetails.Subscriptions.question"":""Вы хотите купить этот товар один раз или оформить на него подписку?"",""ProductDetails.CompositeProduct.Savings.description"":""Скидка {{discount}}% на этот товар при покупке в комплекте:"",""ProductDetails.CompositeProduct.NoSavings.description"":""Этот товар можно купить в комплекте:"",""Account.XE.Loyalty.tooltip"":""Loyalty — это программа скидок, которая позволяет покупать товары и накапливать баллы для использования при следующей покупке. Ваш баланс Loyalty обновляется при оплате онлайн или в магазине."",""Account.XE.StoreCredit.tooltip"":""Кредит магазина — это баланс, предоставленный магазином, например после возврата товара. Его можно использовать для будущих покупок онлайн или в магазине."",""Account.LoyaltyBalance.description"":""Баланс: доступно для использования {{amount}}"",""Account.Orders.CantFindOrder.description"":""Если вы не можете найти свою покупку, возможно, она связана с другим адресом электронной почты. Попробуйте войти, используя адрес электронной почты, который вы указали при оформлении покупки в магазине. Если вы по-прежнему не видите ни одного заказа или список выглядит неверно, свяжитесь с нашим магазином. Мы будем рады помочь!""}",,
best-pair-0087,44732-rus_Cyrl,"I feel like I've wasted my life.
Amounted to nothing.
George, look at me.
I know you.
You'll be okay.
You will find your way.
I don't know.","Мне кажется, я прожил жизнь впустую.
Ничего из меня не вышло.
Джордж, посмотри на меня.
Я тебя знаю.
С тобой всё будет хорошо.
Ты найдёшь свой путь.
Не знаю.","Мне кажется, я прожил жизнь впустую.
Ничего не добился.
Джордж, посмотри на меня.
Я знаю тебя.
С тобой всё будет хорошо.
Ты найдёшь свой путь.
Не знаю.",,
best-pair-0088,44734-rus_Cyrl,"Anytime I walk up this hill, I'm like dying.
I'm always out of breath.
Also, I forgot to mention, but I want this vlog to be a day in the life of a self-employed person.
I got this new little pocket camera and I'm so excited about it.
So.
I'm just gonna take some content with this.
Go all the way to the top, come to the edge with your shoes.
Perfect.
And then center your necklace for me and like, leave it unzipped.
And then, yeah, the stole will kind of cover the zippers.","Каждый раз, когда я поднимаюсь на этот холм, я просто умираю.
У меня постоянно сбивается дыхание.
Ещё я забыла сказать, но я хочу, чтобы этот влог был про один день из жизни человека, который работает на себя.
Я купила новую маленькую карманную камеру и так ей радуюсь.
Так.
Сейчас просто поснимаю на неё немного контента.
Поднимись до самого верха, подойди к краю так, чтобы были видны туфли.
Идеально.
А теперь поправь ожерелье по центру и, типа, оставь это расстёгнутым.
И да, палантин как бы прикроет молнии.","Каждый раз, когда я поднимаюсь на этот холм, я просто умираю.
У меня всегда сбивается дыхание.
Ещё я забыла сказать, но я хочу, чтобы этот влог был про один день из жизни человека, работающего на себя.
Я купила эту новую маленькую карманную камеру, и я так этому рада.
Так.
Я просто поснимаю на неё немного контента.
Поднимись на самый верх, подойди к краю в обуви.
Идеально.
А теперь поправь мне своё ожерелье по центру и, типа, оставь это не застёгнутым.
И да, палантин как бы прикроет молнии.",,
best-pair-0089,44749-rus_Cyrl,"<p>I wish alcohol wasn't such a normal gift in society 😅 My employer sent me a bottle of eggnog but the only alcohol we like is in alcohol markers</p>
<p>I guess ""not liking it"" is kinda poor wording, I just think it's weird how casual we are with this stuff and we somehow just assume that all adults love this shit when there's people who shouldn't be touching it ever, and frankly I think the world would be better off if I poured it into the toilet than even gifting it to someone</p>
<p>@doombloomart <br>I have had US Big Corp required sensitivity training that reminds people not everyone wants alcohol and it's inappropriate to ask why. Seems like that should be more common</p>
<p>@elithebearded Yeah, that's mostly what I wish for too. I get that with sending random shit to a whole corporation will never be inoffensive to everyone, but 1. don't send random shit to a whole corporation maybe and 2. alcohol just rubs me wrong in the way that many who shouldn't touch it may touch it when it randomly shows up at the doorstep. 😅</p>","<p>Жаль, что алкоголь у нас считается таким уж обычным подарком 😅 Работодатель прислал мне бутылку эгг-нога, но единственный алкоголь, который нам нравится, — это тот, что в спиртовых маркерах</p>
<p>Наверное, «нам это не нравится» — не самая удачная формулировка. Просто мне кажется странным, насколько буднично мы ко всему этому относимся и как по умолчанию считаем, что все взрослые обожают эту дрянь, хотя есть люди, которым вообще нельзя к ней притрагиваться. И, если честно, мне кажется, миру было бы лучше, если бы я вылила это в унитаз, чем даже кому-то передарила</p>
<p>@doombloomart <br>Я проходила обязательный тренинг по чувствительности в одной крупной американской корпорации, где людям напоминают, что алкоголь нужен не всем и что спрашивать почему — неуместно. Такое и правда стоило бы встречать почаще</p>
<p>@elithebearded Ага, я в основном тоже именно этого и хочу. Я понимаю, что если рассылать случайную фигню по всей корпорации, это всё равно никогда не будет безобидно для всех, но 1. может, вообще не надо рассылать случайную фигню по всей корпорации и 2. с алкоголем меня особенно коробит то, что он может попасть к людям, которым вообще нельзя с ним иметь дело, просто потому что он внезапно появляется у них на пороге. 😅</p>","<p>Жаль, что алкоголь в обществе считается таким обычным подарком 😅 Мой работодатель прислал мне бутылку эгг-нога, но единственный алкоголь, который нам нравится, — это тот, что в спиртовых маркерах</p>
<p>Наверное, «нам это не нравится» — не самая точная формулировка, просто мне кажется странным, насколько буднично мы к этому относимся и как-то само собой предполагаем, что все взрослые любят эту фигню, хотя есть люди, которым вообще никогда нельзя к ней прикасаться, и, если честно, мне кажется, миру было бы лучше, если бы я вылила это в унитаз, чем даже подарила кому-то</p>
<p>@doombloomart <br>Я проходила обязательный тренинг по чувствительности в одной крупной американской корпорации, где напоминали, что не все хотят алкоголь и что спрашивать почему — неуместно. Такое, по-моему, должно встречаться гораздо чаще</p>
<p>@elithebearded Ага, я в основном тоже об этом. Я понимаю, что если рассылать случайную фигню по всей корпорации, она никогда не будет безобидной для всех, но 1. может, не надо вообще рассылать случайную фигню по всей корпорации и 2. с алкоголем меня особенно коробит то, что многие, кому к нему нельзя прикасаться, могут всё равно до него добраться, когда он просто внезапно оказывается у них на пороге. 😅</p>",,
best-pair-0090,44717-rus_Cyrl,"And just throughout all the years, like I've never, I've never had to, to second guess you or think if you know what you were saying was was real or not.
Like you.
Um, I don't know.
You've just always been very clear intentioned and never had to worry about you.
I don't know.","И вообще за все эти годы мне ни разу не приходилось сомневаться в тебе или думать, правда ли то, что ты говоришь, или нет. Ты просто всегда был очень искренним в своих намерениях, и мне никогда не приходилось за тебя переживать.","И вообще, за все эти годы мне ни разу не приходилось в тебе сомневаться или думать, искренне ли ты говоришь или нет. Не знаю. У тебя всегда были очень ясные намерения, и мне никогда не приходилось за тебя переживать.",,
best-pair-0091,44648-rus_Cyrl,"So we're gonna park this car, and then we're going to the airport.
Well, technically, we're in the airport.
I'm already cold.
We're not even in Ireland.
So this is my carry on.
And then this bad boy, are.
You gonna check it?
I don't know.
I can't decide.
It's pretty heavy.
But it's so smooth.","Сейчас припаркуем эту машину, а потом пойдём в аэропорт.
Ну, технически мы уже в аэропорту.
Мне уже холодно.
Мы ещё даже не в Ирландии.
Вот это моя ручная кладь.
А вот этот красавец...
Сдашь его в багаж?
Не знаю.
Не могу решить.
Он довольно тяжёлый.
Но катится так плавно.","Сейчас припаркуем эту машину, а потом пойдём в аэропорт.
Ну, технически мы уже в аэропорту.
Мне уже холодно.
Мы ещё даже не в Ирландии.
Вот это моя ручная кладь.
А вот этот красавчик...
Сдашь его в багаж?
Не знаю.
Не могу решить.
Он довольно тяжёлый.
Но едет так плавно.",,
best-pair-0092,44619-rus_Cyrl,"You went $0.06 over.
I need the $0.06.
But I only want $10 even.
You pumped 1006.
Then you should fix your pumps so they don't go so fast.
I'm on a fixed income, you know.
Lady, if you don't.","У вас вышло на 6 центов больше.
Мне нужны эти 6 центов.
Но я хотела ровно на 10 долларов.
Вы заправились на 10 долларов 6 центов.
Тогда вам стоит настроить колонки так, чтобы они не так быстро качали.
Я живу на фиксированный доход, между прочим.
Женщина, если вы не...","У вас вышло на 6 центов больше.
Мне нужны эти 6 центов.
Но я хотела ровно на 10 долларов.
Вы заправились на 10 долларов 6 центов.
Тогда вам надо наладить колонки, чтобы они не так быстро качали.
Я живу на фиксированную пенсию, между прочим.
Женщина, если вы не...",,
best-pair-0093,44715-rus_Cyrl,"All right, so it is some hours later, I have showered.
I've chilled out a bit.
Feeling really good now, and I checked my phone.
Now the internet won't work.
All right.
Now I want to kick in and be of use.
It's just so wild being in a foreign country.
When you by yourself, you don't know where you're at.
You out and about in your internet.
Stop working like that is wild.
So I'm like, I know y'all lying.
I'm paying for both of these services and y'all trying to play with me.","Ладно, прошло уже несколько часов, я принял душ.
Немного успокоился.
Сейчас мне уже гораздо лучше, и я проверил телефон.
И теперь интернет не работает.
Ладно.
Теперь хочу собраться и заняться делом.
Это просто жесть — быть в чужой стране.
Когда ты один, ты даже не понимаешь, где находишься.
Ты где-то на улице, по своим делам, и тут интернет
просто берёт и перестаёт работать — это вообще дико.
И я такой: да не гоните.
Я плачу за оба этих сервиса, а вы ещё пытаетесь меня разводить.","Ладно, прошло уже несколько часов, я принял душ.
Немного успокоился.
Сейчас мне уже реально хорошо, и я проверил телефон.
И теперь интернет не работает.
Ладно.
Теперь хочу включиться и заняться делом.
Это просто дико — быть в чужой стране.
Когда ты один, ты даже не знаешь толком, где находишься.
Ты где-то ходишь по делам, и тут у тебя интернет
вдруг перестаёт работать — это вообще жесть.
И я такой: да ладно, вы же врёте.
Я плачу за оба этих сервиса, а вы ещё пытаетесь меня разводить.",,
best-pair-0094,44761-rus_Cyrl,"Good morning.
What do you do baby?
It is day two of Iceland.
All right.
We are touring the south of Iceland today.
I'm excited about it.
The weather is magnificent.
Very pretty.
Today.
Yesterday morning when I left, it was already raining.
But today the sun is out, so I'm hoping it stays this way while we're driving, you know, towards the south.
We will see.
But yes, looking forward to today.
Let's head out.","Доброе утро.
Чем ты занимаешься, малыш?
Это второй день в Исландии.
Ладно.
Сегодня мы путешествуем по югу Исландии.
Я этому рада.
Погода великолепная.
Очень красиво.
Сегодня.
Вчера утром, когда я уезжала, уже шёл дождь.
Но сегодня светит солнце, так что я надеюсь, что так и останется, пока мы едем, ну, на юг.
Посмотрим.
Но да, я очень жду сегодняшний день.
Поехали.","Доброе утро.
Что делаешь, малыш?
У нас второй день в Исландии.
Ну что.
Сегодня мы путешествуем по югу Исландии.
Я в предвкушении.
Погода великолепная.
Очень красиво.
Сегодня.
Вчера утром, когда я вышла, уже шёл дождь.
Но сегодня светит солнце, так что надеюсь, пока мы будем ехать, ну, на юг, всё так и останется.
Посмотрим.
Но да, я очень жду сегодняшний день.
Ну что, поехали.",,
best-pair-0095,44702-rus_Cyrl,"<p>@rechelon extremely unpopular is one way of putting it… i don’t live in berlin but i think people everywhere had roughly the same response, which is “fuck these assholes for doing something that leaves so many uninvolved people without electricity and treating it like necessary collateral damage”. I’ve seen lots of people speculate that it was a false flag to make the left look bad. Not that the cops care, they are probably giddy with excitement now (a gross thing to imagine) that they have a pretense to raid and criminalize the leftist scene.</p>
<p>@enby_of_the_apocalypse <br>Yeah, I mean it seems like there's still about half a dozen anticivs raised on meme accounts who are shocked the scene didn't stand with them, but are extremely shocked that old timer anticivs who felt disrespected by said crew and haven't backed them.</p>
<p>@enby_of_the_apocalypse <br>I do worry that we'll see a self-justification spiral where a handful of anticivs get so mad at the movement for not supporting their super based attack on the civilized that they end up in ITS level shit within a year or two of isolation and seething.</p>","<p>@rechelon «крайне непопулярно» — это ещё очень мягко сказано… Я не живу в Берлине, но, мне кажется, у людей везде реакция была примерно одинаковая: «да пошли эти уроды нахуй за то, что устроили такое, после чего куча вообще не причастных людей осталась без электричества, а они ещё подают это как какой-то необходимый сопутствующий ущерб». Я видел кучу предположений, что это вообще была провокация под чужим флагом, чтобы выставить левых в плохом свете. Не то чтобы ментов это волновало — они, наверное, сейчас просто вне себя от радости (даже думать об этом мерзко), что у них появился предлог для облав и криминализации левой тусовки.</p>
<p>@enby_of_the_apocalypse <br>Да, ну то есть, похоже, там всё ещё есть где-то полдюжины антицивов, выросших на мемных аккаунтах, которые в шоке, что движ их не поддержал, но ещё сильнее в шоке от того, что старые антицивы, которых эта компания выбесила своим неуважением, тоже их не поддержали.</p>
<p>@enby_of_the_apocalypse <br>Меня правда беспокоит, что мы ещё увидим такую спираль самооправдания, где горстка антицивов настолько озлится на движение за то, что оно не поддержало их супер-базированную атаку на цивилизованных, что в итоге через год-два изоляции и варки в собственной злобе они скатятся в какую-нибудь дичь уровня ITS.</p>","<p>@rechelon «крайне непопулярно» — это ещё мягко сказано… Я не живу в Берлине, но, по-моему, реакция у людей везде была примерно одна и та же: «да пошли эти мудаки нахуй за то, что устроили такое, оставили кучу вообще непричастных людей без электричества и ещё выставляют это как необходимый сопутствующий ущерб». Я видел много предположений, что это вообще была провокация под чужим флагом, чтобы выставить левых в дурном свете. Не то чтобы ментов это волновало — они, наверное, сейчас просто пищат от восторга (мерзко даже представлять), потому что у них появился предлог для облав и криминализации левой движухи.</p>
<p>@enby_of_the_apocalypse <br>Да, в смысле, похоже, там всё ещё есть где-то с полдюжины антицивов, выросших на мем-аккаунтах, которые в шоке, что движ не встал на их сторону, но ещё сильнее охуели от того, что и олдовые антицивы, которых эта компания выбесила своим неуважением, их тоже не поддержали.</p>
<p>@enby_of_the_apocalypse <br>Меня правда тревожит, что мы ещё увидим такую спираль самооправдания, где горстка антицивов настолько взбесится на движение за то, что оно не поддержало их супер-базированную атаку на цивилизованных, что через год-два изоляции и тихого кипения они в итоге скатятся в какую-нибудь дичь уровня ITS.</p>",,
best-pair-0096,44746-rus_Cyrl,"What do you think, Lily?
Yeah.
Oh, no.
The dinosaur is getting you.
Oh, no.
So they have these really fun Jurassic Park.
Little, I don't know, masks.
Oh my goodness.
What did you think?
Oh, Kenzie the dinosaur two.","Ну как тебе, Лили?
Да.
О нет.
Динозавр тебя сейчас схватит.
О нет.
Тут есть такие классные штуки из Jurassic Park.
Маленькие, не знаю, маски.
О боже.
Ну и как тебе?
О, и Kenzie тоже динозавр.","Ну как тебе, Лили?
Да.
О нет.
Динозавр сейчас тебя схватит.
О нет.
Тут есть такие прикольные штуки из Jurassic Park.
Маленькие, не знаю, маски.
О боже.
Ну и как тебе?
О, и Kenzie тоже динозавр.",,
best-pair-0097,44786-rus_Cyrl,"<p>The Case for Impeaching Donald Trump</p>
<p>Bombs over Latin America: It's giving Wag the Dog, if you ask me. The administration, seemingly hot to bring back neoconservative military conquest, soft-launched its latest regime change war in Venezuela by making indiscriminate attacks on boats in the Caribbean and Pacific waters off of Central America. These attacks, all undertaken without a jot of congressional oversight and on the dubious premise that the boats were packed with fentanyl bound for the United States, were murderous on their own. But the news that the military was ordered to strike an already stricken boat in a ""double tap"" attack to kill any survivors has raised the specter of war crimes - and in a way that even many Republicans don't seem ready to countenance.</p>
<p>Trump's Binance buddy gets a pardon: Changpeng Zhao began this year the disgraced former CEO of Binance, the world's largest cryptocurrency exchange, having done prison time for, as the Biden DOJ put it, ""failing to maintain an effective anti-money laundering (AML) program,"" violating the Bank Security Act, and allowing money to flow freely to a host of bad actors, including ""terrorists, cybercriminals, and child abusers."" But Zhao, having forfeited the right to run Binance, wanted back in. So he used his connections to Trump's family and inner circle to secure a pardon that would let him run the show again. In return, Zhao showered his attention on World Liberty Financial - using Binance's leverage to enrich Trump's private crypto fund. TNR's Tim Noah was positively apoplectic about the shady arrangement.</p>
<p>Chips to China: Speaking of Tim Noah and apoplexy: It's probably not great that one firm, Nvidia, has come to possess such godlike, market-moving power. Its outsize importance to the global economy had Noah fingering it as one of the major pillars to crumble, when he gamed out a potential Trump stock market crash back in October. Trump's been doing what he can to boost Nvidia's fortunes, however: This year, the president broke with long-standing national security tradition and announced that he was permitting the firm to sell its H200 chips to China. As The New York Times"" David Sanger noted, the deal - the fruits of ""intense lobbying"" from Nvidia CEO and White House gadfly Jensen Huang - raised a basic question: ""If the chips that power the most advanced technology can be sold to the United States"" chief technological, military and financial competitor, where is the new line drawn?"" That's probably the least of Trump's concerns, however: The deal also guaranteed that ""25 percent of all the revenues from the sales would go to the United States,"" in yet another case of this administration's affection for fascist corporatism.</p>","<p>Аргументы в пользу импичмента Дональда Трампа</p>
<p>Бомбардировки Латинской Америки: если спросите меня, это прямо-таки напоминает «Хвост виляет собакой». Администрация, судя по всему, горящая желанием вернуть неоконсервативные военные завоевания, исподволь запустила свою очередную войну за смену режима в Венесуэле, начав неизбирательные атаки на суда в Карибском море и в акватории Тихого океана у берегов Центральной Америки. Эти атаки, все до единой проведённые без малейшего контроля со стороны Конгресса и под сомнительным предлогом, будто суда были набиты фентанилом, направлявшимся в Соединённые Штаты, сами по себе были смертоносными. Но известие о том, что военным было приказано нанести повторный удар по уже поражённому судну — атаку типа «double tap», чтобы убить всех выживших, — поставило вопрос о возможных военных преступлениях, причём в такой форме, с которой, похоже, не готовы мириться даже многие республиканцы.</p>
<p>Приятель Трампа по Binance получает помилование: Чанпэн Чжао начал этот год как опозоренный бывший генеральный директор Binance, крупнейшей в мире криптовалютной биржи, уже отсидевший срок за то, что, как выразилось министерство юстиции при Байдене, «не сумел обеспечить эффективную программу противодействия отмыванию денег (AML)», нарушил Закон о банковской тайне и позволил деньгам свободно поступать к целому ряду злоумышленников, включая «террористов, киберпреступников и лиц, совершающих насилие над детьми». Но Чжао, лишившись права управлять Binance, хотел вернуться. Поэтому он использовал свои связи с семьёй Трампа и его ближайшим окружением, чтобы добиться помилования, которое позволило бы ему вновь руководить компанией. Взамен Чжао щедро одарил своим вниманием World Liberty Financial, используя влияние Binance, чтобы обогатить частный криптофонд Трампа. Тим Ноа из TNR пришёл в настоящее неистовство из-за этой сомнительной сделки.</p>
<p>Чипы для Китая: раз уж речь зашла о Тиме Ноа и неистовстве, вряд ли можно считать хорошим знаком то, что одна компания — Nvidia — приобрела столь почти божественную способность двигать рынком. Её чрезмерное значение для мировой экономики уже заставило Ноа назвать её одной из главных опор, которым предстоит рухнуть, когда он ещё в октябре моделировал возможный обвал фондового рынка при Трампе. Однако Трамп делает всё, что может, чтобы укрепить позиции Nvidia: в этом году президент нарушил давнюю традицию в сфере национальной безопасности и объявил, что разрешает компании продавать Китаю её чипы H200. Как отметил Дэвид Сэнгер из The New York Times, эта сделка — плод «интенсивного лоббирования» со стороны гендиректора Nvidia и постоянного визитёра Белого дома Дженсена Хуана — поставила базовый вопрос: «Если чипы, обеспечивающие работу самых передовых технологий, можно продавать главному технологическому, военному и финансовому конкуренту Соединённых Штатов, то где теперь проходит новая красная линия?» Впрочем, это, вероятно, меньше всего заботит Трампа: сделка также гарантировала, что «25 процентов всей выручки от продаж будут поступать Соединённым Штатам», что стало ещё одним проявлением симпатии этой администрации к фашистскому корпоративизму.</p>","<p>Основания для импичмента Дональда Трампа</p>
<p>Бомбардировки Латинской Америки: если вы спросите меня, это очень напоминает «Хвост виляет собакой». Администрация, судя по всему, жаждущая вернуть практику неоконсервативных военных авантюр, исподволь начала свою очередную войну за смену режима в Венесуэле, нанеся неизбирательные удары по судам в Карибском море и в тихоокеанских водах у берегов Центральной Америки. Эти атаки, все без исключения проведённые без малейшего надзора со стороны Конгресса и под сомнительным предлогом, будто суда были доверху загружены фентанилом для отправки в Соединённые Штаты, сами по себе были смертоносны. Но сообщения о том, что военным приказали нанести повторный удар по уже поражённому судну — атаку типа «double tap», чтобы добить всех выживших, — вызвали призрак военных преступлений, причём в такой форме, которую, похоже, не готовы принять даже многие республиканцы.</p>
<p>Приятель Трампа из Binance получает помилование: Чанпэн Чжао встретил этот год как опозоренный бывший генеральный директор Binance, крупнейшей в мире криптовалютной биржи, уже отбывший тюремный срок за то, что, как выразилось министерство юстиции при Байдене, «не обеспечил поддержание эффективной программы по противодействию отмыванию денег (AML)», нарушил Закон о банковской тайне и позволил деньгам беспрепятственно поступать к целому кругу преступных фигур, включая «террористов, киберпреступников и растлителей детей». Но Чжао, утратив право управлять Binance, хотел вернуться. Поэтому он задействовал свои связи с семьёй Трампа и его ближайшим окружением, чтобы добиться помилования, которое позволило бы ему снова руководить компанией. Взамен Чжао осыпал вниманием World Liberty Financial, используя влияние Binance, чтобы обогатить частный криптофонд Трампа. Тим Ноа из TNR пришёл буквально в ярость из-за этой сомнительной договорённости.</p>
<p>Чипы для Китая: раз уж речь зашла о Тиме Ноа и приступах ярости, вряд ли можно считать хорошим знаком то, что одна-единственная компания — Nvidia — обрела почти божественную способность двигать рынками. Её чрезмерная значимость для мировой экономики уже побудила Ноа отнести её к числу главных опор, которым суждено рухнуть, когда он ещё в октябре моделировал возможный обвал фондового рынка при Трампе. Однако Трамп, со своей стороны, делает всё, что может, чтобы укрепить положение Nvidia: в этом году президент порвал с давней традицией в сфере национальной безопасности и объявил, что разрешает компании продавать Китаю её чипы H200. Как отметил Дэвид Сэнгер из The New York Times, эта сделка — плод «интенсивного лоббирования» со стороны гендиректора Nvidia Дженсена Хуана, постоянного раздражителя Белого дома, — поставила принципиальный вопрос: «Если чипы, обеспечивающие работу самых передовых технологий, можно продавать главному технологическому, военному и финансовому конкуренту Соединённых Штатов, то где теперь проходит новая черта?» Впрочем, это, вероятно, волнует Трампа меньше всего: сделка также гарантировала, что «25 процентов всей выручки от продаж будут поступать Соединённым Штатам», что стало ещё одним проявлением симпатии этой администрации к фашистскому корпоративизму.</p>",,
best-pair-0098,44698-rus_Cyrl,"Oh!
Over here.
I like this little wall here.
And this corner booth.
But it was a little loud outside to, um, try to talk over the traffic, but outside is nice.
Show you the menu.
Here's the menu.
What's it say up here?
Bloody Mary brunch punch.","О!
Сюда.
Мне нравится вот эта маленькая стенка.
И этот угловой столик.
Но снаружи было немного шумно, приходилось перекрикивать уличный шум, хотя там хорошо.
Сейчас покажу тебе меню.
Вот меню.
Что тут наверху написано?
Бранч-пунш «Bloody Mary».","О!
Сюда.
Мне нравится вот эта маленькая перегородка.
И этот угловой диванчик.
Но снаружи было немного шумно, трудно было разговаривать из-за шума машин, хотя там приятно.
Сейчас покажу тебе меню.
Вот меню.
Что тут наверху написано?
Бранч-пунш «Bloody Mary».",,
best-pair-0099,44655-rus_Cyrl,"Do you what do you think of that?
Looking back on it, the rivalry and the late night wars and all that stuff.
And do you like.
Obviously, maybe you think it's a shame.
Maybe like, how do you how do you categorize it in your mind?
Well, it's, um, overall it's embarrassing.
Um, because I don't want to be the guy who's, uh, pissed off because, oh, I didn't get so-and-so because I didn't truly feel that way.
You didn't feel that way?
No, no.
Well, how did you feel?","Что ты об этом думаешь?
Если оглянуться назад — всё это соперничество, ночные войны и всё такое.
И как ты...
Ну, может, тебе, очевидно, кажется, что это печально.
Или, типа, как ты это у себя в голове определяешь?
Ну, в целом это вызывает неловкость.
Потому что я не хочу быть тем чуваком, который, ну, бесится из-за того, что, мол, не получил то-то и то-то, потому что на самом деле я чувствовал не это.
Ты не это чувствовал?
Нет, нет.
Ну а что ты чувствовал?","Как ты сам на это смотришь?
Если оглянуться назад — на это соперничество, ночные войны и всё такое.
И тебе...
Ну, может, ты, конечно, считаешь, что это было прискорбно.
Или, например, как ты это у себя в голове определяешь?
Ну, в целом это неловко.
Потому что я не хочу быть тем парнем, который, ну, злится из-за того, что, мол, не получил того-то и того-то, потому что на самом деле я чувствовал не это.
Не это чувствовал?
Нет, нет.
Ну а что ты чувствовал?",,
best-pair-0100,44603-rus_Cyrl,"Yes.
No bath.
Best shower of my life.
I thought I would do an unboxing together.
I kind of want to take these home.
They're the Ritz slippers, and my room service is here.
That's why I switched from a bath to a shower.
Because I wanted to hurry up so I can eat food.
Oh my gosh, are you kidding me?
So cute.","Да.
Без ванны.
Лучший душ в моей жизни.
Думала, распакуем это вместе.
Мне прям хочется забрать их домой.
Это тапочки из Ritz, и мне уже принесли рум-сервис.
Вот почему я вместо ванны пошла в душ.
Потому что хотела поторопиться, чтобы уже поесть.
Боже мой, вы серьёзно?
Такая прелесть.","Да.
Без ванны.
Лучший душ в моей жизни.
Думаю, давайте распакуем это вместе.
Мне даже хочется забрать их с собой домой.
Это тапочки из Ritz, и мне уже принесли рум-сервис.
Вот почему я вместо ванны решила принять душ.
Потому что хотела побыстрее, чтобы уже поесть.
Боже мой, вы серьёзно?
Какая прелесть.",,
best-pair-0101,44753-rus_Cyrl,"One more.
Michael.
Last bracket.
Cherry on the cupcake.
Some of them like two colors.
Should we do something wild or passable?
MM.
This hand is wild.
This hand is passable.
Which one?
Wild.
Okay, I don't want to make you look like Christmas, though.
You always close your eyes at the dentist and the orthodontist, too.
MM.
Oh.","Ещё один.
Майкл.
Последний брекет.
Вишенка на капкейке.
Некоторым нравится два цвета.
Сделаем что-нибудь поярче или поспокойнее?
Угу.
Эта рука — поярче.
Эта рука — поспокойнее.
Какую?
Поярче.
Ладно, только не хочу, чтобы ты выглядела как новогодняя ёлка.
Ты ведь всегда закрываешь глаза и у стоматолога, и у ортодонта тоже.
Угу.
Ой.","Ещё одна.
Майкл.
Последний брекет.
Вишенка на капкейке.
Некоторым нравится два цвета.
Сделаем что-нибудь яркое или поспокойнее?
Угу.
Эта рука будет яркая.
Эта — поспокойнее.
Какую?
Яркую.
Ладно, только не хочу, чтобы ты выглядела как ёлка.
Ты ведь всегда закрываешь глаза и у стоматолога, и у ортодонта.
Угу.
Ой.",,
best-pair-0102,44687-rus_Cyrl,"<p>High Noon review - Billy Crudup brings classic Hollywood western back with a bang</p>
<p>How do you turn a classic Hollywood western into West End musical fare? Add songs, many of Bruce Springsteen's in this case, along with a few rounds of line dancing and a sizzling star in Billy Crudup. Still, it's an odd experience initially as Thea Sharrock's production switches from one brief filmic scene to the next, and the endeavour seems as wooden as the clapboard saloon-bar slats that comprise the handsome set.</p>
<p>As a piece of theatre, it finds its flow. As a debate play, though, it gathers a locomotive energy as it travels towards the showdown between Frank Miller (James Doherty), who is returning to this ""dirty little village in the middle of nowhere,"" and the marshal Will Kane (Crudup) who put him behind bars. That is mostly because of the uncanny and urgent relevance of this 1952 film about a community working out (or rather, squirming out of) its civic responsibilities around institutional wrongdoing.</p>
<p>Originally an allegory of McCarthyism (its screenwriter, Carl Foreman, was blacklisted), the story sets the cowardice of the many against the courage of the few - in this case, the lone, heroic Kane, who mobilises his defence against Miller and his henchmen after being let down by the townsfolk. The film was blasted by John Wayne as un-American for its critical portrait of the community; the production comes to life in its arguments on collective in/action and seems to speak directly about the dilemmas facing the cowboy country of Trump's America (the shooting in Minneapolis just the latest example). Eric Roth's script uses many lines from Foreman's screenplay but fleshes out the debates on the ethical stance of a community in the face of wrongdoing and misguided American myths around immigration.</p>
<p>Cowardice of the many, courage of the few ... cast of High Noon. Photograph: Johan Persson</p>
<p>There is also the joint talent of Crudup and the ever agile Denise Gough who play the central couple on their wedding day. She is Amy Fowler, a Quaker who abhors the actions of violent men; he is the marshal who has just given up his ""tin star"" to start over as a shopkeeper. That is, until news reaches town that Miller is arriving on the noon train.</p>
<p>Gary Cooper made the role entirely his own, his integrity comparable only to Gregory Peck's Atticus in To Kill a Mockingbird. So Crudup has his long shadow to evade. He manages to hold up the part on stage as an upstanding, earnest and increasingly desperate man. Gough makes her part grittier and more modern than that of her film counterpart, Grace Kelly. The pair are convincing as a couple although their narrow characterisation hems in the full scale of their abilities.</p>
<p>Several other characters seem too flimsy, from Billy Howle's deputy marshal, Harvey Pell, to Rosa Salazar's Mexican businesswoman, Helen, although the affinity between her and Amy is refreshing, and Roth gives more voice and texture to these women as a whole.</p>
<p>Several of Springsteen's songs bring their own American politics (from the frontier optimism of Land of Hope and Dreams to The Rising, written in response to 9/11). Some are sung a cappella, mostly by Gough, who is a strong singer, her voice emanating desolation, but she reprises I'm on Fire one too many times.</p>
<p>It seems like a reluctant musical at times, the songs short and thin but the percussive music and sound design are always arresting, as is the lighting, designed by Neil Austin, which brings emotional clarity and intrigue. A clock is central to Tim Hatley's set design, counting down to the train's thrilling arrival and the subsequent showdown, which manages to contain tension and drama, despite the difficulty of staging a cross-town shootout.</p>
<p>For all its early stiffness, it builds in momentum and there are moving moments. Ultimately, the political message speaks loudest, harnessing the McCarthyist fear of then and the Trumpian terror of today.</p>","<p>Рецензия на «Ровно в полдень» — Билли Крудап с блеском возвращает к жизни классический голливудский вестерн</p>
<p>Как превратить классический голливудский вестерн в музыкальный спектакль для Вест-Энда? Добавить песни — в данном случае немало композиций Брюса Спрингстина, — несколько заходов линейного танца и харизматичную звезду в лице Билли Крудапа. И всё же поначалу впечатление остаётся странным: в постановке Теи Шэррок одна короткая, почти кинематографическая сцена сменяет другую, а весь замысел кажется таким же деревянным, как дощатые стенки салунного бара, образующие эффектную декорацию.</p>
<p>Как театральное произведение спектакль постепенно находит свой ритм. Но как пьеса-дискуссия он набирает поистине локомотивную энергию по мере приближения к финальному столкновению между Фрэнком Миллером (Джеймс Доэрти), возвращающимся в эту «грязную маленькую деревушку посреди нигде», и маршалом Уиллом Кейном (Крудап), который когда-то отправил его за решётку. Во многом это объясняется пугающе точной и насущной актуальностью фильма 1952 года о сообществе, которое пытается осмыслить — или, скорее, увильнуть от — своих гражданских обязанностей перед лицом институционального произвола.</p>
<p>Изначально задуманная как аллегория маккартизма (сценарист фильма Карл Форман был внесён в чёрные списки), эта история противопоставляет трусость большинства мужеству немногих — в данном случае одинокого, героического Кейна, который вынужден сам организовывать оборону против Миллера и его подручных после того, как горожане оставляют его без поддержки. Джон Уэйн обрушился на фильм, назвав его «неамериканским» за критическое изображение сообщества; постановка по-настоящему оживает в своих рассуждениях о коллективном действии и бездействии и, кажется, напрямую говорит о дилеммах, стоящих перед ковбойской страной трамповской Америки (стрельба в Миннеаполисе — лишь последний пример). В сценарии Эрика Рота использованы многие реплики из текста Формана, но он развивает спор об этической позиции сообщества перед лицом несправедливости и о ложных американских мифах, связанных с иммиграцией.</p>
<p>Трусость большинства, мужество немногих... актёрский состав «Ровно в полдень». Фотография: Йохан Перссон</p>
<p>Нельзя не отметить и совместную игру Крудапа и неизменно пластичной Дениз Гоф, исполняющих роли центральной пары в день их свадьбы. Она — Эми Фаулер, квакерка, питающая отвращение к насилию; он — маршал, только что отказавшийся от своей «жестяной звезды», чтобы начать новую жизнь в качестве лавочника. По крайней мере до тех пор, пока в город не приходит весть о том, что Миллер прибывает полуденным поездом.</p>
<p>Гэри Купер сделал эту роль безусловно своей, и по нравственной цельности с ним мог сравниться разве что Аттикус Грегори Пека в «Убить пересмешника». Так что Крудапу приходится уходить из-под его длинной тени. На сцене он уверенно держит роль, создавая образ порядочного, искреннего и всё более отчаявшегося человека. Гоф делает свою героиню жёстче и современнее, чем её экранный аналог в исполнении Грейс Келли. Как пара они убедительны, хотя несколько узкая обрисовка персонажей не позволяет в полной мере раскрыть масштаб их дарования.</p>
<p>Несколько других персонажей кажутся чересчур схематичными — от заместителя маршала Харви Пелла в исполнении Билли Хоула до мексиканской предпринимательницы Хелен, которую играет Роза Салазар, — хотя взаимное притяжение между ней и Эми воспринимается освежающе, а Рот в целом придаёт этим женским образам больше голоса и фактуры.</p>
<p>Некоторые песни Спрингстина привносят в спектакль и собственный американский политический подтекст — от фронтирного оптимизма Land of Hope and Dreams до The Rising, написанной как отклик на события 11 сентября. Часть из них исполняется а капелла, главным образом Гоф, которая поёт сильно, и в её голосе слышится опустошённость, однако к I'm on Fire она возвращается на один раз больше, чем следовало бы.</p>
<p>Порой это напоминает мюзикл, не вполне уверенный в собственной природе: песни коротки и не слишком выразительны, зато перкуссионная музыка и звуковое оформление неизменно приковывают внимание, как и свет Нила Остина, придающий происходящему эмоциональную ясность и интригу. В центре сценографии Тима Хэтли — часы, ведущие отсчёт до захватывающего прибытия поезда и последующей дуэли; ей удаётся сохранить напряжение и драматизм, несмотря на всю сложность сценического воплощения перестрелки через весь город.</p>
<p>При всей первоначальной скованности спектакль постепенно набирает ход, и в нём есть по-настоящему трогательные моменты. В конечном счёте громче всего звучит его политический посыл, соединяющий маккартистский страх прошлого с трампистским ужасом сегодняшнего дня.</p>","<p>Рецензия на «Ровно в полдень» — Билли Крудап с блеском возвращает к жизни классический голливудский вестерн</p>
<p>Как превратить классический голливудский вестерн в музыкальный спектакль для Вест-Энда? Добавить песни — в данном случае немало композиций Брюса Спрингстина, — несколько раундов линейных танцев и ослепительную звезду в лице Билли Крудапа. И всё же поначалу впечатление остаётся странным: в постановке Теи Шэррок одна короткая кинематографичная сцена сменяет другую, а всё предприятие кажется таким же деревянным, как дощатые планки салунного бара, составляющие эффектную декорацию.</p>
<p>Как театральное произведение спектакль постепенно обретает ритм. Но как пьеса-дискуссия он по-настоящему набирает локомотивную мощь по мере приближения к финальной схватке между Фрэнком Миллером (Джеймс Доэрти), возвращающимся в эту «грязную маленькую деревушку посреди нигде», и маршалом Уиллом Кейном (Крудап), который когда-то отправил его за решётку. Во многом это объясняется поразительной и острой актуальностью фильма 1952 года о сообществе, которое пытается осмыслить — или, скорее, уклониться от — свои гражданские обязанности перед лицом институционального зла.</p>
<p>Изначально задуманная как аллегория маккартизма (сценарист фильма Карл Форман был занесён в чёрные списки), эта история противопоставляет трусость многих мужеству немногих — в данном случае одинокого, героического Кейна, который организует оборону против Миллера и его подручных после того, как горожане оставляют его без поддержки. Джон Уэйн резко осудил фильм как «неамериканский» за его критический взгляд на сообщество; постановка оживает именно в своих рассуждениях о коллективном действии и бездействии и, кажется, напрямую говорит о дилеммах, стоящих перед ковбойской страной трамповской Америки (стрельба в Миннеаполисе — лишь последний пример). В сценарии Эрика Рота использованы многие реплики из сценария Формана, но он развивает дискуссию об этической позиции сообщества перед лицом несправедливости и об ошибочных американских мифах, связанных с иммиграцией.</p>
<p>Трусость многих, мужество немногих... актёрский состав «Ровно в полдень». Фотография: Йохан Перссон</p>
<p>Есть здесь и совместный талант Крудапа и неизменно пластичной Дениз Гоф, играющих центральную пару в день их свадьбы. Она — Эми Фаулер, квакерка, питающая отвращение к поступкам жестоких мужчин; он — маршал, только что отказавшийся от своей «жестяной звезды», чтобы начать новую жизнь в качестве лавочника. Во всяком случае, до тех пор, пока в город не приходит новость о том, что Миллер прибывает полуденным поездом.</p>
<p>Гэри Купер сделал эту роль полностью своей, и по силе внутренней честности с ним мог сравниться разве что Аттикус Грегори Пека в «Убить пересмешника». Так что Крудапу приходится выходить из-под его длинной тени. На сцене он уверенно удерживает роль как порядочного, искреннего и всё более отчаявшегося человека. Гоф делает свою героиню более жёсткой и современной, чем её экранный аналог в исполнении Грейс Келли. Эта пара убедительна как супружеская чета, хотя узость характеристик сдерживает весь масштаб их дарования.</p>
<p>Несколько других персонажей кажутся слишком схематичными — от заместителя маршала Харви Пелла в исполнении Билли Хоула до мексиканской предпринимательницы Хелен, которую играет Роза Салазар, — хотя взаимное притяжение между ней и Эми освежает, а Рот в целом наделяет этих женщин более отчётливым голосом и фактурой.</p>
<p>Некоторые песни Спрингстина привносят в спектакль и собственную американскую политическую повестку — от фронтирного оптимизма Land of Hope and Dreams до The Rising, написанной в ответ на события 11 сентября. Часть из них исполняется а капелла, в основном Гоф, которая является сильной певицей, и в её голосе звучит опустошённость, однако к песне I'm on Fire она возвращается на один раз слишком часто.</p>
<p>Порой это выглядит как мюзикл поневоле: песни коротки и тонки, но перкуссионная музыка и звуковое оформление неизменно приковывают внимание, как и свет, созданный Нилом Остином, который придаёт происходящему эмоциональную ясность и интригу. В центре сценографии Тима Хэтли — часы, ведущие отсчёт до захватывающего прибытия поезда и последующей дуэли, которой удаётся сохранить напряжение и драматизм, несмотря на трудность сценического воплощения перестрелки через весь город.</p>
<p>При всей первоначальной скованности спектакль постепенно набирает ход, и в нём есть трогательные моменты. В конечном счёте громче всего звучит политический посыл, соединяющий маккартистские страхи прошлого с трампистским ужасом сегодняшнего дня.</p>",,
best-pair-0103,44718-rus_Cyrl,"These beautiful things that I've got.
And then Benson, that front flip.
What were you thinking?
I was not thinking.
You had started doing flips when I was a little a little boy, and I thought he was the coolest.
So when I was like three, I would try them off my couch and it progressed and progressed to the front yard and then on stage.","Вот эти прекрасные вещи, которые у меня есть.
А потом, Бенсон, то сальто вперёд.
О чём ты тогда думал?
Я вообще не думал.
Ты начал делать сальто, когда я был совсем маленьким мальчишкой, и я думал, что ты самый крутой.
Так что когда мне было около трёх, я пытался делать их, прыгая с дивана, и постепенно это перешло сначала во двор перед домом, а потом и на сцену.","Эти прекрасные вещи, которые у меня есть.
А потом, Бенсон, то сальто вперёд.
О чём ты думал?
Я вообще не думал.
Ты начал делать сальто, когда я был совсем маленьким мальчишкой, и я думал, что ты просто самый крутой.
Так что когда мне было года три, я пытался делать их, прыгая с дивана, и потом всё пошло дальше и дальше — во двор перед домом, а потом уже и на сцену.",,
best-pair-0104,44788-rus_Cyrl,"No, I heard the.
The Coldplay concert was incredible.
It was.
It was so, you know, amazing.
There were fireworks and then there were the also the bracelets, right.
That you had you could do a light show with the bracelets.
But apparently after the concert you had, you had to give back the bracelets.
How many people here gave back the bracelets?
Stupid, huh?","Нет, я слышал.
Концерт Coldplay был невероятным.
Правда.
Это было, ну, просто потрясающе.
Был фейерверк, и ещё были браслеты, да.
С их помощью можно было устроить световое шоу.
Но, оказывается, после концерта браслеты надо было вернуть.
Сколько человек здесь вернули браслеты?
Глупо, да?","Нет, я слышал, концерт Coldplay был просто невероятный.
Да.
Это было, ну, просто потрясающе.
Был фейерверк, и ещё эти браслеты, да?
С ними можно было устроить световое шоу.
Но, оказывается, после концерта их нужно было вернуть.
Сколько человек здесь вернули браслеты?
Тупо, да?",,
best-pair-0105,44748-rus_Cyrl,"But why do you ask?
I'm going to meet him someday, right?
Just trying to get to know him.
You know.
Honey, you need to relax, okay?
My parents are nice people.
MM.
I believe you.","Но почему ты спрашиваешь?
Я ведь когда-нибудь с ним познакомлюсь, да?
Просто пытаюсь узнать его получше.
Ну, понимаешь.
Дорогая, тебе надо расслабиться, ладно?
Мои родители — хорошие люди.
Угу.
Я тебе верю.","Но почему ты спрашиваешь?
Я же когда-нибудь с ним познакомлюсь, да?
Просто пытаюсь узнать его получше.
Ну, понимаешь.
Милая, тебе нужно расслабиться, ладно?
Мои родители — хорошие люди.
Угу.
Я тебе верю.",,
best-pair-0106,44722-rus_Cyrl,"Jeff Pickles is a TV personality.
That personality hasn't changed and can't change because that's the world of the show.
There's two of you.
There's Mr. Pickles, and then there's Jeff.
And never the two should meet in order to prevent the destruction of them both.
When he's subjected to a personal tragedy, he has to go back to work the next day and still be the same person.
Hey there.
Thump, thump.","Джефф Пиклз — телевизионная личность.
Эта личность не менялась и не может измениться, потому что так устроен мир шоу.
Тебя как будто двое.
Есть мистер Пиклз, а есть Джефф.
И эти двое никогда не должны пересекаться, чтобы не погубить их обоих.
Когда он переживает личную трагедию, на следующий день ему всё равно приходится возвращаться на работу и оставаться тем же самым человеком.
Привет.
Тук-тук.","Джефф Пиклз — телезвезда.
Этот образ не изменился и не может измениться, потому что таков мир этого шоу.
В тебе как будто два человека.
Есть мистер Пиклз, а есть Джефф.
И эти двое никогда не должны соприкасаться, чтобы не погубить друг друга.
Когда в его жизни происходит личная трагедия, уже на следующий день он должен вернуться к работе и оставаться всё тем же человеком.
Привет.
Тук-тук.",,
best-pair-0107,44719-rus_Cyrl,"I am standing in a volcano.
Pretty much.
This whole thing is one big crater.
And then there's these little sub craters that are just billowing out steam.
Slow down.
Yeah.
Like that.
Good, good.
Stop, stop.
Okay.","Я стою прямо в вулкане.
Можно сказать и так.
Всё это — один огромный кратер.
А ещё тут есть маленькие кратеры, из которых так и валит пар.
Помедленнее.
Да.
Вот так.
Хорошо, хорошо.
Стоп, стоп.
Ладно.","Я стою в вулкане.
Практически.
Вся эта штука — один большой кратер.
А потом тут есть маленькие побочные кратеры, из которых просто валит пар.
Помедленнее.
Да.
Вот так.
Хорошо, хорошо.
Стоп, стоп.
Ладно.",,
best-pair-0108,44721-rus_Cyrl,"Well, aren't you even going to look at me?
Sure.
You're too young to know anything about children.
I'm sure the agency said you were 25.
You're not 25, are you?
You're nothing like 25.
Have you ever had a job as a governess before?
No.
But have you ever had any kind of a job?
Yes, I have.
But don't you ever finish a sentence.
Yes, if I'm allowed to.
Okay, let's start all over.
Sit down.
Tell me about yourself.","Ну что, ты даже не посмотришь на меня?
Хорошо.
Ты слишком молода, чтобы что-то знать о детях.
Я уверена, агентство сказало, что тебе 25.
Тебе ведь не 25, правда?
На 25 ты совсем не похожа.
Ты раньше работала гувернанткой?
Нет.
Но вообще у тебя хоть какая-нибудь работа была?
Да, была.
Но ты вообще когда-нибудь заканчиваешь фразы?
Да, если мне позволяют.
Ладно, давай начнём сначала.
Сядь.
Расскажи о себе.","Ну что, ты даже не собираешься посмотреть на меня?
Конечно.
Ты слишком молода, чтобы хоть что-то понимать в детях.
Я уверена, в агентстве сказали, что тебе 25.
Тебе ведь не 25, да?
На 25 ты совсем не тянешь.
Ты раньше когда-нибудь работала гувернанткой?
Нет.
Но вообще у тебя хоть какая-то работа была?
Да, была.
Но ты вообще когда-нибудь заканчиваешь предложение?
Да, если мне дают.
Ладно, давай начнём сначала.
Садись.
Расскажи мне о себе.",,
best-pair-0109,44605-rus_Cyrl,"Good job here.
Let's move it a little bit more.
Watch out.
Tucker, let's just kick it over.
Hey.
Hey, hey.
Then let's just move this one out, because the Tucker will be a little sassy with precious, and she'll kind of boss around with food.
That's why we got to move it around, John.
Okay, so they have their hey, of course they want their pellets.
Eat their pellets first before their hey, hey.
So yeah, let's get that.","Хорошо получилось здесь.
Давай подвинем это ещё немного.
Осторожно.
Такер, давай просто пнём это туда.
Эй.
Эй, эй.
Тогда давай просто уберём вот это, потому что Такер будет немного дерзить с Precious и начнёт командовать из-за еды.
Вот почему нам нужно всё переставить, Джон.
Ладно, у них есть сено, но, конечно, они хотят свои гранулы.
Пусть сначала съедят гранулы, а потом уже сено.
Так что да, давай возьмём это.","Молодец.
Давай ещё чуть-чуть это подвинем.
Осторожно.
Такер, давай просто отпихнём это ногой.
Эй.
Эй, эй.
Тогда давай уберём вот это, потому что Такер будет немного задираться к Precious и начнёт командовать из-за еды.
Вот почему нам надо это переставить, Джон.
Ладно, сено у них есть, но, конечно, они хотят свои гранулы.
Пусть сначала съедят гранулы, а потом уже сено.
Так что да, давай возьмём это.",,
best-pair-0110,44784-rus_Cyrl,"And in the shower, I have a set of lemon shampoo and conditioner and lemon soap.
Oh, I cleaned my room just for you.
Oh.
Thank you.
So I am Fredericks plant babysitter.
So we have his plants here.","А в душе у меня набор лимонного шампуня и кондиционера и лимонное мыло.
О, я убрала свою комнату специально для тебя.
О.
Спасибо.
Так что я присматриваю за растениями Фредерика.
Так что его растения у нас здесь.","А в душе у меня лимонный шампунь, кондиционер и лимонное мыло.
О, я убрала комнату специально для тебя.
О.
Спасибо.
Так что я присматриваю за растениями Фредерика.
Поэтому его растения сейчас стоят у нас здесь.",,
best-pair-0111,44780-rus_Cyrl,"All right.
So the first step, the napkin.
So I remember I was supposed to take it off from the side and.
Touch these corners.
And then have the seam facing forward.
All right, so let's try this out.
Let's taste it.
I'm excited.
Oh my God.
I'm not supposed to make noise.","Хорошо.
Итак, первый шаг — салфетка.
Насколько я помню, её нужно было снять сбоку и...
Коснуться этих уголков.
А потом расположить так, чтобы шов был спереди.
Хорошо, давайте попробуем.
Давайте попробуем на вкус.
Я в предвкушении.
О боже.
Мне нельзя издавать звуки.","Ладно.
Итак, первый шаг — салфетка.
Помню, её нужно было снять сбоку и...
Коснуться этих уголков.
А потом повернуть так, чтобы шов был спереди.
Ладно, давайте попробуем.
Попробуем на вкус.
Мне не терпится.
О боже.
Мне нельзя издавать звуки.",,
best-pair-0112,44653-rus_Cyrl,"Laverne, you you forget about moving.
I want you to call down.
I want to reserve the auditorium for tomorrow.
Then call every doctor in this building and tell them to be there for a rally.
We are going to fight this.
The great Kirk Corporation.
Well, it's an uphill battle against these corporations.
But I'm with you all the way.
It's like my daddy used to say, never give up a pediatrics office without a fight.
Your daddy said that?
Well, actually, he said about a whiskey still.
But I'm adapting it to the present situation.","Лаверн, ты забудь о переезде.
Спустись и позвони.
Я хочу забронировать актовый зал на завтра.
Потом обзвони всех врачей в этом здании и скажи, чтобы они пришли туда на митинг.
Мы будем с этим бороться.
С великой корпорацией Kirk.
Ну, это будет тяжёлая борьба против таких корпораций.
Но я с тобой до конца.
Как любил говорить мой папа, никогда не отдавай педиатрический кабинет без боя.
Твой папа так говорил?
Ну, вообще-то это он говорил про самогонный аппарат.
Но я подгоняю это под нынешнюю ситуацию.","Лаверн, ты забудь о переезде.
Я хочу, чтобы ты позвонила вниз.
Я хочу забронировать аудиторию на завтра.
Потом обзвони всех врачей в этом здании и скажи им, чтобы были там на митинге.
Мы будем с этим бороться.
Великая корпорация Kirk.
Ну, это тяжёлая борьба против этих корпораций.
Но я с тобой до конца.
Как говорил мой папа, никогда не отдавай кабинет педиатрии без боя.
Твой папа так говорил?
Ну, вообще-то он говорил это про самогонный аппарат.
Но я приспосабливаю это к нынешней ситуации.",,
best-pair-0113,44695-rus_Cyrl,"<p>@JugglingWithEggs at least in my friend circle mobile phones not uncommon from early 90s, but they cost a *lot* to call from a landline (so if you were living at home your parents would discourage it), and until 1995-1999 were insecure, anyone with a radio scanner could (and often did) listen to them.<br>Whilst radio scanners were out of the price range of youths, many older folk had them, and until late 90s were often the kind of radio enthusiast who was a Tory bootlicker and supported the Police and other Establishment organisations, so you if discussing anything subversive on a mobile phone you risked being grassed up..<br>Ironically the tide turned by late 90s when scanners became affordable, and the Police were still on analogue radios 😁</p>
<p>@JugglingWithEggs by late 1990s everyone had a mobile phone and calls were cheaper (often with a good amount of free minutes) but SMS messages were unreliable and initially didn't even work across networks - people actually talked to each other on them! <br>One difference was access to physical spaces wasn't as heavily controlled as today - even though there was still CCTV and locals would call old bill on youths ""hanging around"", there was neither sufficient boots on the ground nor interconnected CCTV (a real security guard had to watch the footage locally, and property owners generally didn't want to pay for these folk at evenings and weekends. <br>There were also fewer cops on duty in outer suburbs during nights/weekends - they were all deployed into the town centres)</p>
<p>@vfrmedia <br>I remember texts sometimes taking hours to come through in the early noughties - so not always great for making on the fly arrangements. <br>Living in market town definitely meant less cctv and coppers back in 90’s. Remember difference when heading out into Bournemouth or Norwich of an evening. But young people having fun wasn’t frowned upon like it is now. My earlier post about facial recognition was about area where there has been uptick in teens just hanging out.</p>","<p>@JugglingWithEggs по крайней мере в моём кругу друзей мобильники были не редкостью уже с начала 90-х, но звонить на них с домашнего телефона было *очень* дорого (так что если ты жил с родителями, они это не поощряли), а до 1995–1999 годов связь была небезопасной — любой, у кого был радиосканер, мог (и нередко так и делал) подслушивать разговоры.<br>Хотя для молодёжи радиосканеры обычно были слишком дорогими, у многих людей постарше они были, и до конца 90-х это часто были как раз такие радиолюбители, которые лизали сапоги тори и поддерживали полицию и прочие структуры истеблишмента, так что если ты обсуждал по мобильнику что-то крамольное, был риск, что на тебя настучат..<br>Иронично, что к концу 90-х всё перевернулось: сканеры стали доступными по цене, а полиция всё ещё сидела на аналоговой связи 😁</p>
<p>@JugglingWithEggs к концу 1990-х мобильник был уже у всех, и звонки стали дешевле (часто ещё и с хорошим пакетом бесплатных минут), но SMS были ненадёжными и поначалу даже не работали между разными сетями — люди реально разговаривали друг с другом по телефону! <br>Ещё одно отличие было в том, что доступ в физические пространства не контролировался так жёстко, как сегодня — хотя камеры уже были, и местные вызывали ментов на молодёжь, которая «тусуется без дела», ни достаточного количества патрулей на местах, ни связанных между собой систем видеонаблюдения тогда толком не было (нужен был живой охранник, чтобы смотреть записи на месте, а владельцы объектов обычно не хотели платить таким людям за вечера и выходные). <br>И копов на дежурстве в дальних пригородах по ночам и выходным тоже было меньше — их всех стягивали в центры городов)</p>
<p>@vfrmedia <br>Помню, в начале нулевых смски иногда приходили только через несколько часов — так что для спонтанных договорённостей это было не всегда удобно. <br>Жизнь в небольшом рыночном городке в 90-е точно означала меньше камер и копов. Помню эту разницу, когда вечером выбирался в Борнмут или Норидж. Но на молодёжь, которая просто веселилась, тогда не смотрели с таким неодобрением, как сейчас. В моём более раннем посте про распознавание лиц речь шла о районе, где стало заметно больше подростков, которые просто тусуются.</p>","<p>@JugglingWithEggs по крайней мере в моём кругу друзей мобильники были не редкостью уже с начала 90-х, но звонить на них с домашнего телефона стоило *очень* дорого (так что если ты жил с родителями, они бы это не поощряли), а до 1995–1999 годов связь была небезопасной — любой, у кого был радиосканер, мог (и часто так и делал) слушать чужие разговоры.<br>Хотя молодёжи радиосканеры обычно были не по карману, у многих людей постарше они были, и до конца 90-х это нередко были такие радиолюбители, которые лизали сапоги тори и поддерживали полицию и прочие институты истеблишмента, так что если ты обсуждал по мобильнику что-то крамольное, был риск, что на тебя настучат..<br>Иронично, что к концу 90-х всё перевернулось: сканеры стали доступными по цене, а полиция всё ещё сидела на аналоговой связи 😁</p>
<p>@JugglingWithEggs к концу 1990-х мобильник был уже у всех, и звонки стали дешевле (часто ещё и с приличным пакетом бесплатных минут), но SMS были ненадёжными и поначалу даже не работали между разными сетями — люди реально разговаривали друг с другом по телефону! <br>Ещё одно отличие было в том, что доступ в реальные места не контролировался так жёстко, как сегодня — хотя камеры уже были и местные вызывали ментов на молодёжь, которая «ошивается без дела», ни патрулей на местах, ни связанных между собой систем видеонаблюдения тогда толком не было (нужен был живой охранник, чтобы смотреть записи на месте, а владельцы объектов обычно не хотели платить таким людям за вечерние смены и выходные). <br>И копов на дежурстве в отдалённых пригородах по ночам и выходным тоже было меньше — их всех стягивали в центры городов)</p>
<p>@vfrmedia <br>Помню, в начале нулевых смски иногда доходили только через несколько часов — так что для спонтанных договорённостей это было не всегда удобно. <br>Жизнь в небольшом торговом городке в 90-е точно означала меньше камер и копов. Помню эту разницу, когда вечером выбирался в Борнмут или Норидж. Но на молодёжь, которая просто веселилась, тогда не смотрели с таким осуждением, как сейчас. В моём более раннем посте про распознавание лиц речь шла о районе, где стало заметно больше подростков, которые просто тусуются.</p>",,
best-pair-0114,44659-rus_Cyrl,"<p>I'm doing a eekly 1hr meeting where I'm going over with a director of engineering my soap box on managing a product management organization and actually it's coming out to be a pretty good episodic thing</p>
<p>Topics have been<br>- different types of product managers and the basic skill sets in developing requirements<br>- how product managers ensure an ongoing cadence for an engineering team<br>- dealing with product managers with varying backgrounds (engineering, data analyst, operational SME, consulting etc)<br>what's been fun is that this Director and I worked at a previous company with product managers that I didn't manage and I'm able to reference ""hey remember that person? that person was awesome and here's why.""</p>
<p>so in various email chains and slack threads I'll forward them to said director (if he's already not in there) and be like ""ok a GOOD product manager would do THIS"" and a ""BAD product maanger would do THAT"" rememember when so and so did THIS? that was good.</p>","<p>У меня каждую неделю часовая встреча с директором по разработке, где я излагаю ему свои соображения о том, как управлять командой продакт-менеджмента, и, если честно, из этого получается очень даже неплохая такая серия эпизодов</p>
<p>Темы были такие<br>- разные типы продакт-менеджеров и базовые навыки, нужные для проработки требований<br>- как продакт-менеджеры поддерживают для команды разработки стабильный рабочий ритм<br>- как работать с продакт-менеджерами с самым разным бэкграундом (разработка, дата-аналитика, операционная экспертиза, консалтинг и т. д.)<br>что особенно забавно — мы с этим директором раньше работали в одной компании с продакт-менеджерами, которыми я не руководил, и я могу сказать: «эй, помнишь того человека? он был офигенный, и вот почему».</p>
<p>Так что в разных email-цепочках и тредах в Slack я пересылаю это тому самому директору (если его там еще нет) и такой: «ок, ХОРОШИЙ продакт-менеджер сделал бы ВОТ ТАК», а «ПЛОХОЙ продакт-менеджер сделал бы ВОТ ЭДАК». Помнишь, как такой-то сделал ВОТ ТАК? Вот это было хорошо.</p>","<p>У меня каждую неделю есть часовой созвон с директором по разработке, где я вываливаю на него свои любимые мысли про то, как управлять командой продакт-менеджмента, и, если честно, получается прям довольно неплохой такой сериал</p>
<p>Темы были такие<br>- разные типы продакт-менеджеров и базовые навыки для проработки требований<br>- как продакт-менеджеры поддерживают для инженерной команды постоянный рабочий ритм<br>- как иметь дело с продакт-менеджерами с самым разным бэкграундом (разработка, дата-аналитика, операционная экспертиза, консалтинг и т. д.)<br>что особенно забавно — мы с этим директором раньше работали в другой компании с продакт-менеджерами, которыми я не руководил, и я могу сказать: «эй, помнишь того человека? он был офигенный, и вот почему».</p>
<p>И вот в разных email-цепочках и тредах в Slack я пересылаю это тому самому директору (если его там еще нет) и такой: «ок, ХОРОШИЙ продакт-менеджер сделал бы ВОТ ТАК», а «ПЛОХОЙ продакт-менеджер сделал бы ВОТ ЭДАК». Помнишь, как такой-то сделал ВОТ ТАК? Вот это было круто.</p>",,
best-pair-0115,44741-rus_Cyrl,"<p>Relentless Clan power past Steelers in statement home win</p>
<p>The Clan got off to a strong start with Joe Hazeldine slamming a first-time shot into the Sheffield net after some nice slip passing between Hugo Roy and Deven Sideroff.</p>
<p>Despite some strong defensive play from Glasgow, the Steelers found a breakthrough via Brien Diffley's sharp shooting through traffic before Mikko Juusola gave the visitors the lead with a deflected shot from right wing.</p>
<p>In the second period, the Clan saw momentum swing their way with Steven Seigo slipping a tidy finish from close-range past Matthew Greenfield to tie the game up.</p>
<p>Shortly after, Rylan Schwartz grabbed a go-ahead goal with a bullet from the backdoor after some luck with the Clan avoiding a too many men call.</p>
<p>Sheffield forced their way back into the game with Ryan Tait driving on net and backhanding a shot which Brine saved but didn't keep hold of as Kevin Tansey poked a third goal over the line for the visitors.</p>
<p>With the score line tied going into the final frame, the noise peaked inside Braehead and Glasgow gained control of the game.</p>
<p>Tristin Langan saw retribution for the ongoing battle he had to put up with throughout the game with Mitchell Heard as he cracked the bar with a beautiful finish to give his side the lead.</p>
<p>A holding penalty on Miihkali Teppo applied pressure to the hosts' advantage late on with the Steelers pulling their netminder for the extra attacker.</p>
<p>Langan grabbed his second of the game on the empty net though to round off the night with a well-earned and much-needed two points for the Clan on home ice.</p>
<p>Glasgow Clan head coach, Corey Neilson said after the game: ""We were the better team. Our forecheck was excellent, that's something we've worked on all week and it was relentless tonight. The identity we were looking for is starting to show. It was really enjoyable to coach with full lines and take advantage of a team that's playing short, because usually we're on the other side of that.""</p>
<p>Sheffield Steelers head coach, Aaron Fox, said: ""I thought we were pretty good for the majority of the game. Glasgow jumped on us early, but our bounce back was good. Our guys were gassed by the end, we only had three lines but we were in the battle all game, I can't fault the compete level of our guys.""</p>","<p>«Клан» уверенно переиграл «Стилерс» и одержал показательную домашнюю победу</p>
<p>«Клан» мощно начал матч: Джо Хейзелдайн с ходу вколотил шайбу в ворота «Шеффилда» после отличной скрытой передачи, разыгранной Уго Руа и Девеном Сайдероффом.</p>
<p>Несмотря на надёжную игру «Глазго» в обороне, «Стилерс» сумели найти путь к воротам: Бриен Диффли точно бросил сквозь трафик, а затем Микко Юусола вывел гостей вперёд рикошетным броском с правого фланга.</p>
<p>Во втором периоде инициатива перешла к «Клану», и Стивен Сейго аккуратно отправил шайбу в ворота Мэттью Гринфилда с близкой дистанции, сравняв счёт.</p>
<p>Вскоре после этого Райлан Шварц вывел хозяев вперёд, мощно замкнув передачу на дальней штанге после того, как «Клану» повезло избежать удаления за нарушение численного состава.</p>
<p>«Шеффилд» сумел вернуться в игру: Райан Тейт прорвался к воротам и нанёс бросок с неудобной руки, который Брин отразил, но не сумел зафиксировать, и Кевин Тэнси добил шайбу в сетку, забросив третью шайбу гостей.</p>
<p>При равном счёте перед заключительным периодом шум на арене в Брэхеде достиг пика, а «Глазго» захватил контроль над игрой.</p>
<p>Тристин Ланган, который весь матч вёл жёсткую борьбу с Митчеллом Хёрдом, добился своего и красивым броском от перекладины вывел свою команду вперёд.</p>
<p>Удаление Миихкали Теппо за задержку создало давление на хозяев в концовке, когда «Стилерс» сняли вратаря ради дополнительного полевого игрока.</p>
<p>Однако Ланган оформил свой второй гол в матче, поразив пустые ворота, и поставил точку в этом вечере, принеся «Клану» заслуженные и столь необходимые два очка на домашнем льду.</p>
<p>Главный тренер «Глазго Клан» Кори Нилсон после матча сказал: «Мы были сильнее. Наш форчекинг был великолепен, это то, над чем мы работали всю неделю, и сегодня он был неослабевающим. Та игровая идентичность, которую мы искали, начинает проявляться. Было действительно приятно работать, имея полные сочетания, и воспользоваться тем, что соперник играл в усечённом составе, потому что обычно в такой ситуации оказываемся мы».</p>
<p>Главный тренер «Шеффилд Стилерс» Аарон Фокс сказал: «Думаю, большую часть матча мы действовали довольно хорошо. «Глазго» сразу навязал нам давление, но мы хорошо отреагировали. К концовке наши ребята выдохлись, у нас было только три звена, но мы оставались в борьбе весь матч, и я не могу упрекнуть команду в недостатке самоотдачи».</p>","<p>Неутомимый «Клан» уверенно разобрался со «Стилерс» и одержал знаковую домашнюю победу</p>
<p>«Клан» мощно начал встречу: Джо Хейзелдайн в касание вколотил шайбу в ворота «Шеффилда» после изящной комбинации с участием Уго Руа и Девена Сайдероффа.</p>
<p>Несмотря на надёжную игру «Глазго» в обороне, «Стилерс» сумели сравнять счёт благодаря резкому броску Брайена Диффли сквозь трафик, а затем Микко Юусола вывел гостей вперёд броском с правого края, после которого шайба изменила направление.</p>
<p>Во втором периоде инициатива перешла к «Клану»: Стивен Сейго хладнокровно завершил атаку броском с близкой дистанции мимо Мэттью Гринфилда и восстановил равновесие.</p>
<p>Вскоре Райлан Шварц вывел хозяев вперёд, мощно замкнув передачу у дальней штанги после того, как «Клану» повезло избежать удаления за нарушение численного состава.</p>
<p>«Шеффилд» сумел вернуться в игру: Райан Тейт прорвался к воротам и бросил с неудобной руки, Брайн отразил шайбу, но не сумел её зафиксировать, и Кевин Тэнси протолкнул её за линию ворот, забросив третью шайбу гостей.</p>
<p>При равном счёте перед заключительным периодом шум на арене в Брэхеде достиг предела, а «Глазго» захватил контроль над ходом встречи.</p>
<p>Тристин Ланган, весь матч выдерживавший жёсткое противостояние с Митчеллом Хёрдом, в итоге ответил лучшим образом — красивым броском от перекладины вывел свою команду вперёд.</p>
<p>Удаление Миихкали Теппо за задержку соперника добавило напряжения в концовке, когда «Стилерс» сняли вратаря ради шестого полевого игрока.</p>
<p>Однако Ланган забросил свою вторую шайбу в матче уже в пустые ворота, поставив эффектную точку в игре и принеся «Клану» заслуженные и столь необходимые два очка на домашнем льду.</p>
<p>Главный тренер «Глазго Клан» Кори Нилсон после матча сказал: «Мы были сильнее. Наш форчекинг был великолепен, это именно то, над чем мы работали всю неделю, и сегодня он был неутомимым. Та игровая идентичность, которую мы искали, начинает проявляться. Было действительно приятно работать, имея в распоряжении полные звенья, и воспользоваться тем, что соперник играл в усечённом составе, потому что обычно в такой ситуации оказываемся мы».</p>
<p>Главный тренер «Шеффилд Стилерс» Аарон Фокс сказал: «Думаю, большую часть матча мы выглядели довольно хорошо. «Глазго» с первых минут навязал нам высокий темп, но мы сумели хорошо отреагировать. К концовке ребята выдохлись — у нас было только три звена, но мы оставались в игре весь матч, и я не могу упрекнуть их в недостатке самоотдачи».</p>",,
best-pair-0116,44697-rus_Cyrl,"<p>Today's Sunday Best features my Knight from Ragnarok Online! This was my very first online PC game, he was an agi/dex 2HQ knight w/ a set of elemental claymores. I played on iRO Loki, and had two drawings featured as loadscreen art!<br>My online handle stems from this guy. O'Reiley -&gt; Reiley -&gt; Rally</p>
<p>Coming in just under the wire on today's Sunday Best, it's my Deep Rock Galactic Engineer! The loadout I ran most of the time was Executioner LOK-1 &amp; RJ-250 Grenade Launcher. I think the LOK-1 is one of the coolest weapon designs in an FPS, a lock-on mechanic that encouraged finesse &amp; deep mastery.</p>
<p>This week's Sunday Best is my Xenoverse OC, Parma (for parmesan cheese). She had a partner named Brie. Parma dressed up to match the teachers she studied under, but her final fit reflected the one she started with, styled to match this one pair of gloves. She used Giant Storm &amp; Double Sunday a lot.</p>
<p>For my Sunday Best I drew my Paxultek from Remnant II. The goal of my build was to make the damage number from a single shot as large as possible. I used a Widowmaker single-shot elephant rifle we nicknamed The Governor. It was so strong it one-shot teammates through friendly fire damage reduction.</p>
<p>Today's Sunday Best features my funny gay dog lady from Webfishing. Her voice had a deeper, slower pitch so she sounded old &amp; chill. One time I joined a full server, sat somewhere &amp; started posting practical life advice, bits of big-sister wisdom, &amp; the whole server found me &amp; sat with me to listen.</p>
<p>It's Sunday, today's feature is my Darktide Zealot. Her name is Callista, she's chasing sainthood to be pardoned of her many crimes so she won't have to apologize for any of them. She has black dreams full of teeth and is constantly flirting with female Loner Psykers. She's unwell, but Female Loose Cannon Veterans think it's endearing and constantly hit on her for it. Their in-game voices say all of this.</p>
<p>Today's Sunday Best feature is QP from 100% Orange Juice! I played OJ a lot with my fighting game friends; for some reason I'd always have the hand pictured here. We used to post in text chat during games and I'd always say, Do NOT test me. I played so much QP the devs awarded me a special QP badge!</p>
<p>This week's Sunday Best is ""Local Psychopath,"" Fem Boss #1 from Saint's Row 3. This was the first game I wanted to use the create-a-feature to make a character who blended in with the cast and looked like a genuine member of the Third Street Saints. I picked 3 cuz my favorite jacket wasn't in 4. :(</p>
<p>For today's Sunday Best I've got my Animal Crossing Villager to share. My favorite way to play these games is as part of a global cartel of goons who shared their wealth. When one person had big Turnips, everyone got paid. No profiteering; you need a rare item to make your room idea work? We got you.</p>
<p>It's technically Sunday, and this week's fit lands a bit early! I don't Tekken very often, but when I do I like to pick Steve and do all his slippery punches. In Tekken 7 he had a loose-fit, full-body track suit, so I made him into a deer man. When he's in Peekaboo Stance the antlers point forward!</p>
<p>This week's Sunday Best feature is Gaige from Borderlands 2. Pure Anarchy is one of the coolest FPS mechanics in the genre, an escalating accumulation of power that came with a diminishing level of control, lowering both TTK &amp; effective range. Ride the wave &amp; figure it out on the fly, it'll be fine.<br>Gaige's voice actress plays V in Cyberpunk 2077, I learned recently. An old friend.</p>
<p>Today's Sunday Best isn't a person, it's a plane from an old Vlambeer game called Luftrausers! The music changes to match your airplane. My favorite configuration is called ""Shipwreck,"" a sword-hulled amphibious prop plane with shotgun cannons, it can divebomb through boats &amp; burst up from the sea.</p>
<p>Tonight our Sunday Best feature is the Houndmaster from a charming Crawl-like sidescroller called Vagante. Lovingly referred to as the Dogmancer, I loved to spec into skills that increased damage when you threw the dog at monsters. The dog roams on its own, but you can also carry it on your back!</p>
<p>For this week's Sunday Best we're going all the way back to Cyborg Justice on the Genesis. I played this game a lot and I always liked to make this one guy: round torso, big stampy feet and the buzzsaw hand. I always remember the magazine ad for this game vividly; you might too if you're of an age.</p>
<p>I did a bit of archaeological research to uncover references for this week's Sunday Best. This was my guy from Loadout, a third-person arena shooter about fiddly weapon customization. My main gun was an electric pulse cannon called ""Kill-a-Watts"" and the backup was a flaming LMG named ""Roast Beef.""</p>","<p>В сегодняшнем Sunday Best — мой рыцарь из Ragnarok Online! Это была моя самая первая онлайн-игра на ПК, он был agi/dex 2HQ-рыцарем с набором стихийных клейморов. Я играл(а) на iRO Loki, и два моих рисунка попали на загрузочные экраны!<br>Мой онлайн-ник пошёл именно от этого парня. O'Reiley -&gt; Reiley -&gt; Rally</p>
<p>Едва успевая в сегодняшнее Sunday Best — мой инженер из Deep Rock Galactic! Чаще всего я бегал(а) с Executioner LOK-1 и гранатомётом RJ-250. Мне кажется, LOK-1 — один из самых крутых дизайнов оружия в FPS: механика захвата цели, которая поощряла точность и глубокое освоение.</p>
<p>Sunday Best на этой неделе — моя OC из Xenoverse, Парма (в честь пармезана). У неё была напарница по имени Бри. Парма одевалась под учителей, у которых училась, но её финальный образ перекликался с самым первым, уже подогнанным под эту единственную пару перчаток. Она часто юзала Giant Storm и Double Sunday.</p>
<p>Для своего Sunday Best я нарисовал(а) своего Paxultek из Remnant II. Цель моего билда была в том, чтобы сделать цифру урона от одного выстрела как можно больше. Я использовал(а) однозарядную слоновью винтовку Widowmaker, которую мы прозвали The Governor. Она была настолько мощной, что ваншотала тиммейтов даже через снижение урона от дружественного огня.</p>
<p>В сегодняшнем Sunday Best — моя смешная собачья леди-лесбиянка из Webfishing. Голос у неё был ниже и медленнее, так что звучала она как взрослая и расслабленная тётка. Однажды я зашёл(зашла) на полный сервер, сел(а) где-то в сторонке и начал(а) писать практичные жизненные советы, всякие крупицы мудрости от старшей сестры, и в итоге весь сервер меня нашёл и уселся рядом слушать.</p>
<p>Сегодня воскресенье, а значит, сегодняшняя звезда — мой зилот из Darktide. Её зовут Каллиста, она гонится за святостью, чтобы ей простили её многочисленные преступления и ей не пришлось извиняться ни за одно из них. Ей снятся чёрные сны, полные зубов, и она постоянно флиртует с женскими Loner Psyker'ами. С ней явно не всё в порядке, но Female Loose Cannon Veterans находят это очаровательным и всё время к ней подкатывают. Их игровые реплики буквально всё это и проговаривают.</p>
<p>В сегодняшнем Sunday Best — QP из 100% Orange Juice! Я много играл(а) в OJ с друзьями по файтингам; почему-то у меня почти всегда была именно такая рука, как тут на картинке. Мы раньше писали в текстовый чат прямо во время матчей, и я всегда говорил(а): НЕ НАДО меня проверять. Я так много играл(а) за QP, что разрабы даже выдали мне специальный значок QP!</p>
<p>Sunday Best на этой неделе — «Местная психопатка», Fem Boss #1 из Saint's Row 3. Это была первая игра, где мне захотелось использовать редактор персонажа, чтобы сделать героиню, которая органично вписывалась бы в каст и выглядела как настоящая участница Third Street Saints. Я выбрал(а) 3, потому что моей любимой куртки не было в 4. :(</p>
<p>Для сегодняшнего Sunday Best у меня есть мой житель из Animal Crossing. Мой любимый способ играть в эти игры — быть частью глобального картеля корешей, которые делились своим богатством. Если у кого-то были большие цены на репу, зарабатывали вообще все. Никакого барыжничества; тебе нужен редкий предмет, чтобы идея для комнаты сработала? Мы прикроем.</p>
<p>Технически всё ещё воскресенье, и образ этой недели выходит чуть пораньше! Я не так уж часто играю в Tekken, но когда играю, люблю брать Стива и раскидывать все его скользкие удары. В Tekken 7 на нём был свободный цельный спортивный костюм, так что я сделал(а) из него человека-оленя. Когда он в Peekaboo Stance, рога смотрят вперёд!</p>
<p>Sunday Best на этой неделе — Гейдж из Borderlands 2. Pure Anarchy — одна из самых крутых FPS-механик в жанре: нарастающее накопление мощи, которое шло рука об руку с постепенной потерей контроля, снижая и TTK, и эффективную дальность. Просто оседлай волну и разбирайся на ходу, всё будет норм.<br>Недавно узнал(а), что актриса озвучки Гейдж играет V в Cyberpunk 2077. Старый друг.</p>
<p>Сегодняшний Sunday Best — это не человек, а самолёт из старой игры Vlambeer под названием Luftrausers! Музыка меняется под твой самолёт. Моя любимая конфигурация называется ""Shipwreck"" — амфибийный винтовой самолёт с корпусом-мечом и дробовиковыми пушками; он может с пикирования прошивать лодки и вырываться прямо из моря.</p>
<p>Сегодня вечером в Sunday Best — Houndmaster из очаровательного сайдскроллера в духе Crawl под названием Vagante. Мы ласково звали его Dogmancer, и мне ужасно нравилось вкачиваться в навыки, которые повышали урон, когда ты швыряешь собаку в монстров. Пёс бегает сам по себе, но его ещё можно носить на спине!</p>
<p>Для Sunday Best на этой неделе мы откатываемся аж к Cyborg Justice на Genesis. Я много играл(а) в эту игру, и мне всегда нравилось собирать вот этого одного парня: круглый торс, огромные топающие ноги и рука-циркулярка. Я до сих пор очень ярко помню журнальную рекламу этой игры; может, и ты тоже, если по возрасту застал(а).</p>
<p>Я провёл(провела) небольшое археологическое исследование, чтобы откопать референсы для Sunday Best на этой неделе. Это был мой чел из Loadout, арена-шутера от третьего лица про замороченную кастомизацию оружия. Моей основной пушкой была электрическая импульсная пушка под названием ""Kill-a-Watts"", а запаской — горящий LMG по имени ""Roast Beef.""</p>","<p>В сегодняшнем Sunday Best — мой Knight из Ragnarok Online! Это была моя самая первая онлайн-игра на ПК; он был agi/dex 2HQ Knight'ом с набором стихийных клейморов. Я играл(а) на iRO Loki, и целых два моих рисунка попали в загрузочные экраны!<br>Мой онлайн-ник вырос именно из этого парня. O'Reiley -&gt; Reiley -&gt; Rally</p>
<p>Буквально в последний момент для сегодняшнего Sunday Best — мой Engineer из Deep Rock Galactic! Чаще всего я бегал(а) с Executioner LOK-1 и RJ-250 Grenade Launcher. По-моему, LOK-1 — один из самых крутых оружейных дизайнов в FPS: механика захвата цели, которая поощряет аккуратность и глубокое мастерство.</p>
<p>Sunday Best на этой неделе — моя OC из Xenoverse, Парма (как пармезан). У неё была напарница по имени Бри. Парма подбирала наряды под учителей, у которых училась, но её финальный аутфит отсылал к самому первому образу, только уже подогнанному под вот эту одну пару перчаток. Giant Storm и Double Sunday она юзала постоянно.</p>
<p>Для своего Sunday Best я нарисовал(а) своего Paxultek из Remnant II. Весь смысл моего билда был в том, чтобы сделать число урона от одного выстрела как можно больше. Я использовал(а) однозарядную слоновью винтовку Widowmaker, которую мы прозвали The Governor. Она была настолько мощной, что ваншотала тиммейтов даже с учётом снижения урона от дружественного огня.</p>
<p>В сегодняшнем Sunday Best — моя забавная собачья леди-лесбиянка из Webfishing. Голос у неё был ниже и медленнее, так что звучала она как взрослая, расслабленная тётка. Как-то раз я зашёл(зашла) на полный сервер, сел(а) где-то и начал(а) писать практичные жизненные советы, маленькие крупицы мудрости от старшей сестры, и в итоге весь сервер меня нашёл и уселся рядом слушать.</p>
<p>Сегодня воскресенье, а значит, сегодняшняя звезда — мой Zealot из Darktide. Её зовут Каллиста; она гонится за святостью, чтобы ей простили её многочисленные преступления и ей не пришлось извиняться ни за одно из них. Ей снятся чёрные сны, полные зубов, и она постоянно флиртует с женскими Loner Psyker'ами. С ней явно не всё в порядке, но Female Loose Cannon Veterans считают это милым и всё время к ней подкатывают. Их игровые голоса буквально всё это и озвучивают.</p>
<p>В сегодняшнем Sunday Best — QP из 100% Orange Juice! Я много играл(а) в OJ с друзьями по файтингам; почему-то у меня почти всегда была именно та рука, что изображена здесь. Мы раньше писали в текстовый чат прямо во время матчей, и я всегда говорил(а): НЕ НАДО меня испытывать. Я так много играл(а) за QP, что разрабы даже выдали мне специальный значок QP!</p>
<p>Sunday Best на этой неделе — «Местная психопатка», Fem Boss #1 из Saint's Row 3. Это была первая игра, где мне захотелось использовать редактор персонажа, чтобы сделать героиню, которая органично вписывалась бы в состав и выглядела как настоящая участница Third Street Saints. Я выбрал(а) 3, потому что моей любимой куртки не было в 4. :(</p>
<p>Для сегодняшнего Sunday Best у меня есть мой житель из Animal Crossing. Мой любимый способ играть в такие игры — быть частью глобального картеля корешей, которые делились своим богатством. Если у кого-то были жирные Turnips, в плюсе оставались все. Никакого барыжничества; тебе нужен редкий предмет, чтобы заработала идея для комнаты? Мы всё устроим.</p>
<p>Технически это всё ещё воскресенье, и образ этой недели выходит чуть пораньше! Я не так уж часто играю в Tekken, но когда играю, люблю брать Стива и раздавать все его скользкие удары. В Tekken 7 на нём был свободный цельный спортивный костюм, так что я сделал(а) из него человека-оленя. Когда он в Peekaboo Stance, рога смотрят вперёд!</p>
<p>Sunday Best на этой неделе — Гейдж из Borderlands 2. Pure Anarchy — одна из самых крутых FPS-механик в жанре: нарастающая мощь, которая приходит вместе с постепенно убывающим контролем, снижая и TTK, и эффективную дальность. Просто оседлай волну и разбирайся по ходу дела, всё будет нормально.<br>Недавно узнал(а), что актриса озвучки Гейдж играет V в Cyberpunk 2077. Старый друг.</p>
<p>Сегодняшний Sunday Best — это не человек, а самолёт из старой игры Vlambeer под названием Luftrausers! Музыка меняется под твой самолёт. Моя любимая конфигурация называется ""Shipwreck"" — амфибийный винтовой самолёт с корпусом-клинком и дробовиковыми пушками; он может с пикирования прошивать лодки и вырываться из моря наверх.</p>
<p>Сегодня вечером в Sunday Best — Houndmaster из очаровательного сайдскроллера в духе Crawl под названием Vagante. Мы с любовью звали его Dogmancer, и мне ужасно нравилось вкачиваться в навыки, которые увеличивали урон, когда ты швыряешь собаку в монстров. Пёс бродит сам по себе, но его ещё можно носить на спине!</p>
<p>Для Sunday Best на этой неделе мы откатываемся аж к Cyborg Justice на Genesis. Я много играл(а) в эту игру и мне всегда нравилось собирать вот этого одного типа: круглый торс, огромные топающие ноги и рука-циркулярка. Я до сих пор очень ярко помню журнальную рекламу этой игры; может, и ты тоже, если достаточно взрослый(ая).</p>
<p>Я провёл(провела) небольшие археологические раскопки, чтобы откопать референсы для Sunday Best на этой неделе. Это был мой чел из Loadout, арена-шутера от третьего лица про замороченную кастомизацию оружия. Моей основной пушкой была электрическая импульсная пушка под названием ""Kill-a-Watts"", а запасной — горящий LMG по имени ""Roast Beef.""</p>",,
best-pair-0117,44646-rus_Cyrl,"Okay, you know what will happen?
My professors.
You go ahead and continue.
Okay.
This is what you have to do.
I know what to do.
You see here.
Now, by the time you bring this up, this together, it will give you this.
Again, sir, you go ahead.
Continue while I get your food.
Okay.","Ладно, знаешь, что будет?
Мои преподаватели.
Ты давай, продолжай.
Ладно.
Вот что тебе нужно сделать.
Я знаю, что делать.
Видишь здесь.
Теперь, когда ты всё это сведёшь вместе, у тебя получится вот это.
Ещё раз, сэр, продолжайте.
Продолжайте, пока я принесу вам еду.
Ладно.","Ладно, знаешь, что будет?
Мои преподаватели.
Давай, продолжай.
Ладно.
Вот что тебе нужно сделать.
Я знаю, что делать.
Видишь здесь.
Теперь, когда ты вот это сведёшь вместе, у тебя получится вот это.
Ещё раз, сэр, давайте, продолжайте.
Продолжайте, пока я принесу вам еду.
Ладно.",,
best-pair-0118,44772-rus_Cyrl,"Oh, dude, these are fire.
They're like, really, uh, they're really soft.
These might be the world's best gummies, I'm not gonna lie.
So we got a bunch of different color options.
And to be honest with you guys, I think I got to go with what I was wanting to, which is the green and purple gummy worm.
So we're gonna start off with that.
Let me show you exactly how we're gonna rig it.
So we actually have a small Ned head here and we should.
Oh yeah, look at this.","О, чувак, это просто огонь.
Они реально очень мягкие.
Не буду врать, возможно, это лучшие силиконовые приманки в мире.
В общем, у нас тут куча разных расцветок.
И если честно, ребят, думаю, надо взять то, что я и хотел, — зелёно-фиолетового червяка.
Так что начнём с него.
Сейчас покажу вам, как именно мы будем его насаживать.
Так, у нас тут маленькая джиг-головка Ned, и мы должны...
О да, вы только гляньте на это.","О, чувак, это просто огонь.
Они реально очень мягкие.
Не буду врать, это, возможно, лучшие силиконовые приманки в мире.
Так что у нас тут куча разных расцветок.
И, если честно, ребята, думаю, надо взять именно то, что я и хотел, — зелёно-фиолетового червяка.
Так что начнём с него.
Сейчас покажу вам, как именно мы будем его насаживать.
Итак, у нас тут маленькая джиг-головка Ned, и мы должны...
О да, вы только посмотрите на это.",,
best-pair-0119,44713-rus_Cyrl,"<p>I just had a very nice #dream that I made friends with Lee Chaeyeon. I just started talking to her nand the next thing I know, I have stayed over her house (like when the French kidnapped me for Christmas) and she is telling me to go up stairs and ""shuffle up a little bit"" (her English was generally excellent) by which she meant ""tidy up a little bit"" to show her mom we were ready to eat.<br>She comes upstairs to ""shuffle up"" her room and starts making gestures to explain what she means ...<br>1/</p>
<p>(she was always so excited to see me in this dream) because I was taking my coat off instead of ""shuffling up.""<br>Then she indicates this little piece of paper and says she has left me an autograph but in return she wants this little trading card I made in second grade of ""50 Spikes,"" a sonic knock-off, obviously with more spikes. (This card actually exists IRL BTW). I start explaining to her what it is and if she really wants it (she did) I at least needed a picture of her holding it.<br>2/</p>
<p>Partly because I would miss it, but also, otherwise no one would believe me that she had wanted this thing from me.<br>It was then I realized we still didn't have each others' phone numbers.<br>3/3</p>","<p>Мне только что приснился очень классный #сон, где я подружилась с Ли Чэён. Я просто начала с ней болтать, а в следующий момент уже ночую у неё дома (как тогда, когда французы «похитили» меня на Рождество), и она говорит мне подняться наверх и «немного пошуфлить» (английский у неё вообще был отличный), имея в виду «слегка прибраться», чтобы показать её маме, что мы готовы есть.<br>Она поднимается наверх «пошуфлить» в своей комнате и начинает жестами объяснять, что имеет в виду ...<br>1/</p>
<p>(во сне она всё время так радовалась меня видеть), потому что я снимала пальто вместо того, чтобы «шуфлить».<br>Потом она показывает на этот маленький клочок бумаги и говорит, что оставила мне автограф, но взамен хочет эту маленькую коллекционную карточку, которую я сделала во втором классе, с «50 Spikes» — очевидной подделкой под Соника, только с ещё большим количеством шипов. (Эта карточка, кстати, реально существует IRL). Я начинаю объяснять ей, что это такое, и что если она правда её хочет (а она хотела), то мне как минимум нужна фотка, где она держит её в руках.<br>2/</p>
<p>Отчасти потому, что мне было бы жалко с ней расставаться, но ещё и потому, что иначе мне бы никто не поверил, что ей вообще понадобилась эта штука от меня.<br>И тут я поняла, что у нас до сих пор даже нет номеров друг друга.<br>3/3</p>","<p>Мне только что приснился очень классный #сон: я подружилась с Ли Чэён. Я просто начала с ней болтать, а в следующий момент уже ночую у неё дома (как тогда, когда французы «похитили» меня на Рождество), и она говорит мне подняться наверх и «немного пошафлить» (английский у неё вообще был отличный), имея в виду «слегка прибраться», чтобы показать её маме, что мы уже готовы есть.<br>Она поднимается наверх «пошафлить» у себя в комнате и начинает жестами объяснять, что именно имеет в виду...<br>1/</p>
<p>(во сне она всё время так радовалась меня видеть), а я в это время снимала пальто вместо того, чтобы «шафлить».<br>Потом она показывает на этот маленький клочок бумаги и говорит, что оставила мне автограф, но взамен хочет ту маленькую коллекционную карточку, которую я сделала во втором классе, с «50 Spikes» — очевидной копией Соника, только с ещё большим количеством шипов. (Эта карточка, кстати, реально существует). Я начинаю объяснять ей, что это вообще такое, и что если она правда её хочет (а она хотела), то мне как минимум нужна фотка, где она держит её в руках.<br>2/</p>
<p>Отчасти потому, что мне было бы жалко с ней расставаться, но ещё и потому, что иначе мне бы никто не поверил, что ей вообще понадобилась эта штука от меня.<br>И тут я поняла, что у нас до сих пор даже нет номеров друг друга.<br>3/3</p>",,
best-pair-0120,44700-rus_Cyrl,"Ready for another coffee and a bite to eat?
Maybe they have, like, a breakfast sandwich or something?
Yes, for sure.
But I've heard that they're good.
Excited.
Their coffee shop by day, brewery by night.
Oh, this is the place.
Oh, yeah.
It's gonna be a good vibe.
It's so cute in here.
I was, it was gonna be louder here, but.
Do you have calls to take today?","Готовы ещё выпить кофе и что-нибудь перекусить?
Может, у них есть, типа, сэндвич на завтрак или что-то такое?
Да, конечно.
Но я слышал, что тут хорошо.
Я в предвкушении.
Днём у них кофейня, а ночью — пивоварня.
О, вот это место.
О да.
Тут будет классная атмосфера.
Тут так мило.
Я думал, тут будет шумнее, но...
Тебе сегодня нужно созваниваться?","Готовы выпить ещё кофе и перекусить?
Может, у них есть, типа, сэндвич на завтрак или что-то такое?
Да, конечно.
Но я слышал, что они классные.
В предвкушении.
Днём у них кофейня, а ночью пивоварня.
О, вот это место.
О да.
Атмосфера будет что надо.
Тут так мило.
Я думал, здесь будет шумнее, но...
Тебе сегодня нужно отвечать на звонки?",,
best-pair-0121,44739-rus_Cyrl,"Well.
Hello, Edinburgh.
How dare I welcome you to the Edinburgh International Book Festival, the foremost literature festival, certainly in the United Kingdom, if not in the world.
Do we agree?
It's my favourite anyway.
And that's what.
That's what counts.
Because I'm the chair.
A little bit of power corrupts, does it not?","Ну.
Привет, Эдинбург.
Как я смею приветствовать вас на Эдинбургском международном книжном фестивале, самом главном литературном фестивале, уж точно в Соединённом Королевстве, если не во всём мире.
Согласны?
Во всяком случае, это мой любимый.
И вот что.
Вот что имеет значение.
Потому что я председатель.
Немного власти развращает, не так ли?","Ну что ж.
Привет, Эдинбург.
Как я смею приветствовать вас на Эдинбургском международном книжном фестивале — лучшем литературном фестивале, уж точно в Соединённом Королевстве, если не во всём мире.
Согласны?
Во всяком случае, для меня он самый любимый.
И именно это.
Именно это и важно.
Потому что я председатель.
Немного власти ведь развращает, не так ли?",,
best-pair-0122,44667-rus_Cyrl,"Oh my God, are you okay?
Yeah.
I'm fine, thank you.
Poor girl.
Did you see that?
See what?
I didn't, the notebook fell out of her bag.
She's one of us.
Wait, really?
What's been in the closet this whole time?
Have you seen her around before?
No, never.
I'm gonna go check on her.
She seems pretty shaken up.","Боже мой, ты в порядке?
Да.
Я в порядке, спасибо.
Бедняжка.
Ты это видел?
Что именно?
Нет, у неё из сумки выпал блокнот.
Она одна из нас.
Подожди, правда?
Что всё это время было в шкафу?
Ты раньше её здесь видел?
Нет, никогда.
Пойду посмотрю, как она.
Похоже, она сильно потрясена.","Боже мой, ты в порядке?
Да.
Со мной всё хорошо, спасибо.
Бедная девочка.
Ты это видел?
Что именно?
Нет, у неё из сумки выпал блокнот.
Она одна из нас.
Подожди, правда?
Что всё это время было в шкафу?
Ты раньше её здесь видел?
Нет, никогда.
Пойду проверю, как она.
Похоже, она сильно потрясена.",,
best-pair-0123,44633-rus_Cyrl,"I don't see any books in this section here.
Oh, here they are.
Right up here.
All right.
Please, let's just start digging through here and see what we can find.
Hardbacks.
Ooh, high school musical.
That's what I'm talking about, baby.
Oh.
Let's see.
Please.
Come on now, where are you finding a lot of stuff like that?
Monster high slimed.
What the heck?
Slim pickings in here, it looks like.","Я не вижу в этом разделе никаких книг.
О, вот они.
Прямо здесь наверху.
Ладно.
Пожалуйста, давайте просто начнём тут копаться и посмотрим, что сможем найти.
Твёрдые переплёты.
О, High School Musical.
Вот о чём я говорю, детка.
О.
Посмотрим.
Пожалуйста.
Ну же, где вы находите много такого?
Monster High: Slimed.
Что за чёрт?
Похоже, тут негусто.","Я здесь, в этом отделе, вообще никаких книг не вижу.
О, вот они.
Прямо тут, наверху.
Ладно.
Давайте просто тут пороемся и посмотрим, что сможем найти.
Книги в твёрдом переплёте.
О, High School Musical.
Вот это я понимаю, детка.
О.
Так, посмотрим.
Ну пожалуйста.
Слушай, ну где ты находишь столько всего такого?
Monster High: Slimed.
Это что ещё такое?
Похоже, тут выбор небогатый.",,
best-pair-0124,44604-rus_Cyrl,"<p>""An utterly miserable day"": Kempton Park meeting marred by death of three horses</p>
<p>The Lanzarote Hurdle card at Kempton Park was marred by the death of three horses, including the Grade One-winning Kalif Du Berlais, whose loss Paul Nicholls described as ""a big kick in the teeth"" and a ""sad day.""</p>
<p>Kalif Du Berlais - whose ownership group includes Sir Alex Ferguson - unseated Harry Cobden in the four-runner Coral Silviniaco Conti Chase and landed lame, with the broken shoulder he sustained proving untreatable and he was euthanised by the veterinary team on Saturday.</p>
<p>Nicholls said: ""It's a sad day when you lose horses like that, it's hard on the whole team. It's a big kick in the teeth for everyone, the owners, the poor girl who looks after him - you hate to see that happen. He was just showing his class today, he jumped and travelled well and sadly now he will never be able to show the potential we thought he had.</p>
<p>""I can say as much as I like, but it's just a shame for the whole team. Harry was extremely upset and is missing his ride in the last as he doesn't feel great about it. He's a big, bold horse who attacks his fences and those horses, when they do that, can end up having a bad fall.</p>
<p>""He was enthusiastic today and travelling beautifully and we'll never know where we would have ended up, we've always had a lot of faith in him. These things happen, sadly, and we'll have to try to pick ourselves up and move forward. These horses get the best of everything, there's not much you can say to make it better at this point.</p>
<p>""It never gets any easier when these things happen and it's a big old blow.""</p>
<p>In the Coral Daily Rewards Shaker Handicap Chase, Jonjo and AJ O'Neill's Peso was pulled up on the flat with an injury that could not be treated, leaving racecourse vets with no choice but to euthanise him.</p>
<p>Harry Derham saddled Wertpol for the juvenile hurdle and the horse looked to be running a huge race before falling at the last and sustaining a life-ending injury. Derham said on his X account: ""An utterly miserable day at Kempton Park today losing Wertpol who we only had the good fortune of having in our yard for a short period of time.</p>
<p>""It's a sad day when you lose horses like that, it's hard on the whole team. It's a big kick in the teeth for everyone,"" said Paul Nicholls. Photograph: Alan Crowhurst/Getty Images</p>
<p>""He was a bright talent who was fresh and happy doing his work every day, often playing around and expressing himself. He loved his job and I am so sad for his Heart Of The South syndicate, who are the most wonderful group of people. Racing can at times be a painful sport and today has been a tough day for a number of connections. A day to forget.""</p>
<p>A spokesperson for Kempton Park said: ""All of us at Kempton Park care deeply about the welfare of all racehorses, as do the thousands of racing staff who provide them with world-class levels of care at home every day. Our heartfelt condolences are with the connections of all three horses.""</p>","<p>«Совершенно ужасный день»: скаковой день в Кемптон-Парке омрачён гибелью трёх лошадей</p>
<p>Скаковая программа Lanzarote Hurdle в Кемптон-Парке была омрачена гибелью трёх лошадей, в том числе Kalif Du Berlais — победителя скачек первой категории, потерю которого Пол Николлс назвал «тяжёлым ударом» и сказал, что это «печальный день».</p>
<p>Kalif Du Berlais, среди совладельцев которого — сэр Алекс Фергюсон, сбросил Гарри Кобдена в забеге Coral Silviniaco Conti Chase с участием четырёх лошадей и после приземления получил тяжёлую хромоту; перелом плеча, который он при этом получил, оказался неоперабельным, и в субботу ветеринарная бригада была вынуждена его усыпить.</p>
<p>Николлс сказал: «Это печальный день, когда теряешь таких лошадей, это тяжело для всей команды. Это тяжёлый удар для всех — для владельцев, для девушки, которая за ним ухаживает, — такое больно видеть. Сегодня он как раз показывал свой класс: хорошо прыгал, отлично шёл по дистанции, и теперь, к сожалению, уже никогда не сможет показать тот потенциал, который, как мы считали, у него был.</p>
<p>«Можно говорить что угодно, но для всей команды это просто огромное горе. Гарри был крайне расстроен и снялся с последней скачки, потому что ему тяжело после случившегося. Это крупная, смелая лошадь, которая идёт на препятствия очень агрессивно, а такие лошади, когда скачут в таком стиле, могут закончить тяжёлым падением.</p>
<p>«Сегодня он был полон энергии и шёл великолепно, и мы уже никогда не узнаем, чем всё могло закончиться; мы всегда очень в него верили. Такие вещи, к сожалению, случаются, и нам придётся постараться собраться и идти дальше. У этих лошадей есть всё самое лучшее, и сейчас почти невозможно сказать что-то, что могло бы облегчить эту боль.</p>
<p>«Когда такое происходит, к этому никогда не привыкаешь, и это очень тяжёлый удар».</p>
<p>В гандикапе Coral Daily Rewards Shaker Handicap Chase лошадь Peso, выступавшая у Джонджо и Эй Джея О’Ниллов, была остановлена на прямом участке дистанции из-за травмы, не поддававшейся лечению, и у ветеринаров ипподрома не осталось иного выбора, кроме как усыпить её.</p>
<p>Гарри Дерхэм выставил Wertpol на юношеский барьерный заезд, и лошадь, похоже, проводила отличную скачку, прежде чем упасть на последнем препятствии и получить травму, несовместимую с жизнью. Дерхэм написал в своём аккаунте в X: «Сегодня в Кемптон-Парке был совершенно ужасный день — мы потеряли Wertpol, которого нам посчастливилось иметь в нашей конюшне лишь совсем недолгое время.</p>
<p>«Это печальный день, когда теряешь таких лошадей, это тяжело для всей команды. Это тяжёлый удар для всех», — сказал Пол Николлс. Фото: Alan Crowhurst/Getty Images</p>
<p>«Это был яркий талант, который каждый день с охотой и радостью выполнял свою работу, часто играл и проявлял свой характер. Он любил своё дело, и мне очень жаль участников синдиката Heart Of The South — это замечательная группа людей. Скачки порой бывают очень болезненным видом спорта, и сегодня стал тяжёлым днём для многих, кто был связан с этими лошадьми. День, который хочется забыть».</p>
<p>Представитель Кемптон-Парка заявил: «Все мы в Кемптон-Парке глубоко заботимся о благополучии всех скаковых лошадей, как и тысячи работников индустрии скачек, которые ежедневно обеспечивают им дома уход мирового уровня. Мы выражаем искренние соболезнования всем, кто был связан с этими тремя лошадьми».</p>","<p>«Совершенно ужасный день»: соревнования в Кемптон-Парке омрачила гибель трёх лошадей</p>
<p>Программа Lanzarote Hurdle в Кемптон-Парке была омрачена гибелью трёх лошадей, в том числе победителя скачек первого уровня Kalif Du Berlais, утрату которого Пол Николлс назвал «сильнейшим ударом» и «печальным днём».</p>
<p>Kalif Du Berlais, среди владельцев которого числится сэр Алекс Фергюсон, сбросил Гарри Кобдена в забеге Coral Silviniaco Conti Chase с участием четырёх лошадей и приземлился хромым; полученный им перелом плеча оказался не поддающимся лечению, и в субботу ветеринарная служба была вынуждена усыпить его.</p>
<p>Николлс сказал: «Это печальный день, когда теряешь таких лошадей, это тяжело для всей команды. Это сильнейший удар для всех — для владельцев, для бедной девушки, которая за ним ухаживает, — такое невыносимо видеть. Сегодня он как раз показывал свой класс: хорошо прыгал и отлично шёл по дистанции, и теперь, к сожалению, он уже никогда не сможет раскрыть тот потенциал, который, как мы думали, у него был.</p>
<p>«Я могу говорить сколько угодно, но для всей команды это просто трагедия. Гарри был чрезвычайно расстроен и не поедет в последнем заезде, потому что очень тяжело это переживает. Это крупная, смелая лошадь, которая идёт на препятствия в атакующем стиле, а такие лошади, когда так прыгают, могут в итоге получить тяжёлое падение.</p>
<p>«Сегодня он был полон желания бороться и шёл просто великолепно, и мы уже никогда не узнаем, чем бы всё закончилось; мы всегда очень верили в него. Такое, к сожалению, случается, и нам придётся постараться собраться и двигаться дальше. Эти лошади получают всё самое лучшее, и сейчас мало что можно сказать, чтобы от этого стало легче.</p>
<p>«Когда такое происходит, легче не становится никогда, и это очень тяжёлый удар».</p>
<p>В гандикапе Coral Daily Rewards Shaker Handicap Chase лошадь Peso, которую выставили Джонджо и Эй Джей О’Ниллы, была остановлена на прямом участке из-за травмы, не поддававшейся лечению, и у ветеринаров ипподрома не осталось иного выбора, кроме как усыпить её.</p>
<p>Гарри Дерхэм вывел Wertpol на юношеский барьерный заезд, и лошадь, похоже, проводила великолепную гонку, прежде чем упасть на последнем препятствии и получить травму, несовместимую с жизнью. Дерхэм написал в своём аккаунте в X: «Сегодня в Кемптон-Парке был совершенно ужасный день — мы потеряли Wertpol, которого нам посчастливилось иметь в нашей конюшне лишь короткое время.</p>
<p>«Это печальный день, когда теряешь таких лошадей, это тяжело для всей команды. Это сильнейший удар для всех», — сказал Пол Николлс. Фотография: Alan Crowhurst/Getty Images</p>
<p>«Это был яркий талант, который каждый день с охотой и в хорошем настроении работал, часто резвился и проявлял свой характер. Он любил своё дело, и мне очень жаль участников синдиката Heart Of The South — это замечательная группа людей. Скачки порой бывают очень болезненным спортом, и сегодня был тяжёлый день для многих, кто связан с этими лошадьми. День, который хочется забыть».</p>
<p>Представитель Кемптон-Парка заявил: «Все мы в Кемптон-Парке глубоко заботимся о благополучии всех скаковых лошадей, как и тысячи сотрудников индустрии скачек, которые ежедневно обеспечивают им дома уход мирового уровня. Мы выражаем искренние соболезнования всем, кто был связан со всеми тремя лошадьми».</p>",,
best-pair-0125,44771-rus_Cyrl,"Alex, I need you.
Oh.
Honey, she needs to burp.
And you're the only one that can burp her in the morning.
Oh, okay.
Oh, sh.
She's fine, she's fine.
Yeah, now she's fine.
Why hasn't somebody invented a pill for colic yet?
Well, can't your sister come over for a couple of hours, huh?
You really need your sleep.","Алекс, ты мне нужен.
Ой.
Милый, ей нужно отрыгнуть.
И только ты умеешь помочь ей отрыгнуть по утрам.
О, ладно.
Ох, чёрт.
С ней всё хорошо, всё хорошо.
Да, теперь всё хорошо.
Почему до сих пор никто не придумал таблетку от колик?
Ну а твоя сестра не может прийти на пару часов, а?
Тебе правда нужно поспать.","Алекс, ты мне нужен.
О.
Милый, ей нужно срыгнуть.
И только ты умеешь помочь ей срыгнуть по утрам.
О, ладно.
О, чёрт.
С ней всё в порядке, всё в порядке.
Да, теперь с ней всё в порядке.
Почему ещё никто не придумал таблетки от колик?
Ну, разве твоя сестра не может прийти на пару часов, а?
Тебе правда нужно поспать.",,
best-pair-0126,44752-rus_Cyrl,"I feel like this would be so cute in the kitchen.
It's called eat your strawberries.
Also lowkey matching my outfit?
Kind of like that as well.
And the thing on them, though.
But just taking a picture to remember.
Loki attempted to get the strawberry one, though, because I feel like it's the last one left.
I mean, if I come back and it's not here, I guess it just wasn't meant to be.","Мне кажется, на кухне это смотрелось бы очень мило.
Называется «eat your strawberries».
И ещё оно как бы немного подходит к моему наряду?
Мне это тоже вроде нравится.
Хотя вот эта штука на них...
Но я просто сфоткаю на память.
Loki, правда, пытался взять тот, что с клубникой, потому что, мне кажется, это последний.
Ну, если я вернусь, а его тут уже не будет, значит, просто не судьба.","Мне кажется, это бы очень мило смотрелось на кухне.
Называется «eat your strawberries».
И ещё как будто немного подходит к моему наряду?
Мне это тоже вроде как нравится.
Хотя вот эта штука на них...
Но я просто сфоткаю, чтобы не забыть.
Loki, правда, пытался взять тот с клубникой, потому что мне кажется, это последний оставшийся.
Ну, если я вернусь, а его здесь уже не будет, значит, не судьба.",,
best-pair-0127,44641-rus_Cyrl,"<p>@theynege As someone who was aware of dansup (bc of you and some other folks) but hadn't witnessed it happen in real time, this time I witnessed it in real time and it was a piece of work. Polished. Like he's a habitual offender.</p>
<p>@theynege he screenshotted her account and posted it with his ""crazy mask lady"" comments, when called out he IMMEDIATELY deleted the posts and started posting his bona fides as a ""community builder"" and all the folks he's worked with and and and wow, isn't he amazing no acknowledgement at all that he - community builder and dude with marginalized identities and all - targeted a disabled racialized woman online for harassment by doing it.<br>The sniper quality of it was something to behold. He was ready to tell everyone how great he was to cover over basically an attack he knew could bring harm.</p>
<p>@quietmarc @theynege that post was like an ableism hat trick</p>","<p>@theynege Я знал(а) о dansup (благодаря тебе и ещё нескольким людям), но раньше не видел(а), как это происходит в реальном времени. А в этот раз увидел(а) всё вживую — и это было то ещё зрелище. Отточено. Как будто он делает такое постоянно.</p>
<p>@theynege он сделал скрин её аккаунта и выложил его со своими комментариями про «сумасшедшую тётку в маске», а когда его за это призвали к ответу, он СРАЗУ же удалил посты и начал постить свои заслуги как «строителя сообщества» и всех людей, с кем работал, и и и вау, какой же он офигенный — и при этом вообще никак не признал, что он — весь такой строитель сообщества, чувак с маргинализованными идентичностями и всё такое — этим самым натравил онлайн-травлю на расиализованную женщину с инвалидностью.<br>В этом была прямо снайперская точность, глаз не оторвать. Он был готов тут же всем рассказывать, какой он замечательный, лишь бы замазать то, что по сути было атакой, и он прекрасно знал, что это может причинить вред.</p>
<p>@quietmarc @theynege тот пост был просто хет-триком по эйблизму</p>","<p>@theynege Как человек, который знал о dansup (благодаря тебе и ещё нескольким людям), но не видел, как это происходит в реальном времени, в этот раз я увидел(а) это вживую, и это было нечто. Отточено. Как будто он делает такое не в первый раз.</p>
<p>@theynege он сделал скрин её аккаунта и выложил его со своими комментами про «сумасшедшую тётку в маске», а когда его за это призвали к ответу, он СРАЗУ ЖЕ удалил посты и начал постить свои регалии как «строителя сообщества» и всех людей, с кем он работал, и и и вау, какой же он amazing, вообще ни слова не сказал о том, что он — строитель сообщества, чувак с маргинализированными идентичностями и всё такое — натравил онлайн-травлю на расиализованную женщину с инвалидностью.<br>В этом была какая-то снайперская точность, аж жутко. Он был готов мгновенно всем рассказывать, какой он классный, лишь бы замазать по сути атаку, про которую он прекрасно знал, что она может причинить вред.</p>
<p>@quietmarc @theynege тот пост был просто хет-триком эйблизма</p>",,
best-pair-0128,44622-rus_Cyrl,"Look, just.
We'll take Roth as a guide.
It's fine.
What?
No, no.
Bad idea.
He's the same age as these kids.
That is a bad idea.
Stop it!
It's the only idea.
Listen to me.
You know, we've helped a ton of kids out here.
They need us.
So we'll just bring Roth on this one trip, and then I can work all this other stuff out.
All right?
Please.
Could use a little growing up anyway.
Hello?","Слушай, давай просто.
Возьмём Рота проводником.
Всё в порядке.
Что?
Нет, нет.
Плохая идея.
Он ровесник этих детей.
Это плохая идея.
Да перестань!
Другой идеи всё равно нет.
Послушай меня.
Ты же знаешь, мы здесь помогли очень многим детям.
Мы им нужны.
Так что мы просто возьмём Рота в эту одну поездку, а потом я улажу всё остальное.
Хорошо?
Пожалуйста.
Ему всё равно не помешает немного повзрослеть.
Алло?","Слушай, давай просто возьмём Рота проводником.
Всё нормально.
Что?
Нет, нет.
Плохая идея.
Он ровесник этих детей.
Это плохая идея.
Прекрати!
Это единственный вариант.
Послушай меня.
Ты же знаешь, мы тут помогли куче детей.
Мы им нужны.
Так что мы просто возьмём Рота с собой в эту одну поездку, а потом я со всем остальным разберусь.
Ладно?
Пожалуйста.
Ему в любом случае не помешает немного повзрослеть.
Алло?",,
best-pair-0129,44673-rus_Cyrl,"<p>Reading Gloria Steinem's undercover report on being a Playboy Bunny... finished Part I and damn🤔<br>Despite being well aware of Playboy being uh... a CORPORATION lol... had no idea how much their entire infrastructure truly served to perpetuate classism in an extremely creepy way while outwardly presenting themselves as the ""classy"" and thus ""more ethical"" option compared to say, Hustler</p>
<p>I'll post some screenshots later but to give you the gist, Bunnies (who were cocktail waitresses), had to:<br>- accept lower (by $200-150, equivalent to today's $2.5K) wages than advertised<br>- hand over 50% of all their tips<br>- give their last names to ""Number 1 key holders"" (ergo, celebrities/elites) if asked<br>- be subjected to a pelvic exam and blood test but weren't allowed to pick the physician<br>- be spied on by a private eye<br>- go out if their way to hide their husbands/bfs</p>
<p>The central point that unites all of this:<br>Bunnies were STRICTLY NOT ALLOWED TO (penalized by termination) date any other employees or customers... BUT accompanying and dating the ""Number 1 key holders"" was permitted, if not encouraged. See where this is going?</p>
<p>New recruits were given a ""Bunny Bible"" to study all those bizarre rules and instructions from.<br>To mention a few more:<br>- Bunnies' work performance was assessed by a ""merit system"" (YES, that exact wording!) instead of being written up. Unsurprisingly, merit was not only judged by a good work ethic but also very specific requirements on looks and attitude.<br>- there was an incentive system in place that rewarded Bunnies who sold the most liquor and merchandise</p>","<p>Читаю репортаж Глории Стайнем о том, как она под прикрытием работала Bunny в Playboy... дочитала первую часть, и жесть🤔<br>Хотя я и так прекрасно понимала, что Playboy — это, эм... КОРПОРАЦИЯ, лол... я вообще не представляла, насколько вся их система на деле была заточена под то, чтобы воспроизводить классовое неравенство в какой-то дико криповой форме, при этом снаружи они подавали себя как «элегантный» и потому якобы «более этичный» вариант по сравнению, скажем, с Hustler</p>
<p>Позже закину скрины, но если коротко: Bunny (то есть официантки, разносившие коктейли) должны были:<br>- соглашаться на зарплату ниже обещанной (на $150–200 меньше, что сегодня было бы примерно $2.5K)<br>- отдавать 50% всех чаевых<br>- называть свои фамилии «обладателям ключа №1» (то есть селебам/элите), если те просили<br>- проходить гинекологический осмотр и сдавать анализ крови, но не могли сами выбирать врача<br>- терпеть слежку со стороны частного детектива<br>- из кожи вон лезть, чтобы скрывать своих мужей/парней</p>
<p>Главное, что всё это объединяет:<br>Bunny было СТРОГО ЗАПРЕЩЕНО (под угрозой увольнения) встречаться с другими сотрудниками или клиентами... НО сопровождать и встречаться с «обладателями ключа №1» разрешалось, если не сказать что это поощрялось. Понимаете, к чему это всё ведёт?</p>
<p>Новеньким выдавали «Библию Bunny», по которой они должны были учить все эти дикие правила и инструкции.<br>Вот ещё несколько пунктов:<br>- работу Bunny оценивали по «системе заслуг» (ДА, именно так это и называлось!), а не через дисциплинарные замечания. И неудивительно, что «заслуги» определялись не только трудолюбием, но и очень конкретными требованиями к внешности и манере поведения.<br>- там была система поощрений, которая награждала Bunny, продавших больше всего алкоголя и мерча</p>","<p>Читаю репортаж Глории Стайнем под прикрытием о том, каково это — быть «зайкой» Playboy... дочитала часть I, и блин🤔<br>Хотя я и так прекрасно знала, что Playboy — это, эм... КОРПОРАЦИЯ, лол... вообще не представляла, насколько вся их инфраструктура реально была заточена на то, чтобы поддерживать классовое неравенство в жутко криповом виде, при этом снаружи подавая себя как «элегантный» и потому «более этичный» вариант по сравнению, скажем, с Hustler</p>
<p>Потом выложу пару скринов, но если вкратце, то Bunny (то есть официантки с коктейлями) должны были:<br>- соглашаться на зарплату ниже заявленной (на $200–150, что по нынешним меркам равно $2.5K)<br>- отдавать 50% всех своих чаевых<br>- сообщать свои фамилии «обладателям ключа №1» (то есть селебам/элите), если те попросят<br>- проходить осмотр таза и анализ крови, но при этом им не разрешали выбирать врача<br>- терпеть слежку со стороны частного детектива<br>- из кожи вон лезть, чтобы скрывать своих мужей/парней</p>
<p>Главное, что всё это объединяет:<br>Bunny СТРОГО ЗАПРЕЩАЛОСЬ (под угрозой увольнения) встречаться с другими сотрудниками или клиентами... НО сопровождать и встречаться с «обладателями ключа №1» было можно, а то и поощрялось. Видите, к чему это всё ведёт?</p>
<p>Новеньким выдавали «Библию Bunny», по которой они должны были учить все эти дикие правила и инструкции.<br>Вот ещё несколько пунктов:<br>- работу Bunny оценивали по «системе заслуг» (ДА, именно так это и называлось!), а не через выговоры. И неудивительно, что «заслуги» определялись не только трудолюбием, но и очень конкретными требованиями к внешности и поведению.<br>- там была система поощрений, которая награждала Bunny, продавших больше всего алкоголя и мерча</p>",,
best-pair-0130,44777-rus_Cyrl,"<p>And being one of the weirdo, we just frequently get attacks here and there. Either online, offline, or even from your closest people. Those attacks usually stem from homophobia, transphobia, or sometimes just, don't like how weird we are and how weird we act, especially furries that do deeper immersions like roleplaying and therianthropy.</p>
<p>Hence some of us got safety by not needing to tell who we are and where we were from. Some of us got safety by only revealing ourselves to our friends or close friends. Face/body reveal is a culture that most of the furries did at least once in a private post, whether it be ""delete soon"" kind of post or in story.</p>
<p>Despite being so, we're still open for social interactions offline. We do furmeets—a personal meeting between furries, be it in a group or personal, be it in an event or just casually—and sometimes making a con/fur on, such as MWFF, IWAG, PAWAI, FURUM, and so on. It's fun to meet them offline, get to know each other, be able to see them in person as most of us have never seen each other's faces, take a photo to keep personally and censor publicly, laugh together and discuss similar interests, and so on. It's fun, social, and warm.</p>
<p>Although, things don't feel the same today. As people start trying to strip anonymity of people, attack furries, therian, LGBTQIA, and dox them, as how also our community participate and stir the dramas inside, things has been a little more chaotic, less warm, and less feeling like community or family. It's not the same anymore.</p>
<p>Part of me hopes things can return to how it feels in the 2000s and 2010s, but, I'll just let God do the rest. I'm a little hopeless in society and humans. I'm tired of how things get worse and meant to attack and divide small communities into a hopeless being. I don't like how society is now no longer respecting and being in unity.</p>","<p>И когда ты один из «странных», на тебя постоянно сыплются нападки то тут, то там. И в онлайне, и в офлайне, и даже от самых близких людей. Обычно всё это идёт от гомофобии, трансфобии или просто из-за того, что людям не нравится, какие мы странные и как мы себя ведём — особенно когда речь о фурри, которые глубже погружаются в это, например в ролевые игры и териантропию.</p>
<p>Поэтому для многих из нас безопасность была в том, чтобы не рассказывать, кто мы и откуда. Кто-то чувствовал себя в безопасности, открываясь только друзьям или самым близким. Показать лицо или тело — это часть культуры, через которую проходило большинство фурри хотя бы раз: в закрытом посте, в публикации из серии «скоро удалю» или в сторис.</p>
<p>При всём этом мы всё равно открыты к общению офлайн. Мы устраиваем фурмиты — личные встречи фурри, в группе или один на один, на каком-то мероприятии или просто без повода — и иногда делаем коны/фурконы, например MWFF, IWAG, PAWAI, FURUM и так далее. Классно встречаться вживую, узнавать друг друга ближе, наконец видеть человека перед собой, потому что многие из нас вообще никогда не видели лиц друг друга, делать фото для личного архива и замазывать его для публичного поста, вместе смеяться, обсуждать общие интересы и всё такое. Это весело, по-дружески и очень тепло.</p>
<p>Хотя сейчас всё ощущается уже не так. Люди всё чаще пытаются лишить других анонимности, нападать на фурри, терианов, LGBTQIA и доксить их, а ещё и внутри нашего сообщества хватает тех, кто сам раздувает драмы и подливает масла в огонь. Из-за этого всё стало более хаотичным, менее тёплым и уже не таким, как настоящее сообщество или семья. Уже не то.</p>
<p>Часть меня всё ещё надеется, что всё сможет вернуться к тому ощущению, какое было в 2000-х и 2010-х, но остальное я оставлю Богу. Я уже почти потерял(а) надежду на общество и на людей. Я устал(а) от того, как всё становится только хуже и как всё будто специально направлено на то, чтобы нападать на маленькие сообщества и раскалывать их, доводя до полной безнадёги. Мне не нравится, что общество теперь больше не про уважение и единство.</p>","<p>А когда ты один из «странных», на тебя просто регулярно летят нападки то тут, то там. И онлайн, и офлайн, и даже от самых близких людей. Обычно всё это идёт от гомофобии, трансфобии или просто от того, что людям не нравится, какие мы странные и как мы себя ведём — особенно это касается фурри, которые глубже погружаются во всё это, типа ролевок и териантропии.</p>
<p>Поэтому некоторые из нас чувствовали себя в безопасности, когда не нужно было рассказывать, кто мы и откуда. Кто-то сохранял эту безопасность, открываясь только друзьям или самым близким. Показать лицо/тело — это такая часть культуры, которую большинство фурри делали хотя бы раз в закрытом посте, будь то пост из серии «скоро удалю» или сторис.</p>
<p>Несмотря на это, мы всё равно открыты к общению офлайн. Мы устраиваем фурмиты — личные встречи между фурри, в группе или один на один, на мероприятии или просто по-быстрому встретиться — и иногда делаем коны/фуры, например MWFF, IWAG, PAWAI, FURUM и так далее. Очень классно встречаться вживую, узнавать друг друга ближе, наконец видеть человека перед собой, потому что многие из нас вообще ни разу не видели лиц друг друга, делать фото для себя и цензурить его для публики, вместе смеяться и обсуждать общие интересы и всё такое. Это весело, по-социальному и по-тёплому.</p>
<p>Хотя сейчас всё уже ощущается не так. Люди всё чаще пытаются сорвать с других анонимность, нападать на фурри, терианов, LGBTQIA и доксить их, да и внутри нашего сообщества тоже хватает тех, кто подливает масла в огонь и раздувает драмы — из-за этого всё стало более хаотичным, менее тёплым и уже не таким похожим на сообщество или семью. Уже не то.</p>
<p>Часть меня всё ещё надеется, что всё может вернуться к тому ощущению, какое было в 2000-х и 2010-х, но остальное я оставлю Богу. Если честно, у меня уже почти не осталось надежды на общество и людей. Я устал(а) от того, как всё становится только хуже и как всё будто специально направлено на то, чтобы атаковать и раскалывать маленькие сообщества, доводя их до безнадёги. Мне не нравится, что общество теперь больше не умеет ни уважать, ни быть единым.</p>",,
best-pair-0131,44654-rus_Cyrl,"Oh my God.
I'm so sorry.
I didn't see you.
No no no no, I'm sorry, I.
I should have been walking slower.
Uh, anyways, I gotta go.
I hope she's okay.","О боже.
Мне так жаль.
Я вас не заметил.
Нет-нет-нет, это вы меня простите, я...
Мне надо было идти помедленнее.
В общем, мне пора.
Надеюсь, с ней всё в порядке.","О боже.
Мне так жаль.
Я вас не заметил.
Нет-нет-нет, простите, я...
Мне надо было идти помедленнее.
В общем, мне пора.
Надеюсь, с ней всё в порядке.",,
best-pair-0132,44656-rus_Cyrl,"<p>(1/?)<br>@lorry<br>&gt; Bumble is dire at Trust and Safety<br>Care to expand on that or link me?<br>&gt; Whitney (Bumble) [is] a billionaire anyway, so what does she care?<br>I presume she didn't found Bumble by herself, maybe wasn't even part of the original group (as with Melon Husk and Tesla). What about the rest of them? <br>@screwlisp</p>
<p>(2/?)<br>@lorry<br>&gt; I imagine there's still space for going back to the old model<br>There's plenty of new models to be tried that would be a huge improvement over playing hashtag roulette, either on DataFarms or decentralised social networks. One idea I saw was online dating as a group-based social experience. This is a handwave in the right direction. As is @cy's idea about matchmakers in another branch of this thread.</p>
<p>(3/?)<br>Speaking of roulette, what about a Chat Roulette style speed-dating app? <br>The app could;<br>* perform some basic T&amp;S vetting (to minimise unsolicited dick-cam, etc), including confirming what general area you're in (ask me how!)<br>* throw you into a round of realtime speed dating with others in your area (text? Voice? Video? see 4/4).<br>* As with normal speed dating, if you both Favourite each other after talking, you get each others' contacts<br>#OnlineDating #ChatRoulette</p>
<p>@strypey I nearly joined #Chatroulette, but then Covid and the Ukraine war started, so that never went anywhere. I had a different direction I wanted to take them, though.<br>#Bumble #TrustAndSafety ? Well, the industry isn't exactly full of dating site whistleblowers, but safety workers in the industry do talk to me. I know more than I would ever want to know about the inside workings of most dating sites, and sadly. It's not really an amazing revelation that Bumble is as bad as the rest, though.<br>None of the dating sites puts more than a veneer of effort into T&amp;S. They weigh the cost of litigation against the cost of actually doing the work, and so far, litigation costs have always been lower.</p>
<p>@lorry<br>&gt; he industry isn't exactly full of dating site whistleblowers<br>Any particular reason for that?<br>&gt; They weigh the cost of litigation against the cost of actually doing the work, and so far, litigation costs have always been lower<br>Huh. The Fight Club principle at work. Sad. We deserve better from our digital matchmaking tools.</p>","<p>(1/?)<br>@lorry<br>&gt; У Bumble с доверием и безопасностью всё ужасно<br>Можешь подробнее рассказать об этом или кинуть ссылку?<br>&gt; Уитни (Bumble) и так миллиардерша, ей-то какое дело?<br>Полагаю, Bumble она основала не в одиночку, а может, её вообще не было в изначальной группе (как с Melon Husk и Tesla). А остальные что? <br>@screwlisp</p>
<p>(2/?)<br>@lorry<br>&gt; Думаю, всё ещё есть пространство для возврата к старой модели<br>Есть куча новых моделей, которые стоило бы попробовать, и это было бы огромным шагом вперёд по сравнению с игрой в рулетку с хэштегами — хоть на DataFarms, хоть в децентрализованных соцсетях. Одна идея, которую я видел, — онлайн-дейтинг как групповое социальное взаимодействие. Это такой общий набросок в правильную сторону. Как и идея @cy о свахах в другой ветке этого треда.</p>
<p>(3/?)<br>Кстати о рулетке: как насчёт приложения для быстрых свиданий в стиле Chat Roulette? <br>Приложение могло бы;<br>* проводить базовую проверку по части доверия и безопасности (чтобы свести к минимуму непрошеные дик-пики на камеру и т.п.), включая подтверждение того, в каком вы примерно районе (спросите меня как!)<br>* закидывать тебя в раунд быстрых свиданий в реальном времени с другими людьми из твоего района (текст? голос? видео? см. 4/4).<br>* как и на обычных быстрых свиданиях, если вы оба добавите друг друга в избранное после разговора, получите контакты друг друга<br>#ОнлайнЗнакомства #ЧатРулетка</p>
<p>@strypey Я чуть не присоединился к #ЧатРулетка, но потом начались ковид и война в Украине, так что из этого ничего не вышло. Хотя у меня было другое направление, в котором я хотел их развивать.<br>#Bumble #TrustAndSafety ? Ну, индустрия знакомств не то чтобы переполнена информаторами, готовыми сливать информацию о сайтах знакомств, но специалисты по безопасности в этой сфере со мной разговаривают. Я знаю о внутренней кухне большинства сайтов знакомств больше, чем когда-либо хотел бы знать, и, увы. То, что Bumble так же плох, как и остальные, на самом деле не какое-то уж невероятное откровение.<br>Ни один из сайтов знакомств не вкладывает в доверие и безопасность больше, чем для вида. Они сопоставляют стоимость судебных исков со стоимостью реальной работы, и пока что судебные издержки всегда оказывались ниже.</p>
<p>@lorry<br>&gt; Индустрия не то чтобы переполнена информаторами с сайтов знакомств<br>Есть какая-то конкретная причина?<br>&gt; Они сопоставляют стоимость судебных исков со стоимостью реальной работы, и пока что судебные издержки всегда оказывались ниже<br>Хм. Принцип «Бойцовского клуба» в действии. Печально. Мы заслуживаем лучшего от наших цифровых инструментов для знакомств.</p>","<p>(1/?)<br>@lorry<br>&gt; У Bumble с доверием и безопасностью всё очень плохо<br>Можешь раскрыть мысль подробнее или кинуть ссылку?<br>&gt; Уитни (из Bumble) всё равно миллиардерша, ей-то какое дело?<br>Насколько я понимаю, Bumble она основала не одна, а может, её даже не было в изначальной команде (как у Melon Husk с Tesla). А что насчёт остальных? <br>@screwlisp</p>
<p>(2/?)<br>@lorry<br>&gt; Думаю, всё ещё можно вернуться к старой модели<br>Есть полно новых моделей, которые стоило бы попробовать, и это было бы огромным улучшением по сравнению с игрой в рулетку по хэштегам — что на DataFarms, что в децентрализованных соцсетях. Одна идея, которую я видел, — онлайн-знакомства как групповой социальный опыт. Это, конечно, пока просто общий набросок, но в правильную сторону. Как и идея @cy про свах в другой ветке этого треда.</p>
<p>(3/?)<br>Раз уж заговорили о рулетке, как насчёт приложения для быстрых свиданий в стиле Chat Roulette? <br>Приложение могло бы;<br>* проводить базовую проверку по части доверия и безопасности (чтобы свести к минимуму непрошеные дик-камы и т.п.), включая подтверждение того, в каком районе ты примерно находишься (спросите меня как!)<br>* закидывать тебя в раунд быстрых свиданий в реальном времени с другими людьми из твоего района (текст? голос? видео? см. 4/4).<br>* как и в обычных быстрых свиданиях, если после разговора вы оба добавите друг друга в избранное, получите контакты друг друга<br>#ОнлайнЗнакомства #ЧатРулетка</p>
<p>@strypey Я чуть было не вписался в #ЧатРулетка, но потом начались ковид и война в Украине, так что дальше это никуда не пошло. Хотя у меня было другое направление, в котором я хотел это развивать.<br>#Bumble #TrustAndSafety ? Ну, индустрия знакомств не то чтобы кишит инсайдерами, готовыми сливать инфу о сайтах знакомств, но люди, которые занимаются безопасностью в этой сфере, со мной общаются. Я знаю про внутреннюю кухню большинства сайтов знакомств больше, чем мне бы когда-либо хотелось, и это, увы, так. То, что Bumble так же плох, как и все остальные, вообще-то не какое-то шокирующее откровение.<br>Ни один сайт знакомств не вкладывается в доверие и безопасность больше, чем чисто для вида. Они сравнивают стоимость судебных разбирательств со стоимостью реальной работы, и пока что судиться им всегда выходило дешевле.</p>
<p>@lorry<br>&gt; Индустрия не то чтобы кишит инсайдерами с сайтов знакомств<br>На то есть какая-то конкретная причина?<br>&gt; Они сравнивают стоимость судебных разбирательств со стоимостью реальной работы, и пока что судиться им всегда выходило дешевле<br>Хм. Принцип «Бойцовского клуба» в действии. Печально. Мы заслуживаем большего от наших цифровых инструментов для знакомств.</p>",,
best-pair-0133,44704-rus_Cyrl,"We're at the beach.
And this is the river teller.
And the town is called teller as well.
But you don't want to swim in there because there's crocs.
But if we're lucky, we might see some crocs today.
That would be awesome.
Would be awesome.
It's more than one person I've heard doing that noise.
Man, the pigeons really like it.
Here.
Look at this.
Oh my goodness.
Oh, Jesus.
Wow.
So many.
here.
Yeah, we're nearly there.
Beach resort coming soon.","Мы на пляже.
А это река Теллер.
И город тоже называется Теллер.
Но купаться там не стоит, потому что там крокодилы.
Но если нам повезёт, мы, может быть, сегодня увидим крокодилов.
Вот это было бы круто.
Было бы круто.
Я уже не от одного человека слышал такой звук.
Ого, голубям это и правда нравится.
Вот.
Посмотри-ка.
О боже.
О господи.
Ничего себе.
Как много.
Вот.
Да, мы уже почти на месте.
Пляжный курорт уже скоро.","Мы на пляже.
А это река Теллер.
И город тоже называется Теллер.
Но купаться там не стоит, потому что там водятся крокодилы.
Но если нам повезёт, мы, может быть, сегодня увидим крокодилов.
Вот это было бы круто.
Было бы круто.
Я уже не раз слышал, как люди издают такой звук.
Надо же, голубям это очень нравится.
Вот.
Только посмотри.
О боже.
Господи.
Ничего себе.
Как их много.
Вот.
Да, мы уже почти пришли.
Пляжный курорт уже скоро.",,
best-pair-0134,44662-rus_Cyrl,"Welcome back to Sister Circle Live.
Our next guest might be responsible for why a lot of us are here.
His soulful songs like cause I Love You and So Very Hard to Go with the soundtrack to the love stories of our lives growing up.
Please welcome the ultimate soul crooner.
Yes.
Lenny Williams.
Oh.","С возвращением на Sister Circle Live.
Возможно, именно благодаря нашему следующему гостю многие из нас сегодня здесь.
Его проникновенные песни, такие как Cause I Love You и So Very Hard to Go, были саундтреком к любовным историям нашей юности.
Поприветствуйте неподражаемого исполнителя соула.
Да.
Ленни Уильямс.
О!","С возвращением на Sister Circle Live.
Возможно, именно из-за нашего следующего гостя многие из нас сегодня здесь.
Его проникновенные песни, такие как Cause I Love You и So Very Hard to Go, были саундтреком к историям любви нашей жизни, пока мы взрослели.
Поприветствуем непревзойдённого исполнителя соула.
Да.
Ленни Уильямс.
О.",,
best-pair-0135,44709-rus_Cyrl,"Dreyfus.
What does that look?
Libby is dead, which means I don't have a wife.
You don't have lamb chops.
Oh, gosh, she spoiled you rotten.
Dreyfus.
Hey, doctor.
Weston.
Hi, Emily.
Baby.
How are you?
Midterms over?
Uh, but that's a relief.
So it's sunny up there in New York, huh?","Дрейфус.
Что это за взгляд?
Либби мертва, а это значит, что у меня нет жены.
А у тебя нет бараньих отбивных.
О боже, она тебя совсем избаловала.
Дрейфус.
Привет, доктор.
Уэстон.
Привет, Эмили.
Детка.
Как ты?
Промежуточные экзамены уже закончились?
Ну, это, конечно, облегчение.
Ну что, солнечно там у вас, в Нью-Йорке?","Дрейфус.
Что это за взгляд?
Либби умерла, а значит, у меня больше нет жены.
И бараньих отбивных у тебя тоже нет.
О господи, да она тебя совсем избаловала.
Дрейфус.
Привет, доктор.
Уэстон.
Привет, Эмили.
Детка.
Как ты?
Промежуточные уже закончились?
Ну, это хоть облегчение.
Ну что, в Нью-Йорке у вас там солнечно, да?",,
best-pair-0136,44705-rus_Cyrl,"Okay.
And you're going uphill.
I mean, this is really good stuff here.
I know that you're probably feeling it a bit.
I'm struggling to keep you.
But I'm not in my best form.
I think the hill is very challenging.
The hill is always challenging.
Yeah.
Do you regret not knowing about this earlier?
About muscle building?
Absolutely.
Oh, yeah.","Ладно.
И ты идёшь в гору.
В смысле, тут и правда очень классно.
Я знаю, ты, наверное, уже немного это чувствуешь.
Мне трудно за тобой угнаться.
Но я сейчас не в лучшей форме.
Думаю, этот подъём очень непростой.
Этот подъём всегда непростой.
Ага.
Жалеешь, что не узнал об этом раньше?
О наборе мышечной массы?
Однозначно.
О да.","Ладно.
И ты идёшь в гору.
В смысле, тут правда очень круто.
Я знаю, ты, наверное, уже это немного чувствуешь.
Мне тяжело за тобой угнаться.
Но я сейчас не в лучшей форме.
Думаю, этот подъём очень непростой.
Этот подъём всегда непростой.
Ага.
Жалеешь, что не узнал об этом раньше?
О наращивании мышц?
Абсолютно.
О да.",,
best-pair-0137,44790-rus_Cyrl,"<p>Progress after a while off. I got the sewing machine out to do the bill and a crown seam. Half the crown sewn plus the bill, resting atop the paper form made from the pattern. I had to rip and re-sew the machine stitch because I pinned along instead of across the seam and went off track. I might re-do the bill if I want a little more depth.<br>#millinery</p>
<p>Eight crown panels and two bill panels assembled into three pieces and pinned for general shape. Sachi's Studio Newsboy Cap pattern in green velvet. Mostly machine stitched.<br>The pattern calls for topstitching along the seams of the crown panels, which might suggest either matching or contrasting thread.<br>#millinery</p>
<p>Top view before I sew the crown halves together. Reviewing the how-to video. I see Sachi is using a few tiny spring clips during sewing instead of pinning the whole seam.</p>
<p>A bit of a messy join on the eight panels coming together at the peak of the newsboy cap, so I am thinking a larger button may be in order to disguise the seams.</p>
<p>Crown fully pieced, with cloth covered.button at peak. Raw edges loosely tucked under. Seams neither pressed nor topstitched.<br>#millinery</p>","<p>Немного продвинулась после перерыва. Достала швейную машинку, чтобы сделать козырёк и один шов на тулье. Половина тульи уже сшита, и козырёк тоже; всё это лежит на бумажной форме, сделанной по выкройке. Пришлось распороть и заново прострочить машинный шов, потому что я сколола булавками вдоль, а не поперёк шва, и строчка ушла не туда. Может, ещё переделаю козырёк, если захочется чуть большей глубины.<br>#шляпное_дело</p>
<p>Восемь клиньев тульи и две детали козырька собраны в три части и сколоты, чтобы задать общую форму. Кепка газетчика по выкройке Sachi's Studio из зелёного бархата. Почти всё сшито на машинке.<br>По выкройке здесь нужна отделочная строчка вдоль швов клиньев тульи, так что, возможно, стоит взять либо нитки в тон, либо контрастные.<br>#шляпное_дело</p>
<p>Вид сверху перед тем, как сшивать половинки тульи вместе. Пересматриваю видео с инструкцией. Вижу, что Sachi во время шитья использует несколько маленьких пружинных зажимов вместо того, чтобы скалывать булавками весь шов.</p>
<p>В месте, где все восемь клиньев сходятся на макушке кепки газетчика, получилось немного неаккуратно, так что думаю, пуговица побольше поможет замаскировать швы.</p>
<p>Тулья полностью собрана, на макушке — пуговица, обтянутая тканью. Необработанные срезы свободно подогнуты внутрь. Швы не приутюжены и без отделочной строчки.<br>#шляпное_дело</p>","<p>Снова взялась за дело после перерыва. Достала швейную машинку, чтобы сделать козырёк и один из швов тульи. Половина тульи уже сшита, как и козырёк; всё это лежит на бумажной форме, сделанной по выкройке. Пришлось распороть и заново прострочить машинный шов, потому что я сколола булавки вдоль, а не поперёк шва, и строчка ушла в сторону. Может, ещё переделаю козырёк, если захочу чуть больше глубины.<br>#шляпное_дело</p>
<p>Восемь клиньев тульи и две детали козырька собраны в три части и сколоты для общей формы. Кепка газетчика по выкройке Sachi's Studio из зелёного бархата. Почти всё сшито на машинке.<br>По выкройке нужно проложить отделочную строчку вдоль швов клиньев тульи, так что, возможно, сюда подойдут либо нитки в тон, либо контрастные.<br>#шляпное_дело</p>
<p>Вид сверху перед тем, как сшить половинки тульи вместе. Пересматриваю видео-инструкцию. Вижу, что Sachi во время шитья использует несколько крошечных пружинных зажимов вместо того, чтобы скалывать булавками весь шов.</p>
<p>В месте, где все восемь клиньев сходятся на макушке кепки газетчика, получилось немного неряшливо, так что думаю, пуговица побольше поможет спрятать швы.</p>
<p>Тулья полностью собрана, на макушке — пуговица, обтянутая тканью. Необработанные срезы слегка подвернуты внутрь. Швы не приутюжены и без отделочной строчки.<br>#шляпное_дело</p>",,
best-pair-0138,44669-rus_Cyrl,"Seriously, though, this is a day in my life quarantine edition.
Enjoy.
Are you guys fighting over the same toy?
Hey, this is the first toy I ever got.
Luna.
Mr. Quacker.
Oh, this is so cute.
They're actually playing tug of war.
This is the first toy I ever got, Luna.
So I don't think she's gonna give it up to Gus very easily.
It's a royal smackdown.","Серьёзно, это день из моей жизни — карантинная версия.
Наслаждайтесь.
Вы что, дерётесь из-за одной и той же игрушки?
Эй, это первая игрушка, которую я вообще получил.
Луна.
Мистер Квакер.
Ой, это так мило.
Они правда играют в перетягивание.
Луна, это первая игрушка, которую я вообще получил.
Так что не думаю, что она так уж легко отдаст её Гасу.
Это королевская битва.","Но если серьёзно, это один день из моей жизни — карантинная версия.
Приятного просмотра.
Вы что, из-за одной и той же игрушки дерётесь?
Эй, это вообще-то первая игрушка, которую мне когда-либо подарили.
Луна.
Мистер Крякер.
Ой, как мило.
Они и правда играют в перетягивание.
Луна, это вообще-то первая игрушка, которую мне когда-либо подарили.
Так что, думаю, Гасу она её так просто не отдаст.
Прямо королевская битва.",,
best-pair-0139,44701-rus_Cyrl,"It's hurt.
It's a piece of metal.
What are you talking about?
He needs help.
So we should help him.
Look, I don't have the supplies to salvage another robot.
I certainly don't need another one.
Look at it.
You think it's hurt?
I think it needs help.
It's a robot.
It's a chunk of scrap and wires.
I don't know if you're glitched out or something, but we really have to go.
You hear that, thunder?
I hope you can compute what that means.","Оно ранено.
Это кусок металла.
О чём ты говоришь?
Ему нужна помощь.
Значит, мы должны ему помочь.
Слушай, у меня нет всего необходимого, чтобы починить ещё одного робота.
И уж точно ещё один мне не нужен.
Посмотри на него.
Думаешь, оно ранено?
Я думаю, ему нужна помощь.
Это робот.
Это просто куча металлолома и проводов.
Не знаю, у тебя сбой или что, но нам правда пора идти.
Слышишь это, гром?
Надеюсь, ты можешь вычислить, что это значит.","Оно ранено.
Это просто кусок металла.
О чём ты вообще говоришь?
Ему нужна помощь.
Значит, мы должны ему помочь.
Слушай, у меня нет запчастей, чтобы вытаскивать ещё одного робота.
И уж точно мне не нужен ещё один.
Посмотри на него.
Думаешь, оно ранено?
Я думаю, ему нужна помощь.
Это робот.
Это просто груда металлолома и проводов.
Не знаю, у тебя сбой или что-то вроде того, но нам правда надо идти.
Слышишь это, гром?
Надеюсь, ты способен вычислить, что это значит.",,
best-pair-0140,44630-rus_Cyrl,"<p>I just saw Kendall Coyne Schofield in her jersey during warmups... is she playing today??? 🤩<br>#PWHL #hizzackySeason BOS at MIN</p>
<p>#PWHL #hizzackySeason<br>Whatever Heise did to put a Fleet player on her butt at center ice, that Fleet player paid back HARD 10 seconds later. Yeesh. 😬🫣<br>On the one hand, I want the Fleet's goalie's PWHL debut to go well, but on the other hand, I want the Frost to win.<br>Kendall Coyne Schofield was PISSED at the front of the net with that little stick scramble after the Fleet's second goal. I'm glad to have her fury back on the ice. She is ferocious!</p>
<p>#PWHL #hizzackySeason <br>Looks like Klees changed back to his regular first line and Kendall et al needed to get a MFing goal and they got that hot damn MF goal! YES</p>
<p>#PWHL #hizzackySeason <br>YES! THEY TIED THAT SHIT UP!<br>Nooooooo, the Fleet is back up.<br>Roller-coaster of a game, here!</p>
<p>#PWHL #hizzackySeason <br>Wowza, Fleet is *still* gunning for Heise. Yee-ouch. That's two Fleet penalties to that one center-ice unpenalized shove by Heise.</p>
<p>#PWHL #hizzackySeason <br>It is so so good to see Kendall Coyne Schofield parked back at the top of the crease, getting shoved around by women a head taller than her, yet pushing right back, making plays.</p>
<p>#PWHL #hizzackySeason <br>Crowd is not convinced from what we saw that Curl deserved a double minot for roughing.<br>Crowd is not happy about this illegal hit call against Fleet on 71's injury.<br>I don't think we got a single SOG in that last power play.<br>Boston's defense is just too good. They aren't giving us any openings.</p>","<p>Я только что увидела Кендалл Койн Скофилд в джерси на раскатке... она сегодня играет??? 🤩<br>#ЖПХЛ #сезонХизаки BOS at MIN</p>
<p>#ЖПХЛ #сезонХизаки<br>Что бы там ни сделала Хайзе, чтобы уложить игрока Fleet на задницу в центре льда, та из Fleet ОЧЕНЬ жёстко отплатила ей 10 секунд спустя. Ой блин. 😬🫣<br>С одной стороны, хочется, чтобы дебют вратарки Fleet в ЖПХЛ прошёл хорошо, но с другой — хочется, чтобы Frost победили.<br>Кендалл Койн Скофилд была ПРОСТО В ЯРОСТИ на пятаке из-за этой небольшой возни клюшками после второго гола Fleet. Я рада, что её ярость снова вернулась на лёд. Она просто зверь!</p>
<p>#ЖПХЛ #сезонХизаки <br>Похоже, Клиз вернул свою обычную первую тройку, и Кендалл с остальными нужен был чертовски грёбаный гол — и они забили этот офигенный грёбаный гол! ДА</p>
<p>#ЖПХЛ #сезонХизаки <br>ДА! ОНИ СРАВНЯЛИ ЭТУ ХРЕНЬ!<br>Нееееет, Fleet снова впереди.<br>Ну и американские горки, а не матч!</p>
<p>#ЖПХЛ #сезонХизаки <br>Ого, Fleet *всё ещё* охотятся за Хайзе. Ай-йой. Это уже два удаления у Fleet за тот один толчок в центре льда от Хайзе, который вообще не наказали.</p>
<p>#ЖПХЛ #сезонХизаки <br>Как же классно снова видеть Кендалл Койн Скофилд припаркованной на пятаке, где её толкают девушки на голову выше неё, а она всё равно толкается в ответ и делает моменты.</p>
<p>#ЖПХЛ #сезонХизаки <br>Публика, судя по тому, что мы увидели, не уверена, что Кёрл заслужила двойной малый штраф за грубость.<br>Публика совсем не рада этому свистку за неправильную атаку против Fleet после травмы у 71-й.<br>По-моему, у нас не было вообще ни одного броска в створ в большинстве в той последней попытке.<br>Защита Бостона просто слишком хороша. Они вообще не дают нам ни единого шанса.</p>","<p>Я только что увидела Кендалл Койн Скофилд в джерси на раскатке... она сегодня играет??? 🤩<br>#PWHL #сезонhizzacky BOS at MIN</p>
<p>#PWHL #сезонhizzacky<br>Что бы там ни сделала Хайсе, чтобы усадить игрока Fleet на задницу в центре площадки, та из Fleet ОЧЕНЬ жёстко ответила уже через 10 секунд. Жесть. 😬🫣<br>С одной стороны, хочется, чтобы дебют вратарки Fleet в PWHL прошёл хорошо, но с другой — хочу, чтобы победили Frost.<br>Кендалл Койн Скофилд была ПРОСТО В БЕШЕНСТВЕ на пятаке после той небольшой возни клюшками после второго гола Fleet. Я так рада снова видеть её ярость на льду. Она просто зверюга!</p>
<p>#PWHL #сезонhizzacky <br>Похоже, Клиз вернул свою обычную первую тройку, и Кендалл с компанией нужен был грёбаный гол — и они забили этот чертовски охрененный грёбаный гол! ДААА</p>
<p>#PWHL #сезонhizzacky <br>ДА! ОНИ СРАВНЯЛИ ЭТУ ХРЕНЬ!<br>Нееееет, Fleet снова впереди.<br>Ну и американские горки, а не матч!</p>
<p>#PWHL #сезонhizzacky <br>Ого, Fleet *всё ещё* целятся в Хайсе. Аййй. Это уже два удаления у Fleet из-за того одного неназначенного толчка Хайсе в центре площадки.</p>
<p>#PWHL #сезонhizzacky <br>Как же, как же круто снова видеть Кендалл Койн Скофилд припаркованной у вершины пятака: её там пихают девчонки на голову выше неё, а она тут же прёт в ответ и создаёт моменты.</p>
<p>#PWHL #сезонhizzacky <br>Публика, судя по тому, что мы увидели, не уверена, что Кёрл заслужила двойной малый штраф за грубость.<br>Публике совсем не нравится это удаление Fleet за неправильную атаку после травмы у №71.<br>По-моему, в том последнем большинстве у нас не было вообще ни одного броска в створ.<br>Защита Бостона просто слишком хороша. Они вообще не оставляют нам никаких дыр.</p>",,
best-pair-0141,44639-rus_Cyrl,"We just got to the top of this mountain and we're gonna hike down, and apparently it is going to take four hours.
And I'm wearing the perfect shoes for this.
Just.
They're made for this.
Where'd you get it?
I just found a rock.
Can I pet him?
He must be terrified.","Мы только что поднялись на вершину этой горы, а теперь нам идти вниз пешком, и, похоже, это займет четыре часа.
И на мне для этого просто идеальная обувь.
Ну конечно.
Она прямо для этого и создана.
Где ты это взял?
Я просто нашёл камень.
Можно его погладить?
Он, наверное, до смерти напуган.","Мы только что поднялись на вершину этой горы, а теперь будем спускаться пешком, и, похоже, это займет четыре часа.
И на мне для этого просто идеальная обувь.
Ну конечно.
Она прямо для этого и создана.
Где ты это взял?
Я просто нашёл камень.
Можно его погладить?
Он, должно быть, ужасно напуган.",,
best-pair-0142,44640-rus_Cyrl,"<p>#valleylink high vol transmission line #orangecountyVA public hearing #grid upgrade yes. for #ai #datacenters no. #eminentdomain taking of farmland NO</p>
<p>0% none of the #valleylink transmission line is in existing rights of way in #ocva. none of the #power will serve #orangecountyva. 100% headed north to #ai #datacenters in loudon county #va. #fauquier said no to the substation now targeted for #culpepercounty #yeatssubstation</p>
<p>#valleylink claim all #rightsofway fully subscribed for (local) power so must go outside #Row 100%</p>
<p>#valleylink 765kv #transmission lines carry power from ohio wv to swv to central va to #nova. look at that on a map. long way round. #rural counties seemed easier than #nova</p>
<p>#valleylink thunk wrong.</p>","<p>#valleylink ЛЭП высокого напряжения #orangecountyVA общественные слушания #модернизациясети — да. для #ИИ #датацентров — нет. #принудительноеизъятие сельхозземель — НЕТ</p>
<p>0% линии электропередачи #valleylink не проходят по существующим полосам отвода в #ocva. 0% этой #энергии пойдёт в #orangecountyva. 100% уходит на север, к #ИИ #датацентрам в округе Лаудон #va. #fauquier уже сказал нет подстанции, теперь её нацелили на #culpepercounty #yeatssubstation</p>
<p>#valleylink заявляет, что все #полосыотвода уже полностью заняты под (местное) электроснабжение, так что надо на 100% выходить за пределы #Row</p>
<p>#valleylink линии #электропередачи 765 кВ гонят энергию из Огайо и Западной Виргинии в юго-западную Виргинию, потом в центральную Виргинию и дальше в #nova. посмотрите на это на карте. крюк будь здоров. видимо, #сельские округа показались проще, чем #nova</p>
<p>#valleylink думали, прокатит. ошиблись.</p>","<p>#valleylink ЛЭП высокого напряжения #orangecountyVA общественные слушания #модернизациясети — да. для #ИИ #датацентров — нет. #принудительноеизъятие сельхозземель — НЕТ</p>
<p>0% линии электропередачи #valleylink не проходят по существующим полосам отвода в #ocva. ни капли этой #энергии не пойдёт в #orangecountyva. 100% идёт на север — к #ИИ #датацентрам в округе Лаудон #va. в #fauquier уже сказали нет подстанции, теперь целятся в #culpepercounty #yeatssubstation</p>
<p>#valleylink утверждает, что все #полосыотвода уже полностью заняты под (местное) электроснабжение, так что на 100% надо выходить за пределы #Row</p>
<p>#valleylink линии #электропередачи 765 кВ гонят энергию из Огайо и Западной Виргинии в юго-западную Виргинию, потом в центральную Виргинию и дальше в #nova. посмотрите на это на карте. крюк тот ещё. похоже, #сельские округа показались проще, чем #nova</p>
<p>#valleylink просчитались.</p>",,
